Date,Revenue,order_count,quantity_sold,discount_rate,sessions,active_promo_count,has_active_promo,year,month,quarter,day_of_week,is_weekend,day_of_month,is_month_start_3d,days_to_month_end,is_month_end_4d,revenue_lag_1,revenue_lag_7,revenue_lag_14,revenue_lag_28,revenue_lag_365,revenue_roll_mean_7,revenue_roll_mean_28,revenue_roll_mean_90,revenue_roll_std_7,revenue_roll_std_28,revenue_roll_max_28,revenue_roll_min_28,sessions_lag_1,sessions_roll_mean_7,order_count_lag_1,order_count_roll_mean_7,quantity_sold_lag_1,quantity_sold_roll_mean_7,discount_rate_lag_7,log_revenue
2013-07-04,2521315.44,93,483,0.17999998841874384,20224,1,1,2013,7,3,3,0,4,0,27,0,8038680.63,7748199.74,7078652.68,5692902.11,5123547.94,7508508.687142857,6186161.266785714,6533078.600111111,1111577.1405380422,1470545.9299114256,9546012.78,3646959.35,20624.0,24241.428571428572,369.0,374.85714285714283,1866.0,1881.142857142857,0.18000000345886796,14.740291719911284
2013-07-05,2494107.65,108,553,0.17999999318393495,22308,1,1,2013,7,3,4,0,5,0,26,0,2521315.44,6285354.21,5526354.45,3843507.28,2751773.45,6761810.93,6072890.314285713,6526940.811444445,2172761.8498151423,1624080.2030316647,9546012.78,2521315.44,20224.0,23338.428571428572,93.0,334.7142857142857,483.0,1687.5714285714287,0.17999998603101797,14.729441968828143
2013-07-06,2452372.43,94,499,0.1799999929048297,19852,1,1,2013,7,3,5,1,6,0,25,0,2494107.65,9546012.78,5117274.96,3646959.35,3054029.42,6220204.278571428,6024697.470357142,6513950.934666667,2715949.197550788,1710411.3745768252,9546012.78,2494107.65,22308.0,23112.285714285714,108.0,303.2857142857143,553.0,1536.7142857142858,0.18000001043367553,14.712566860527197
2013-07-07,2958215.01,116,568,0.18000000277194184,19573,1,1,2013,7,3,6,1,7,0,24,0,2452372.43,7372318.59,5844565.63,3880132.51,2667930.94,5206827.085714286,5982033.651785715,6508702.469888888,2588606.4966816315,1785181.730379173,9546012.78,2452372.43,19852.0,21813.0,94.0,246.14285714285714,499.0,1246.7142857142858,0.1799999991590163,14.900096945279671
2013-07-08,2571901.18,115,603,0.18000000295501245,18865,1,1,2013,7,3,0,0,8,0,23,0,2958215.01,6359864.53,5243774.5,4476887.83,2360851.9,4576240.86,5949108.026785715,6489672.922444444,2509605.9273474417,1833239.6838872475,9546012.78,2452372.43,19573.0,20779.428571428572,116.0,207.0,568.0,1044.2857142857142,0.1800000085850885,14.760156330956978
2013-07-09,4624825.33,204,1015,0.18000000877870992,22779,1,1,2013,7,3,1,0,9,0,22,0,2571901.18,7209130.33,6728887.1,5003847.86,3548386.46,4035103.238571428,5881072.789285714,6470546.744666668,2468973.678232351,1923049.4350516708,9546012.78,2452372.43,18865.0,20514.85714285714,115.0,176.85714285714286,603.0,889.5714285714286,0.17999999869609792,15.346949377953363
2013-07-10,3855254.64,199,963,0.17999998308801723,22911,1,1,2013,7,3,2,0,10,0,21,0,4624825.33,8038680.63,8817278.13,7209020.15,5234938.62,3665916.81,5867536.270357142,6455135.528555555,2077427.0936879343,1930771.4823198472,9546012.78,2452372.43,22779.0,20603.571428571428,204.0,157.0,1015.0,798.1428571428571,0.17999999957704502,15.16494787665898
2013-07-11,5785320.61,285,1402,0.18000000176308292,22159,1,1,2013,7,3,3,0,11,0,20,0,3855254.64,2521315.44,7748199.74,6845836.24,5582884.78,3068284.5257142857,5747758.930714286,6450807.738333332,847432.8818414244,1948415.436035766,9546012.78,2452372.43,22911.0,20930.285714285714,199.0,132.71428571428572,963.0,669.1428571428571,0.17999998841874384,15.570834510841646
2013-07-12,6053300.71,272,1379,0.18000000366742064,21395,1,1,2013,7,3,4,0,12,0,19,0,5785320.61,2494107.65,6285354.21,4871516.57,5734632.02,3534570.978571429,5709883.3725000005,6467509.502777778,1282575.7576788738,1936550.7967673538,9546012.78,2452372.43,22159.0,21206.714285714286,285.0,160.14285714285714,1402.0,800.4285714285714,0.17999999318393495,15.616114418336723
2013-07-13,4161301.31,190,976,0.1799999962031108,20990,1,1,2013,7,3,5,1,13,0,18,0,6053300.71,2452372.43,9546012.78,5166292.57,5309511.71,4043027.1300000004,5752089.948928571,6476830.713444445,1490064.0568733194,1930470.8713445277,9546012.78,2452372.43,21395.0,21076.285714285714,272.0,183.57142857142858,1379.0,918.4285714285714,0.1799999929048297,15.241338638534325
2013-07-14,4482102.22,229,1136,0.17999999339595607,19989,1,1,2013,7,3,6,1,14,0,17,0,4161301.31,2958215.01,7372318.59,5794009.15,3820831.41,4287159.827142857,5716197.403928571,6472995.261,1315823.338689349,1950999.3491325525,9546012.78,2452372.43,20990.0,21238.85714285714,190.0,197.28571428571428,976.0,986.5714285714286,0.18000000277194184,15.315602962975193
2013-07-15,4387240.36,232,1174,0.18000001030260399,18587,1,1,2013,7,3,0,0,15,0,16,0,4482102.22,2571901.18,6359864.53,5795298.96,3948841.28,4504858.0,5669343.585,6465378.502333334,1178169.9863278181,1964765.8123942935,9546012.78,2452372.43,19989.0,21298.285714285714,229.0,213.42857142857142,1136.0,1067.7142857142858,0.18000000295501245,15.29421119573093
2013-07-16,4411030.39,218,1206,0.17999999995465912,19711,1,1,2013,7,3,1,0,16,0,15,0,4387240.36,4624825.33,7209130.33,6632615.61,3503801.49,4764192.168571429,5619055.7778571425,6448712.041,830184.6646415851,1979387.695987148,9546012.78,2452372.43,18587.0,21258.571428571428,232.0,230.14285714285714,1174.0,1149.2857142857142,0.18000000877870992,15.299619095361914
2013-07-17,4475453.64,258,1360,0.18000003011985174,19882,1,1,2013,7,3,2,0,17,0,14,0,4411030.39,3855254.64,8038680.63,7437341.02,4476729.49,4733650.034285715,5539713.448571429,6407671.939444444,840040.6574307005,1981779.0234103985,9546012.78,2452372.43,19711.0,20820.285714285714,218.0,232.14285714285714,1206.0,1176.5714285714287,0.17999998308801723,15.314118500061342
2013-07-18,6265533.39,324,1671,0.18000000794824592,19517,1,1,2013,7,3,3,0,18,0,13,0,4475453.64,5785320.61,2521315.44,7078652.68,5184141.46,4822249.891428572,5433931.756428571,6384768.728333333,760936.6162104949,1955613.4181840196,9546012.78,2452372.43,19882.0,20387.571428571428,258.0,240.57142857142858,1360.0,1233.2857142857142,0.18000000176308292,15.65057444036022
2013-07-19,6310739.5,287,1457,0.16308973932452767,21059,1,1,2013,7,3,4,0,19,0,12,0,6265533.39,6053300.71,2494107.65,5526354.45,6421487.11,4890851.717142857,5404891.7817857135,6389148.956555555,875287.1698456865,1936226.6196781667,9546012.78,2452372.43,19517.0,20010.14285714286,324.0,246.14285714285714,1671.0,1271.7142857142858,0.18000000366742064,15.657763581039314
2013-07-20,4157746.85,196,958,0.1587142733329231,21432,1,1,2013,7,3,5,1,20,0,11,0,6310739.5,4161301.31,2452372.43,5117274.96,5171470.46,4927628.687142857,5432905.533571429,6392466.998666666,935600.6639617987,1943708.9255394673,9546012.78,2452372.43,21059.0,19962.14285714286,287.0,248.28571428571428,1457.0,1282.857142857143,0.1799999962031108,15.240484103425645
2013-07-21,4847680.2,187,942,0.09998450805397599,22930,1,1,2013,7,3,6,1,21,0,10,0,4157746.85,4482102.22,2958215.01,5844565.63,3442157.02,4927120.907142857,5398636.672499999,6368402.541555556,936086.730646495,1957886.6490929865,9546012.78,2452372.43,21432.0,20025.285714285714,196.0,249.14285714285714,958.0,1280.2857142857142,0.17999999339595607,15.394011045493157
2013-07-22,5926190.4,235,1213,0.0485363497602102,19228,1,1,2013,7,3,0,0,22,0,9,0,4847680.2,4387240.36,2571901.18,5243774.5,3117550.57,4979346.332857142,5363033.621428572,6341239.515333333,917126.57543024,1958541.1404200562,9546012.78,2452372.43,22930.0,20445.428571428572,187.0,243.14285714285714,942.0,1252.5714285714287,0.18000001030260399,15.594892304940338
2013-07-23,4436778.28,195,961,0.0,20992,0,0,2013,7,3,1,0,23,0,8,0,5926190.4,4411030.39,4624825.33,6728887.1,4730517.69,5199196.338571428,5387405.617857143,6309780.81888889,935798.4969590517,1961246.2283958031,9546012.78,2452372.43,19228.0,20537.0,235.0,243.57142857142858,1213.0,1258.142857142857,0.17999999995465912,15.30543928380029
2013-07-24,7329505.1,257,1302,0.0,23873,0,0,2013,7,3,2,0,24,0,7,0,4436778.28,4475453.64,3855254.64,8817278.13,4096496.12,5202874.608571428,5305544.588571429,6255094.293,932227.9752758887,1950988.6205034964,9546012.78,2452372.43,20992.0,20720.0,195.0,240.28571428571428,961.0,1223.142857142857,0.18000003011985174,15.8074186909651
2013-07-25,6342757.31,275,1320,0.0,24318,0,0,2013,7,3,3,0,25,0,6,0,7329505.1,6265533.39,5785320.61,7748199.74,5246688.08,5610596.245714285,5252409.8375,6235118.983,1157875.3124521554,1870400.2281572586,9546012.78,2452372.43,23873.0,21290.14285714286,257.0,240.14285714285714,1302.0,1214.857142857143,0.18000000794824592,15.662824296468987
2013-07-26,6941436.71,252,1385,0.0,20769,0,0,2013,7,3,4,0,26,0,5,0,6342757.31,6310739.5,6053300.71,6285354.21,5851965.06,5621628.234285714,5202215.465000001,6237189.699333334,1165498.2241374315,1819096.8906734094,9546012.78,2452372.43,24318.0,21976.0,275.0,233.14285714285714,1320.0,1164.7142857142858,0.16308973932452767,15.75301947385194
2013-07-27,4353958.13,179,822,0.0,18198,0,0,2013,7,3,5,1,27,0,4,0,6941436.71,4157746.85,4161301.31,9546012.78,5156699.45,5711727.835714286,5225646.982857143,6242980.828444444,1249033.704615615,1837695.7434271956,9546012.78,2452372.43,20769.0,21934.571428571428,252.0,228.14285714285714,1385.0,1154.4285714285713,0.1587142733329231,15.286596133961789
2013-07-28,6017516.42,224,1099,0.0,25026,0,0,2013,7,3,6,1,28,0,3,1,4353958.13,4847680.2,4482102.22,7372318.59,4326956.84,5739758.018571428,5040216.459642857,6190254.326444444,1209937.5330522736,1636549.077591247,8038680.63,2452372.43,18198.0,21472.571428571428,179.0,225.71428571428572,822.0,1135.0,0.09998450805397599,15.610185343525078
2013-07-29,8158241.16,284,1405,0.0,20760,0,0,2013,7,3,0,0,29,0,2,1,6017516.42,5926190.4,4387240.36,6359864.53,4804199.65,5906877.478571428,4991830.667857142,6110882.928666667,1145246.5164855616,1584236.812886604,8038680.63,2452372.43,25026.0,21772.0,224.0,231.0,1099.0,1157.4285714285713,0.0485363497602102,15.914539282165103
2013-07-30,7711378.77,327,1636,0.0019451774380938626,22570,1,1,2013,7,3,1,0,30,0,1,1,8158241.16,4436778.28,4411030.39,7209130.33,6586130.95,6225741.872857143,5056058.404642858,6077191.532,1427473.3753881957,1675575.1100817483,8158241.16,2452372.43,20760.0,21990.85714285714,284.0,238.0,1405.0,1184.857142857143,0.0,15.85820768802381
2013-07-31,10104475.36,530,2589,0.0049235609200396924,21645,1,1,2013,7,3,2,0,31,0,0,1,7711378.77,7329505.1,4475453.64,8038680.63,9151622.14,6693541.942857142,5073995.848928571,6017859.826,1271544.2933557138,1701958.578843762,8158241.16,2452372.43,22570.0,22216.285714285714,327.0,256.85714285714283,1636.0,1281.2857142857142,0.0,16.12848908758602
2013-08-01,10998208.4,561,2842,0.005214485661137317,23532,1,1,2013,8,3,3,0,1,1,30,0,10104475.36,6342757.31,6265533.39,2521315.44,9148357.3,7089966.265714286,5147774.232142857,6005913.271222222,1818007.209027805,1871559.6424893131,10104475.36,2452372.43,21645.0,21898.0,530.0,295.85714285714283,2589.0,1465.142857142857,0.0,16.213243035694063
2013-08-02,7422715.15,450,2212,0.007510728739199967,22089,1,1,2013,8,3,4,0,2,1,29,0,10998208.4,6941436.71,6310739.5,2494107.65,9692427.0,7755030.707142858,5450520.409285715,6037298.363222223,2289496.3656664775,2102351.4665776677,10998208.4,2452372.43,23532.0,21785.714285714286,561.0,336.7142857142857,2842.0,1682.5714285714287,0.0,15.820055606112179
2013-08-03,5599602.67,381,1880,0.00993820513340101,19760,1,1,2013,8,3,5,1,3,1,28,0,7422715.15,4353958.13,4157746.85,2452372.43,9297269.95,7823784.7700000005,5626542.105714286,6083937.691888888,2268118.538922249,2051363.0467860962,10998208.4,2452372.43,22089.0,21974.285714285714,450.0,365.0,2212.0,1800.7142857142858,0.0,15.53820637998655
2013-08-04,5021938.29,317,1655,0.009797014052914617,22135,1,1,2013,8,3,6,1,4,0,27,0,5599602.67,6017516.42,4847680.2,2958215.01,6384195.03,8001733.990000001,5738943.185714285,6102747.599333333,1981236.8976489261,1954956.2841320094,10998208.4,2571901.18,19760.0,22197.428571428572,381.0,393.85714285714283,1880.0,1951.857142857143,0.0,15.429326729817358
2013-08-05,2231563.34,142,655,0.008872703563950823,25518,1,1,2013,8,3,0,0,5,0,26,0,5021938.29,8158241.16,5926190.4,2571901.18,2359224.19,7859508.542857143,5812647.588571429,6110639.953888889,2173793.3193525295,1883845.5675939152,10998208.4,2571901.18,22135.0,21784.428571428572,317.0,407.14285714285717,1655.0,2031.2857142857142,0.0,14.618213395259605
2013-08-06,2493225.51,139,772,0.00886401968508657,21270,1,1,2013,8,3,1,0,6,0,25,0,2231563.34,7711378.77,4436778.28,4624825.33,3630003.7,7012840.282857142,5800492.665714285,6093620.2979999995,3025416.2359348135,1906491.7522640678,10998208.4,2231563.34,25518.0,22464.14285714286,142.0,386.85714285714283,655.0,1924.142857142857,0.0019451774380938626,14.72908821678185
2013-08-07,2638845.23,178,869,0.009454893267840494,21729,1,1,2013,8,3,2,0,7,0,24,0,2493225.51,10104475.36,7329505.1,3855254.64,2240253.44,6267389.817142857,5724364.100714287,6060676.486999999,3439184.673318203,1995650.2547320332,10998208.4,2231563.34,21270.0,22278.428571428572,139.0,360.0,772.0,1800.7142857142858,0.0049235609200396924,14.785852345504358
2013-08-08,3065089.0,227,1037,0.009591891132688154,25048,1,1,2013,8,3,3,0,8,0,23,0,2638845.23,10998208.4,6342757.31,5785320.61,2617553.36,5200871.227142857,5680920.9075,6025379.088777778,3200229.792298576,2050336.4690008427,10998208.4,2231563.34,21729.0,22290.428571428572,178.0,309.7142857142857,869.0,1555.0,0.005214485661137317,14.935587490706007
2013-08-09,2598855.08,178,947,0.009119400378415868,21871,1,1,2013,8,3,4,0,9,0,22,0,3065089.0,7422715.15,6941436.71,6053300.71,4478691.52,4067568.455714286,5583769.778571429,6012232.894888888,1975290.9306811227,2108818.8187076133,10998208.4,2231563.34,25048.0,22507.0,227.0,262.0,1037.0,1297.142857142857,0.007510728739199967,14.770581936946082
2013-08-10,1776113.02,126,613,0.008867678927324119,22931,1,1,2013,8,3,5,1,10,0,21,0,2598855.08,5599602.67,4353958.13,4161301.31,3412496.65,3378445.5885714283,5460396.720357143,5992344.578,1353176.689785799,2180173.4964432474,10998208.4,2231563.34,21871.0,22475.85714285714,178.0,223.14285714285714,947.0,1116.4285714285713,0.00993820513340101,14.389938400923942
2013-08-11,2074476.53,142,681,0.008363555696626753,20544,1,1,2013,8,3,6,1,11,0,20,0,1776113.02,5021938.29,6017516.42,4482102.22,2732604.35,2832232.7814285713,5375211.4242857145,5964322.837333334,1043393.0857059712,2277249.3100462323,10998208.4,1776113.02,22931.0,22928.85714285714,126.0,186.71428571428572,613.0,935.4285714285714,0.009797014052914617,14.54521988717073
2013-08-12,1933036.01,148,737,0.008561661507795708,24576,1,1,2013,8,3,0,0,12,0,19,0,2074476.53,2231563.34,8158241.16,4387240.36,3388181.83,2411166.8157142857,5289224.7924999995,5935556.036333333,422359.1042633544,2356303.7793116407,10998208.4,1776113.02,20544.0,22701.571428571428,142.0,161.71428571428572,681.0,796.2857142857143,0.008872703563950823,14.47460290441173
2013-08-13,2531884.21,174,839,0.008531195824314573,19843,1,1,2013,8,3,1,0,13,0,18,0,1933036.01,2493225.51,7711378.77,4411030.39,3928170.01,2368520.0542857144,5201574.637142858,5894565.587,457154.91772242426,2435416.4473567465,10998208.4,1776113.02,24576.0,22567.0,148.0,162.57142857142858,737.0,808.0,0.00886401968508657,14.744474725515508
2013-08-14,2791478.67,212,1092,0.009475264949812424,23377,1,1,2013,8,3,2,0,14,0,17,0,2531884.21,2638845.23,10104475.36,4475453.64,4033912.16,2374042.725714286,5134462.273571429,5851408.617777778,459141.7011076495,2483426.62892578,10998208.4,1776113.02,19843.0,22363.14285714286,174.0,167.57142857142858,839.0,817.5714285714286,0.009454893267840494,14.842082360883177
2013-08-15,3665019.45,260,1311,0.009004044985354715,24562,1,1,2013,8,3,3,0,15,0,16,0,2791478.67,3065089.0,10998208.4,6265533.39,3780293.26,2395847.5028571426,5074320.310357143,5796561.935777778,477086.79736817454,2520097.0983699425,10998208.4,1776113.02,23377.0,22598.571428571428,212.0,172.42857142857142,1092.0,849.4285714285714,0.009591891132688154,15.114344473096326
2013-08-16,3619170.1,239,1246,0.008758914094698119,21594,1,1,2013,8,3,4,0,16,0,15,0,3665019.45,2598855.08,7422715.15,6310739.5,5249978.18,2481551.8528571427,4981444.8125,5764835.9766666675,642542.7967578052,2522488.7012026766,10998208.4,1776113.02,24562.0,22529.14285714286,260.0,177.14285714285714,1311.0,888.5714285714286,0.009119400378415868,15.10175557968196
2013-08-17,3066137.96,219,1128,0.009278773613957018,25258,1,1,2013,8,3,5,1,17,0,14,0,3619170.1,1776113.02,5599602.67,4157746.85,4089284.05,2627311.1414285717,4885317.333928571,5748091.9661111105,775549.516116623,2521240.611242723,10998208.4,1776113.02,21594.0,22489.571428571428,239.0,185.85714285714286,1246.0,931.2857142857143,0.008867678927324119,14.935929660283128
2013-08-18,2385617.18,158,806,0.007691929851041733,24646,1,1,2013,8,3,6,1,18,0,13,0,3066137.96,2074476.53,5021938.29,4847680.2,3450015.71,2811600.4185714284,4846331.302142858,5721965.243111111,687889.9237011572,2541267.9921981255,10998208.4,1776113.02,25258.0,22822.0,219.0,199.14285714285714,1128.0,1004.8571428571429,0.008363555696626753,14.684968843687919
2013-08-19,2870843.18,185,934,0.008098665981469596,23836,1,1,2013,8,3,0,0,19,0,12,0,2385617.18,1933036.01,2231563.34,5926190.4,3904300.93,2856049.0828571427,4758400.48,5683615.833333333,640759.3917794148,2583464.384966079,10998208.4,1776113.02,24646.0,23408.0,158.0,201.42857142857142,806.0,1022.7142857142857,0.008561661507795708,14.870116683858122
2013-08-20,2730112.88,173,869,0.008003332082005342,23145,1,1,2013,8,3,1,0,20,0,11,0,2870843.18,2531884.21,2493225.51,4436778.28,3541027.32,2990021.5357142864,4649280.936428571,5658219.337666667,497671.41011821665,2596803.757156459,10998208.4,1776113.02,23836.0,23302.285714285714,185.0,206.71428571428572,934.0,1050.857142857143,0.008531195824314573,14.81985388057684
2013-08-21,2707776.73,192,1012,0.009251132016338733,22174,1,1,2013,8,3,2,0,21,0,10,0,2730112.88,2791478.67,2638845.23,7329505.1,4147483.23,3018339.9171428573,4588328.600714286,5611026.438777778,472248.2009335339,2621884.7245849776,10998208.4,1776113.02,23145.0,23774.0,173.0,206.57142857142858,869.0,1055.142857142857,0.009475264949812424,14.811638830620524
2013-08-22,3821233.2,250,1217,0.00990517930180236,20674,1,1,2013,8,3,3,0,22,0,9,0,2707776.73,3665019.45,3065089.0,6342757.31,4597682.81,3006382.4971428574,4423266.873214286,5539258.191111111,479946.66165652865,2588186.1445789915,10998208.4,1776113.02,22174.0,23602.14285714286,192.0,203.71428571428572,1012.0,1043.7142857142858,0.009004044985354715,15.15608401740598
2013-08-23,3454696.96,239,1197,0.008235165147451892,21969,1,1,2013,8,3,4,0,23,0,8,0,3821233.2,3619170.1,2598855.08,6941436.71,5478869.55,3028698.7471428574,4333212.440714286,5507604.891222223,517813.627249367,2562666.6493001995,10998208.4,1776113.02,20674.0,23046.714285714286,250.0,202.28571428571428,1217.0,1030.2857142857142,0.008758914094698119,15.055245590233659
2013-08-24,2837188.07,195,994,0.009498841576617796,22020,1,1,2013,8,3,5,1,24,0,7,0,3454696.96,3066137.96,1776113.02,4353958.13,4637850.57,3005202.584285714,4208686.021071428,5489828.247,489513.2423337064,2515513.304443188,10998208.4,1776113.02,21969.0,23100.285714285714,239.0,202.28571428571428,1197.0,1023.2857142857143,0.009278773613957018,14.858324355912968
2013-08-25,3018860.44,181,976,0.008761584222157682,23027,1,1,2013,8,3,6,1,25,0,6,0,2837188.07,2385617.18,2074476.53,6017516.42,3589566.28,2972495.4571428574,4154515.6617857143,5480801.613888889,492403.416985842,2528566.6607013857,10998208.4,1776113.02,22020.0,22637.714285714286,195.0,198.85714285714286,994.0,1004.1428571428571,0.007691929851041733,14.920390311643672
2013-08-26,3465971.03,216,1125,0.008915250512062128,23617,1,1,2013,8,3,0,0,26,0,5,0,3018860.44,2870843.18,1933036.01,8158241.16,4280204.53,3062958.7800000003,4047420.805357143,5465421.996111111,419365.60428276344,2510174.355619696,10998208.4,1776113.02,23027.0,22406.428571428572,181.0,202.14285714285714,976.0,1028.4285714285713,0.008098665981469596,15.058503679404009
2013-08-27,3008572.56,227,1035,0.008808163829028607,23901,1,1,2013,8,3,1,0,27,0,4,0,3465971.03,2730112.88,2531884.21,7711378.77,3038895.84,3147977.044285714,3879839.729285714,5434221.367444444,433996.69610576116,2378758.1350516113,10998208.4,1776113.02,23617.0,22375.14285714286,216.0,206.57142857142858,1125.0,1055.7142857142858,0.008003332082005342,14.916976624066582
2013-08-28,3749158.5,267,1319,0.00888199311925596,21366,1,1,2013,8,3,2,0,28,0,3,1,3008572.56,2707776.73,2791478.67,10104475.36,9508676.62,3187756.9985714285,3711882.3646428576,5385876.178222222,400804.3642660451,2261331.8042390635,10998208.4,1776113.02,23901.0,22483.14285714286,227.0,214.28571428571428,1035.0,1079.4285714285713,0.009251132016338733,15.137042239491631
2013-08-29,6385124.62,448,2301,0.008778215514296415,23147,1,1,2013,8,3,3,0,29,0,2,1,3749158.5,3821233.2,3665019.45,10998208.4,9260558.32,3336525.8228571424,3484906.7625,5284996.900666667,385946.94724386017,1883273.585228995,10998208.4,1776113.02,21366.0,22367.714285714286,267.0,225.0,1319.0,1123.2857142857142,0.00990517930180236,15.669481721491733
2013-08-30,5499141.72,394,2040,0.010104767767287148,26500,2,1,2013,8,3,4,0,30,0,1,1,6385124.62,3454696.96,3619170.1,7422715.15,10086534.1,3702796.0257142857,3320153.7703571427,5202505.516666667,1225674.4150669468,1318851.4431169564,7422715.15,1776113.02,23147.0,22721.0,448.0,253.28571428571428,2301.0,1278.142857142857,0.008235165147451892,15.520102768962941
2013-08-31,6810100.27,412,2215,0.0323164933370357,23963,2,1,2013,8,3,5,1,31,0,0,1,5499141.72,2837188.07,3066137.96,5599602.67,9104678.52,3994859.5628571426,3251454.7192857144,5117356.003777778,1389356.1799966893,1134440.59350135,6385124.62,1776113.02,26500.0,23368.285714285714,394.0,275.42857142857144,2040.0,1398.5714285714287,0.009498841576617796,15.733917548793393
2013-09-01,6018993.92,382,1964,0.04614788014273322,17091,2,1,2013,9,3,6,1,1,1,29,0,6810100.27,3018860.44,2385617.18,5021938.29,8560208.92,4562418.448571428,3294686.7764285714,5058802.387666667,1628515.6278994991,1244924.8747335626,6810100.27,1776113.02,23963.0,23645.85714285714,412.0,306.42857142857144,2215.0,1573.0,0.008761584222157682,15.610430846535532
2013-09-02,5386759.65,300,1599,0.057215437484759504,15376,2,1,2013,9,3,0,0,2,1,28,0,6018993.92,3465971.03,2870843.18,2231563.34,2587099.44,4991008.945714286,3330295.9060714287,5021102.350666666,1547341.3209077716,1308781.9021391734,6810100.27,1776113.02,17091.0,22797.85714285714,382.0,335.14285714285717,1964.0,1714.142857142857,0.008915250512062128,15.4994547696379
2013-09-03,4126941.12,168,808,0.10000002374640131,15581,1,1,2013,9,3,1,0,3,1,27,0,5386759.65,3008572.56,2730112.88,2493225.51,3865505.01,5265407.32,3442981.488571428,5020985.138444444,1394597.174888004,1345979.700512309,6810100.27,1776113.02,15376.0,21620.571428571428,300.0,347.14285714285717,1599.0,1781.857142857143,0.008808163829028607,15.233047283921081
2013-09-04,5401049.96,196,964,0.10000001184954788,16020,1,1,2013,9,3,2,0,4,0,26,0,4126941.12,3749158.5,2707776.73,2638845.23,3645749.44,5425174.257142857,3501328.4746428574,4990607.162444444,1132367.101577026,1338674.0058980554,6810100.27,1776113.02,15581.0,20432.0,168.0,338.7142857142857,808.0,1749.4285714285713,0.00888199311925596,15.502104114820277
2013-09-05,3168900.6,118,585,0.09999999368866287,16582,1,1,2013,9,3,3,0,5,0,25,0,5401049.96,6385124.62,3821233.2,3065089.0,2398185.51,5661158.7514285715,3599978.6435714285,4987364.360777779,865569.5532540248,1374070.338261353,6810100.27,1776113.02,16020.0,19668.285714285714,196.0,328.57142857142856,964.0,1698.7142857142858,0.008778215514296415,14.968895587386301
2013-09-06,2705040.33,114,567,0.10000001737497201,16237,1,1,2013,9,3,4,0,6,0,24,0,3168900.6,5499141.72,3454696.96,2598855.08,2858227.37,5201698.177142858,3603686.200714286,4979868.731,1204488.8188471834,1372713.0127170223,6810100.27,1776113.02,16582.0,18730.428571428572,118.0,281.42857142857144,585.0,1453.5714285714287,0.010104767767287148,14.81062774925875
2013-09-07,2468479.29,113,524,0.09999998825187631,15613,1,1,2013,9,3,5,1,7,0,23,0,2705040.33,6810100.27,2837188.07,1776113.02,3282753.8,4802540.835714286,3607478.5310714287,4969402.964111111,1512960.7590397939,1369978.1499052409,6810100.27,1776113.02,16237.0,17264.285714285714,114.0,241.42857142857142,567.0,1243.142857142857,0.0323164933370357,14.719113252043142
2013-09-08,3056823.21,130,664,0.10000000294423309,16962,1,1,2013,9,3,6,1,8,0,22,0,2468479.29,6018993.92,3018860.44,2074476.53,3666204.89,4182309.2671428574,3632205.897857143,4953717.928333334,1441008.8813507347,1341654.3516921531,6810100.27,1933036.01,15613.0,16071.42857142857,113.0,198.71428571428572,524.0,1001.5714285714286,0.04614788014273322,14.932887095130573
2013-09-09,3771227.87,144,702,0.10000000609880941,18127,1,1,2013,9,3,0,0,9,0,21,0,3056823.21,5386759.65,3465971.03,1933036.01,4458501.42,3759142.022857143,3667289.707857143,4937939.432555555,1231452.6862691902,1311926.245300414,6810100.27,1933036.01,16962.0,16053.0,130.0,162.71428571428572,664.0,815.8571428571429,0.057215437484759504,15.142911466522907
2013-09-10,5357130.97,220,1050,0.10000001176002611,17160,1,1,2013,9,3,1,0,10,0,20,0,3771227.87,4126941.12,3008572.56,2531884.21,4548962.79,3528351.768571429,3732939.4171428573,4924243.654888889,1006397.2251153936,1267157.1165366408,6810100.27,2385617.18,18127.0,16446.0,144.0,140.42857142857142,702.0,687.7142857142857,0.10000002374640131,15.493939309616595
2013-09-11,4636476.74,168,845,0.1000000250189975,16910,1,1,2013,9,3,2,0,11,0,19,0,5357130.97,5401049.96,3749158.5,2791478.67,4021565.55,3704093.1757142856,3833841.0871428573,4903667.108444444,1214285.8744245504,1280392.6732645372,6810100.27,2385617.18,17160.0,16671.571428571428,220.0,147.85714285714286,1050.0,722.2857142857143,0.10000001184954788,15.34946552817563
2013-09-12,3865949.23,149,698,0.10000000698405448,15632,1,1,2013,9,3,3,0,12,0,18,0,4636476.74,3168900.6,6385124.62,3665019.45,3335978.29,3594868.4299999997,3899733.875357143,4879118.669555555,1060904.2979650537,1272211.231219675,6810100.27,2385617.18,16910.0,16798.714285714286,168.0,143.85714285714286,845.0,705.2857142857143,0.09999999368866287,15.167718064896206
2013-09-13,3034568.95,125,561,0.10000002471520707,17916,1,1,2013,9,3,4,0,13,0,17,0,3865949.23,2705040.33,5499141.72,3619170.1,2609609.29,3694446.805714286,3906909.9389285715,4867945.6991111105,1046878.9180391401,1271404.6899312309,6810100.27,2385617.18,15632.0,16663.0,149.0,148.28571428571428,698.0,721.4285714285714,0.10000001737497201,14.925580275565935
2013-09-14,3664631.38,155,780,0.09999999235939523,16694,1,1,2013,9,3,5,1,14,0,16,0,3034568.95,2468479.29,6810100.27,3066137.96,3729228.43,3741522.322857143,3886031.3264285713,4844259.8811111115,1001393.5035976658,1281068.2150833807,6810100.27,2385617.18,17916.0,16902.85714285714,125.0,149.85714285714286,561.0,720.5714285714286,0.09999998825187631,15.114238582678494
2013-09-15,3078369.62,128,631,0.10000001884114228,15207,1,1,2013,9,3,6,1,15,0,15,0,3664631.38,3056823.21,6018993.92,2385617.18,3605125.64,3912401.192857143,3907406.0914285714,4820600.128111111,836421.9659144998,1271841.2721774285,6810100.27,2385617.18,16694.0,17057.285714285714,155.0,155.85714285714286,780.0,757.1428571428571,0.10000000294423309,14.939910995489061
2013-09-16,3927167.34,164,878,0.09999999898145415,16977,1,1,2013,9,3,0,0,16,0,14,0,3078369.62,3771227.87,5386759.65,2870843.18,4452012.44,3915479.2514285715,3932147.25,4790412.024333334,832780.372111633,1247649.4412919972,6810100.27,2468479.29,15207.0,16806.571428571428,128.0,155.57142857142858,631.0,752.4285714285714,0.10000000609880941,15.183429199970119
2013-09-17,5410121.46,241,1198,0.10000000443612962,19210,1,1,2013,9,3,1,0,17,0,13,0,3927167.34,5357130.97,4126941.12,2730112.88,4811788.67,3937756.318571429,3969873.112857143,4760351.488,830360.6812076032,1230218.2009969177,6810100.27,2468479.29,16977.0,16642.285714285714,164.0,158.42857142857142,878.0,777.5714285714286,0.10000001176002611,15.503782286425997
2013-09-18,4460453.69,186,939,0.0999999890145704,19581,1,1,2013,9,3,2,0,18,0,12,0,5410121.46,4636476.74,5401049.96,2707776.73,5078878.07,3945326.3885714286,4065587.7050000005,4737826.826222221,845559.6501953301,1234437.765768965,6810100.27,2468479.29,19210.0,16935.14285714286,241.0,161.42857142857142,1198.0,798.7142857142857,0.1000000250189975,15.310761267230353
2013-09-19,2995364.48,140,633,0.0999999973292065,15000,1,1,2013,9,3,3,0,19,0,11,0,4460453.69,3865949.23,3168900.6,3821233.2,3680241.62,3920180.238571428,4128183.310714286,4708735.726333333,823920.2791744258,1207172.189386743,6810100.27,2468479.29,19581.0,17316.714285714286,186.0,164.0,939.0,812.1428571428571,0.10000000698405448,14.91257681213671
2013-09-20,3316913.08,150,677,0.10000000663267306,18009,1,1,2013,9,3,4,0,20,0,10,0,2995364.48,3034568.95,2705040.33,3454696.96,3763143.75,3795810.9885714287,4098687.9992857142,4680613.615555556,896022.4114758157,1224908.8800280883,6810100.27,2468479.29,15000.0,17226.428571428572,140.0,162.71428571428572,633.0,802.8571428571429,0.10000002471520707,15.014545414669374
2013-09-21,3799564.88,143,733,0.10000001105389732,16298,1,1,2013,9,3,5,1,21,0,9,0,3316913.08,3664631.38,2468479.29,2837188.07,3943768.14,3836145.8642857145,4093767.1464285715,4660609.594666666,861742.6550654118,1227865.0123295055,6810100.27,2468479.29,18009.0,17239.714285714286,150.0,166.28571428571428,677.0,819.4285714285714,0.09999999235939523,15.150397376065225
2013-09-22,3243304.2,137,653,0.10000000616655076,17457,1,1,2013,9,3,6,1,22,0,8,0,3799564.88,3078369.62,3056823.21,3018860.44,3872374.03,3855422.0785714285,4128137.7467857143,4637887.3641111115,858770.6682991982,1204637.700554164,6810100.27,2468479.29,16298.0,17183.14285714286,143.0,164.57142857142858,733.0,812.7142857142857,0.10000001884114228,14.992103491252962
2013-09-23,4426354.9,182,935,0.10000000451839051,13116,1,1,2013,9,3,0,0,23,0,7,0,3243304.2,3927167.34,3771227.87,3465971.03,4118299.54,3878984.161428571,4136153.595357143,4615659.916333334,835854.2472665539,1197709.8343038172,6810100.27,2468479.29,17457.0,17504.571428571428,137.0,165.85714285714286,653.0,815.8571428571429,0.09999999898145415,15.303087207566831
2013-09-24,4673257.46,226,1090,0.10000001797461422,18830,1,1,2013,9,3,1,0,24,0,6,0,4426354.9,5410121.46,5357130.97,3008572.56,5733263.53,3950296.6699999995,4170453.0192857147,4590076.225222222,861549.8365965218,1191542.268361635,6810100.27,2468479.29,13116.0,16953.0,182.0,168.42857142857142,935.0,824.0,0.10000000443612962,15.35736712937626
2013-09-25,4851490.55,200,1078,0.10000000515305549,16433,1,1,2013,9,3,2,0,25,0,5,0,4673257.46,4460453.69,4636476.74,3749158.5,5639897.53,3845030.384285714,4229906.051428571,4544031.551111111,679169.3058017356,1172805.214573938,6810100.27,2468479.29,18830.0,16898.714285714286,226.0,166.28571428571428,1090.0,808.5714285714286,0.0999999890145704,15.394796751716612
2013-09-26,4120039.5,163,813,0.10000000970864478,16255,1,1,2013,9,3,3,0,26,0,4,0,4851490.55,2995364.48,3865949.23,6385124.62,4592282.59,3900892.792857143,4269275.0532142855,4511845.893444444,750555.0873378968,1174570.0126425147,6810100.27,2468479.29,16433.0,16449.0,200.0,168.28571428571428,1078.0,828.4285714285714,0.0999999973292065,15.231373551374482
2013-09-27,4676571.41,217,1121,0.09999999978616814,15631,1,1,2013,9,3,4,0,27,0,3,1,4120039.5,3316913.08,3034568.95,5499141.72,7556892.66,4061560.652857143,4188379.1560714287,4487786.8411111105,636047.9882288212,1099019.9853668034,6810100.27,2468479.29,16255.0,16628.285714285714,163.0,171.57142857142858,813.0,854.1428571428571,0.10000000663267306,15.358076008538859
2013-09-28,7035889.97,343,1841,0.10000001321794405,19359,1,1,2013,9,3,5,1,28,0,2,1,4676571.41,3799564.88,3664631.38,6810100.27,4892631.14,4255797.5571428565,4159001.645,4433681.937,575468.6001734436,1073379.5913388203,6810100.27,2468479.29,15631.0,16288.57142857143,217.0,181.14285714285714,1121.0,917.5714285714286,0.10000001105389732,15.766534888699056
2013-09-29,5087376.98,270,1427,0.10000000629007838,19815,1,1,2013,9,3,6,1,29,0,1,1,7035889.97,3243304.2,3078369.62,6018993.92,5304374.46,4718129.712857143,4167065.562857143,4429943.841222222,1155529.6816896335,1094670.9794410802,7035889.97,2468479.29,19359.0,16725.85714285714,343.0,209.71428571428572,1841.0,1075.857142857143,0.10000000616655076,15.442273124170177
2013-09-30,5768935.23,276,1341,0.09074457402081111,17778,1,1,2013,9,3,0,0,30,0,0,1,5087376.98,4426354.9,3927167.34,5386759.65,4694379.86,4981568.681428572,4133793.529285714,4415805.090666667,956288.4581703336,1049524.7709682982,7035889.97,2468479.29,19815.0,17062.714285714286,270.0,228.71428571428572,1427.0,1186.4285714285713,0.10000000451839051,15.567998259269109
2013-10-01,5389130.81,253,1226,0.0782580744222091,13710,1,1,2013,10,4,1,0,1,1,30,0,5768935.23,4673257.46,5410121.46,4126941.12,4752532.1,5173365.871428572,4147442.6571428576,4399802.922888889,960998.2913145201,1068732.5225784339,7035889.97,2468479.29,17778.0,17728.714285714286,276.0,242.14285714285714,1341.0,1244.4285714285713,0.10000001797461422,15.499894855699832
2013-10-02,5393969.29,221,1176,0.0631510343656406,12941,1,1,2013,10,4,2,0,2,1,29,0,5389130.81,4851490.55,4460453.69,5401049.96,3233135.78,5275633.492857143,4192520.860357143,4370363.480444444,936691.1369499093,1094152.4784158382,7035889.97,2468479.29,13710.0,16997.285714285714,253.0,246.0,1226.0,1263.857142857143,0.10000000515305549,15.500792274694822
2013-10-03,2026611.74,71,334,0.0,13080,0,0,2013,10,4,3,0,3,1,28,0,5393969.29,4120039.5,2995364.48,3168900.6,3515132.03,5353130.455714285,4192267.979285714,4402281.856555555,918005.7540114177,1093863.5976390422,7035889.97,2468479.29,12941.0,16498.428571428572,221.0,249.0,1176.0,1277.857142857143,0.10000000970864478,14.521876356367594
2013-10-04,2912944.43,99,515,0.0,15477,0,0,2013,10,4,4,0,4,0,27,0,2026611.74,4676571.41,3316913.08,2705040.33,2398137.74,5054069.3471428575,4151471.9485714287,4397087.457555556,1526191.2298650343,1153139.0282507818,7035889.97,2026611.74,13080.0,16044.857142857143,71.0,235.85714285714286,334.0,1209.4285714285713,0.09999999978616814,14.884675302501426
2013-10-05,2463961.82,93,475,0.0,13994,0,0,2013,10,4,5,1,5,0,26,0,2912944.43,7035889.97,3799564.88,2468479.29,2665953.06,4802122.635714286,4158897.0949999997,4402204.9242222225,1730757.5037714394,1144114.4394893886,7035889.97,2026611.74,15477.0,16022.857142857143,99.0,219.0,515.0,1122.857142857143,0.10000001321794405,14.717281514235989
2013-10-06,2875234.12,107,544,0.0,14105,0,0,2013,10,4,6,1,6,0,25,0,2463961.82,5087376.98,3243304.2,3056823.21,2205266.94,4148990.042857143,4158735.756785714,4396713.2221111115,1605424.8363294473,1144361.9355851465,7035889.97,2026611.74,13994.0,15256.42857142857,93.0,183.28571428571428,475.0,927.7142857142857,0.10000000629007838,14.87164500973928
2013-10-07,2084519.3,90,438,0.0,12570,0,0,2013,10,4,0,0,7,0,24,0,2875234.12,5768935.23,4426354.9,3771227.87,3389598.07,3832969.6342857145,4152250.432142857,4400083.588111111,1607645.0296110318,1151331.3066363253,7035889.97,2026611.74,14105.0,14440.714285714286,107.0,160.0,544.0,801.5714285714286,0.09074457402081111,14.550049314801983
2013-10-08,2982770.86,116,589,0.0,13093,0,0,2013,10,4,1,0,8,0,23,0,2084519.3,5389130.81,4673257.46,5357130.97,4037039.45,3306624.5014285715,4092010.840357143,4371857.965555556,1464978.762013063,1214403.5146486543,7035889.97,2026611.74,12570.0,13696.714285714286,90.0,133.42857142857142,438.0,672.5714285714286,0.0782580744222091,14.9083635805185
2013-10-09,3524600.98,146,741,0.0,12218,0,0,2013,10,4,2,0,9,0,22,0,2982770.86,5393969.29,4851490.55,4636476.74,4298675.76,2962858.7942857146,4007212.265,4362163.701333334,1141475.7454621855,1205657.8232010542,7035889.97,2026611.74,13093.0,13608.57142857143,116.0,113.85714285714286,589.0,581.5714285714286,0.0631510343656406,15.075278074378122
2013-10-10,4018321.34,144,677,0.0,13055,0,0,2013,10,4,3,0,10,0,21,0,3524600.98,2026611.74,4120039.5,3865949.23,3548716.67,2695806.1785714286,3967502.416428571,4337044.594333333,536009.5783955607,1202470.892760709,7035889.97,2026611.74,12218.0,13505.285714285714,146.0,103.14285714285714,741.0,519.4285714285714,0.0,15.20637504513128
2013-10-11,1938342.36,90,395,0.0,13725,0,0,2013,10,4,4,0,11,0,20,0,4018321.34,2912944.43,4676571.41,3034568.95,3421490.39,2980336.1214285716,3972944.2775,4314433.712444444,640099.1779545065,1202339.0632238367,7035889.97,2026611.74,13055.0,13501.714285714286,144.0,113.57142857142857,677.0,568.4285714285714,0.0,14.477344228082304
2013-10-12,3170838.37,115,581,0.0,13023,0,0,2013,10,4,5,1,12,0,19,0,1938342.36,2463961.82,7035889.97,3664631.38,2380119.87,2841107.2542857146,3933793.327857143,4289734.168555556,753201.8722725762,1250893.8643310522,7035889.97,1938342.36,13725.0,13251.42857142857,90.0,112.28571428571429,395.0,551.2857142857143,0.0,14.969506896292932
2013-10-13,3719451.39,132,676,0.0,13045,0,0,2013,10,4,6,1,13,0,18,0,3170838.37,2875234.12,5087376.98,3078369.62,2798011.44,2942089.618571428,3916157.8632142856,4275164.570222222,741505.2514041942,1258288.0971934428,7035889.97,1938342.36,13023.0,13112.714285714286,115.0,115.42857142857143,581.0,566.4285714285714,0.0,15.12908700842407
2013-10-14,3097590.81,119,617,0.0,14459,0,0,2013,10,4,0,0,14,0,17,0,3719451.39,2084519.3,5768935.23,3927167.34,3055629.78,3062692.0857142853,3939053.6407142854,4267744.692777778,795506.8832284135,1248271.8051906487,7035889.97,1938342.36,13045.0,12961.285714285714,132.0,119.0,676.0,585.2857142857143,0.0,14.946135532078461
2013-10-15,4062456.23,155,824,0.0,13895,0,0,2013,10,4,1,0,15,0,16,0,3097590.81,2982770.86,5389130.81,5410121.46,3234517.3,3207416.5871428573,3909425.9075,4253150.9196666675,670169.9859775867,1258368.5415138127,7035889.97,1938342.36,14459.0,13231.142857142857,119.0,123.14285714285714,617.0,610.8571428571429,0.0,15.21729857756471
2013-10-16,4801027.51,190,1008,0.0,12929,0,0,2013,10,4,2,0,16,0,15,0,4062456.23,3524600.98,5393969.29,4460453.69,3549298.21,3361657.354285714,3861295.006428571,4248562.059555555,731307.3281258253,1224151.0168545358,7035889.97,1938342.36,13895.0,13345.714285714286,155.0,128.71428571428572,824.0,644.4285714285714,0.0,15.384340725841623
2013-10-17,3348412.32,149,779,0.0,12216,0,0,2013,10,4,3,0,17,0,14,0,4801027.51,4018321.34,2026611.74,2995364.48,3818048.0,3544004.001428571,3873458.3571428573,4232289.772,914817.4837049516,1231991.7291258967,7035889.97,1938342.36,12929.0,13447.285714285714,190.0,135.0,1008.0,682.5714285714286,0.0,15.023997155779478
2013-10-18,3238854.55,139,719,0.0,12323,0,0,2013,10,4,4,0,18,0,13,0,3348412.32,1938342.36,2912944.43,3316913.08,2909728.89,3448302.7128571426,3886067.208571428,4199375.025555556,891675.7802669933,1224455.5965425277,7035889.97,1938342.36,12216.0,13327.42857142857,149.0,135.71428571428572,779.0,697.1428571428571,0.0,14.990730600061116
2013-10-19,3376648.2,138,707,0.0,11963,0,0,2013,10,4,5,1,19,0,12,0,3238854.55,3170838.37,2463961.82,3799564.88,2877379.81,3634090.1685714284,3883279.4039285714,4189165.111111111,618167.129168528,1225887.4473263035,7035889.97,1938342.36,12323.0,13127.142857142857,139.0,142.71428571428572,719.0,743.4285714285714,0.0,15.032394414789183
2013-10-20,2888479.98,143,687,0.0,14009,0,0,2013,10,4,6,1,20,0,11,0,3376648.2,3719451.39,2875234.12,3243304.2,3242557.3,3663491.572857143,3868175.236785714,4172820.311111111,596993.3888231402,1229556.983691231,7035889.97,1938342.36,11963.0,12975.714285714286,138.0,146.0,707.0,761.4285714285714,0.0,14.876241309449219
2013-10-21,3409990.75,130,663,0.0,12745,0,0,2013,10,4,0,0,21,0,10,0,2888479.98,3097590.81,2084519.3,4426354.9,2395609.91,3544781.3714285716,3855502.9432142857,4139067.9731111107,662982.3177955105,1238034.9229615843,7035889.97,1938342.36,14009.0,13113.42857142857,143.0,147.57142857142858,687.0,763.0,0.0,15.042220429901935
2013-10-22,3932052.89,173,782,0.0,14589,0,0,2013,10,4,1,0,22,0,9,0,3409990.75,4062456.23,2982770.86,4673257.46,3596158.34,3589409.9342857143,3819204.223571428,4127659.2227777774,637902.8760049716,1235575.1268907273,7035889.97,1938342.36,12745.0,12868.57142857143,130.0,149.14285714285714,663.0,769.5714285714286,0.0,15.184672465648662
2013-10-23,4895108.72,193,996,0.0,13717,0,0,2013,10,4,2,0,23,0,8,0,3932052.89,4801027.51,3524600.98,4851490.55,3999141.88,3570780.8857142855,3792732.631785714,4089909.7537777782,623527.9440876946,1224490.0097774921,7035889.97,1938342.36,14589.0,12967.714285714286,173.0,151.71428571428572,782.0,763.5714285714286,0.0,15.403747248404429
2013-10-24,4333852.18,170,797,0.0,12783,0,0,2013,10,4,3,0,24,0,7,0,4895108.72,3348412.32,4018321.34,4120039.5,3829179.99,3584221.0585714285,3794290.4235714287,4073824.769444444,654700.385764594,1225913.7624746768,7035889.97,1938342.36,13717.0,13080.285714285714,193.0,152.14285714285714,996.0,761.8571428571429,0.0,15.281967584177906
2013-10-25,3503713.92,126,682,0.0,12510,0,0,2013,10,4,4,0,25,0,6,0,4333852.18,3238854.55,1938342.36,4676571.41,3104460.52,3724998.181428571,3801926.590714286,4044851.6080000005,699929.6678369322,1228680.7838236815,7035889.97,1938342.36,12783.0,13161.285714285714,170.0,155.14285714285714,797.0,764.4285714285714,0.0,15.069334369281153
2013-10-26,2923604.47,116,643,0.0,12422,0,0,2013,10,4,5,1,26,0,5,0,3503713.92,3376648.2,3170838.37,7035889.97,2138927.17,3762835.2342857146,3760038.8232142855,4035404.4501111116,676020.0731123472,1217701.5918849073,7035889.97,1938342.36,12510.0,13188.0,126.0,153.28571428571428,682.0,759.1428571428571,0.0,14.888328162567605
2013-10-27,2949737.88,115,541,0.0,13304,0,0,2013,10,4,6,1,27,0,4,0,2923604.47,2888479.98,3719451.39,5087376.98,2816872.34,3698114.7014285713,3613171.4839285715,4001027.6506666667,738000.1642010817,1043498.119171768,5768935.23,1938342.36,12422.0,13253.57142857143,116.0,150.14285714285714,643.0,750.0,0.0,14.89722720914406
2013-10-28,3235799.73,133,682,0.0,14257,0,0,2013,10,4,0,0,28,0,3,1,2949737.88,3409990.75,3097590.81,5768935.23,6259883.83,3706865.8299999996,3536827.230357143,3943155.3919999995,727081.9375094343,1009283.7689280837,5768935.23,1938342.36,13304.0,13152.857142857143,115.0,146.14285714285714,541.0,729.1428571428571,0.0,14.989786976154436
2013-10-29,5981959.98,274,1335,0.0,15101,0,0,2013,10,4,1,0,29,0,2,1,3235799.73,3932052.89,4062456.23,5389130.81,5424539.1,3681981.3985714284,3446358.105357143,3893426.736,741768.4584902913,910490.1303123104,5393969.29,1938342.36,14257.0,13368.857142857143,133.0,146.57142857142858,682.0,731.8571428571429,0.0,15.604258995248717
2013-10-30,6960811.52,303,1493,0.0,11718,0,0,2013,10,4,2,0,30,0,1,1,5981959.98,4895108.72,4801027.51,5393969.29,6347274.89,3974825.2685714285,3467530.575714286,3847621.009555556,1149520.6011562103,962734.3565855237,5981959.98,1938342.36,15101.0,13442.0,274.0,161.0,1335.0,810.8571428571429,0.0,15.755806766876168
2013-10-31,5649038.29,247,1238,0.0,15782,0,0,2013,10,4,3,0,31,0,0,1,6960811.52,4333852.18,3348412.32,2026611.74,4942677.89,4269925.668571428,3523489.2267857147,3802761.0442222226,1601457.0560940877,1112709.7084849887,6960811.52,1938342.36,11718.0,13156.42857142857,303.0,176.71428571428572,1493.0,881.8571428571429,0.0,15.546996051496524
2013-11-01,4823330.61,213,1138,0.0,13644,0,0,2013,11,4,4,0,1,1,29,0,5649038.29,3503713.92,3238854.55,2912944.43,5536748.35,4457809.398571429,3652861.6035714285,3783053.5235555554,1685168.199656957,1142414.480984646,6960811.52,1938342.36,15782.0,13584.857142857143,247.0,187.71428571428572,1238.0,944.8571428571429,0.0,15.388975452648546
2013-11-02,4871579.51,193,1002,0.0,11668,0,0,2013,11,4,5,1,2,1,28,0,4823330.61,2923604.47,3376648.2,2463961.82,1936831.08,4646326.068571428,3721089.681428571,3774428.2784444443,1633671.1723655285,1153580.114029075,6960811.52,1938342.36,13644.0,13746.857142857143,213.0,200.14285714285714,1138.0,1010.0,0.0,15.398928982448112
2013-11-03,2310551.56,85,412,0.0,11609,0,0,2013,11,4,6,1,3,1,27,0,4871579.51,2949737.88,2888479.98,2875234.12,2911848.61,4924608.217142857,3807076.0275,3772757.625333333,1446499.8976670755,1146111.061837932,6960811.52,1938342.36,11668.0,13639.142857142857,193.0,211.14285714285714,1002.0,1061.2857142857142,0.0,14.652997257356592
2013-11-04,2638652.15,110,585,0.0,10715,0,0,2013,11,4,0,0,4,0,26,0,2310551.56,3235799.73,3409990.75,2084519.3,2658832.75,4833295.885714286,3786908.793214286,3773635.2722222223,1603588.968991891,1167876.727062513,6960811.52,1938342.36,11609.0,13397.0,85.0,206.85714285714286,412.0,1042.857142857143,0.0,14.785779174486729
2013-11-05,3529966.51,124,673,0.0,11604,0,0,2013,11,4,1,0,5,0,25,0,2638652.15,5981959.98,3932052.89,2982770.86,3332448.46,4747989.088571428,3806699.252142857,3775251.1237777774,1714764.8964484648,1142376.8290564218,6960811.52,1938342.36,10715.0,12891.0,110.0,203.57142857142858,585.0,1029.0,0.0,15.076799224901118
2013-11-06,2440647.75,105,540,0.0,10138,0,0,2013,11,4,2,0,6,0,24,0,3529966.51,6960811.52,4895108.72,3524600.98,3439495.01,4397704.3071428565,3826241.953928571,3785152.4713333333,1670554.3363838354,1132396.6629666076,6960811.52,1938342.36,11604.0,12391.42857142857,124.0,182.14285714285714,673.0,934.4285714285714,0.0,14.707774443076797
2013-11-07,2145217.46,88,478,0.0,9896,0,0,2013,11,4,3,0,7,0,23,0,2440647.75,5649038.29,4333852.18,4018321.34,1969815.91,3751966.6257142858,3787529.338571429,3778214.2352222223,1359302.6677677624,1161251.2539305638,6960811.52,1938342.36,10138.0,12165.714285714286,105.0,153.85714285714286,540.0,798.2857142857143,0.0,14.578751951312134
2013-11-08,2200221.02,93,469,0.0,11835,0,0,2013,11,4,4,0,8,0,22,0,2145217.46,4823330.61,3503713.92,1938342.36,2197716.17,3251420.792857143,3720632.771428571,3773173.8172222218,1177225.6596306253,1200744.2130163785,6960811.52,1938342.36,9896.0,11324.857142857143,88.0,131.14285714285714,478.0,689.7142857142857,0.0,14.604068831418465
2013-11-09,2018930.67,91,483,0.0,11950,0,0,2013,11,4,5,1,9,0,21,0,2200221.02,4871579.51,2923604.47,3170838.37,2920310.06,2876690.851428571,3729985.580714286,3777886.1283333334,997189.7435927928,1187292.0237299043,6960811.52,2145217.46,11835.0,11066.42857142857,93.0,114.0,469.0,594.1428571428571,0.0,14.518079053235397
2013-11-10,2722218.97,121,640,0.0,11694,0,0,2013,11,4,6,1,10,0,20,0,2018930.67,2310551.56,2949737.88,3719451.39,3124993.27,2469169.588571429,3688846.02,3777268.952111111,509898.84933887626,1226687.1641857803,6960811.52,2018930.67,11950.0,11106.714285714286,91.0,99.42857142857143,483.0,520.0,0.0,14.816958270831455
2013-11-11,3495969.18,153,815,0.0,12691,0,0,2013,11,4,0,0,11,0,19,0,2722218.97,2638652.15,3235799.73,3097590.81,3484874.3,2527979.2185714287,3653230.5764285713,3786037.6516666664,512289.8466250979,1240168.3287352691,6960811.52,2018930.67,11694.0,11118.857142857143,121.0,104.57142857142857,640.0,552.5714285714286,0.0,15.067121485972901
2013-11-12,5162437.56,224,1166,0.0,10332,0,0,2013,11,4,1,0,12,0,18,0,3495969.18,3529966.51,5981959.98,4062456.23,3806978.06,2650453.0800000005,3667458.3753571426,3796749.706888889,631717.5611344464,1235835.2941704807,6960811.52,2018930.67,12691.0,11401.142857142857,153.0,110.71428571428571,815.0,585.4285714285714,0.0,15.456919614969951
2013-11-13,4681263.25,171,943,0.0,10669,0,0,2013,11,4,2,0,13,0,17,0,5162437.56,2440647.75,6960811.52,4801027.51,3848498.06,2883663.23,3706743.422857143,3823093.6945555555,1121770.6092039838,1265972.415665723,6960811.52,2018930.67,10332.0,11219.42857142857,224.0,125.0,1166.0,655.8571428571429,0.0,15.359078770301778
2013-11-14,3118904.74,122,630,0.0,10545,0,0,2013,11,4,3,0,14,0,16,0,4681263.25,2145217.46,5649038.29,3348412.32,3213518.64,3203751.1585714286,3702466.1278571426,3834385.2923333333,1282453.6989892721,1262335.3608551866,6960811.52,2018930.67,10669.0,11295.285714285714,171.0,134.42857142857142,943.0,713.4285714285714,0.0,14.952992773908518
2013-11-15,3370811.62,128,701,0.0,10155,0,0,2013,11,4,4,0,15,0,15,0,3118904.74,2200221.02,4823330.61,3238854.55,2996358.37,3342849.3414285714,3694269.4285714286,3828826.788333334,1198568.0437311833,1265460.7387867372,6960811.52,2018930.67,10545.0,11388.0,122.0,139.28571428571428,630.0,735.1428571428571,0.0,15.030664406791685
2013-11-16,3365890.12,141,804,0.0,10651,0,0,2013,11,4,5,1,16,0,14,0,3370811.62,2018930.67,4871579.51,3376648.2,2851503.98,3510076.57,3698982.181071428,3832212.0512222224,1089252.0307519925,1263946.7018676691,6960811.52,2018930.67,10155.0,11148.0,128.0,144.28571428571428,701.0,768.2857142857143,0.0,15.029203306210308
2013-11-17,2416530.15,104,604,0.0,12887,0,0,2013,11,4,6,1,17,0,13,0,3365890.12,2722218.97,2310551.56,2888479.98,3258479.4,3702499.3485714286,3698597.963928572,3843103.9727777774,880994.5020892379,1264049.9455634945,6960811.52,2018930.67,10651.0,10962.42857142857,141.0,151.42857142857142,804.0,814.1428571428571,0.0,14.697843660728369
2013-11-18,2109164.6,108,514,0.041175164802216,12188,1,1,2013,11,4,0,0,18,0,12,0,2416530.15,3495969.18,2638652.15,3409990.75,3292697.97,3658829.517142857,3681742.612857143,3838056.050222222,943073.4909585154,1278318.5281380715,6960811.52,2018930.67,12887.0,11132.857142857143,104.0,149.0,604.0,809.0,0.0,14.561802977004218
2013-11-19,3237660.32,178,902,0.05386128338503405,11008,1,1,2013,11,4,1,0,19,0,11,0,2109164.6,5162437.56,3529966.51,3932052.89,4654711.93,3460714.577142857,3635284.5360714286,3831156.6248888886,1113292.1760812802,1311761.2087018471,6960811.52,2018930.67,12188.0,11061.0,108.0,142.57142857142858,514.0,766.0,0.0,14.990361812319957
2013-11-20,3321114.32,155,744,0.10218097822058712,11167,1,1,2013,11,4,2,0,20,0,10,0,3237660.32,4681263.25,2440647.75,4895108.72,3532139.01,3185746.4,3610484.8014285713,3837044.2203333336,822714.6546747175,1312506.5708974437,6960811.52,2018930.67,11008.0,11157.57142857143,178.0,136.0,902.0,728.2857142857143,0.0,15.01581122423658
2013-11-21,2595234.4,119,618,0.14542121513185863,11384,1,1,2013,11,4,3,0,21,0,9,0,3321114.32,3118904.74,2145217.46,4333852.18,3144567.59,2991439.41,3554270.715714286,3831487.3438888886,512936.6105557331,1288944.1626667567,6960811.52,2018930.67,11167.0,11228.714285714286,155.0,133.71428571428572,744.0,699.8571428571429,0.0,14.7691877833774
2013-11-22,2550262.64,106,551,0.20000001646889198,11413,1,1,2013,11,4,4,0,22,0,8,0,2595234.4,3370811.62,2200221.02,3503713.92,2661394.83,2916629.3614285714,3492177.223571428,3821937.759888889,529178.4504803489,1291872.4139604238,6960811.52,2018930.67,11384.0,11348.57142857143,119.0,133.28571428571428,618.0,698.1428571428571,0.0,14.751707300025707
2013-11-23,2054330.57,102,528,0.200000012656191,11180,1,1,2013,11,4,5,1,23,0,7,0,2550262.64,3365890.12,2018930.67,2923604.47,3625609.77,2799408.0785714285,3458125.392142857,3818749.6995555554,501985.43159525644,1304065.299458813,6960811.52,2018930.67,11413.0,11528.285714285714,106.0,130.14285714285714,551.0,676.7142857142857,0.0,14.535461082927695
2013-11-24,2519706.85,142,798,0.20000000396871565,11573,1,1,2013,11,4,6,1,24,0,6,0,2054330.57,2416530.15,2722218.97,2949737.88,2283866.51,2612042.4285714286,3427079.895714286,3808032.701,500072.2654646566,1327400.2785803345,6960811.52,2018930.67,11180.0,11603.857142857143,102.0,124.57142857142857,528.0,637.2857142857143,0.0,14.739653520227227
2013-11-25,2406331.38,138,719,0.20000000166228146,11593,1,1,2013,11,4,0,0,25,0,5,0,2519706.85,2109164.6,3495969.18,3235799.73,2891169.43,2626781.957142857,3411721.644642857,3797518.654555556,494842.3412566364,1335590.2621871175,6960811.52,2018930.67,11573.0,11416.142857142857,142.0,130.0,798.0,665.0,0.041175164802216,14.693614312276354
2013-11-26,3107204.99,198,1075,0.20000000386199174,12310,1,1,2013,11,4,1,0,26,0,4,0,2406331.38,3237660.32,5162437.56,5981959.98,3626699.25,2669234.354285714,3382097.775,3790827.085888889,454105.15349548263,1348770.7079389018,6960811.52,2018930.67,11593.0,11331.142857142857,138.0,134.28571428571428,719.0,694.2857142857143,0.05386128338503405,14.949234484857923
2013-11-27,3123410.59,192,1065,0.20000000384195407,12543,1,1,2013,11,4,2,0,27,0,3,1,3107204.99,3321114.32,4681263.25,6960811.52,4703189.22,2650597.8785714284,3279427.953928571,3783694.2691111113,428864.3752686368,1249282.1255343265,6960811.52,2018930.67,12310.0,11517.142857142857,198.0,137.14285714285714,1075.0,719.0,0.10218097822058712,14.954436420728877
2013-11-28,3580033.44,209,1149,0.20000001173173398,10476,1,1,2013,11,4,3,0,28,0,2,1,3123410.59,2595234.4,3118904.74,5649038.29,3980270.66,2622354.488571428,3142377.9207142857,3747453.0021111113,381209.40276942,1019892.8396912067,5649038.29,2018930.67,12543.0,11713.714285714286,192.0,142.42857142857142,1065.0,764.8571428571429,0.14542121513185863,15.090882978442341
2013-11-29,1768057.43,134,781,0.2000000192301446,11266,1,1,2013,11,4,4,0,29,0,1,1,3580033.44,2550262.64,3370811.62,4823330.61,3116036.61,2763040.0657142857,3068484.8903571432,3726129.5767777776,524371.0686864124,899386.8081594823,5162437.56,2018930.67,10476.0,11584.0,209.0,155.28571428571428,1149.0,840.7142857142857,0.20000001646889198,14.385392570276165
2013-11-30,2685677.46,192,1058,0.20000000297876425,11143,1,1,2013,11,4,5,1,30,0,0,1,1768057.43,2054330.57,3365890.12,4871579.51,3184691.98,2651296.464285714,2959367.9910714286,3670106.8785555554,646413.166546719,863207.9525578213,5162437.56,1768057.43,11266.0,11563.0,134.0,159.28571428571428,781.0,873.5714285714286,0.200000012656191,14.803443939294192
2013-12-01,2391698.09,163,891,0.20000000919848543,12906,1,1,2013,12,4,6,1,1,1,30,0,2685677.46,2519706.85,2416530.15,2310551.56,3064822.76,2741488.8771428573,2881300.060714286,3633070.029,590899.1687641172,778558.9712758955,5162437.56,1768057.43,11143.0,11557.714285714286,192.0,172.14285714285714,1058.0,949.2857142857143,0.20000000396871565,14.687514587644381
2013-12-02,2263746.75,123,639,0.19999996024290262,12341,1,1,2013,12,4,0,0,2,1,29,0,2391698.09,2406331.38,2109164.6,2638652.15,1765509.34,2723201.911428571,2884198.151071429,3599791.567222222,600804.5163608993,776504.0603754105,5162437.56,1768057.43,12906.0,11748.142857142857,163.0,175.14285714285714,891.0,962.5714285714286,0.20000000166228146,14.632532294253258
2013-12-03,1933337.47,127,629,0.19999999275863617,14986,1,1,2013,12,4,1,0,3,1,28,0,2263746.75,3107204.99,3237660.32,3529966.51,2315389.05,2702832.6785714286,2870808.6725000003,3579089.4075555555,615573.4688650271,784090.138447251,5162437.56,1768057.43,12341.0,11855.0,123.0,173.0,639.0,951.1428571428571,0.20000000386199174,14.47475884374156
2013-12-04,2924599.17,161,857,0.1999999952130192,13847,1,1,2013,12,4,2,0,4,0,27,0,1933337.47,3123410.59,3321114.32,2440647.75,2382954.42,2535137.318571429,2813786.2067857147,3540559.268777778,646185.9828806679,792390.8453105578,5162437.56,1768057.43,14986.0,12237.285714285714,127.0,162.85714285714286,629.0,887.4285714285714,0.20000000384195407,14.888668335287521
2013-12-05,2231578.75,121,630,0.1999999686320727,12296,1,1,2013,12,4,3,0,5,0,26,0,2924599.17,3580033.44,2595234.4,2145217.46,2286277.45,2506735.687142857,2831070.186071429,3537844.8084444446,619853.0027346531,789222.0828913044,5162437.56,1768057.43,13847.0,12423.57142857143,161.0,158.42857142857142,857.0,857.7142857142857,0.20000001173173398,14.618220300705492
2013-12-06,1718341.54,103,553,0.2000000244421723,12192,1,1,2013,12,4,4,0,6,0,25,0,2231578.75,1768057.43,2550262.64,2200221.02,2733678.5,2314099.302857143,2834154.5178571427,3532584.1242222222,401930.40606343927,786606.8726927201,5162437.56,1768057.43,12296.0,12683.57142857143,121.0,145.85714285714286,630.0,783.5714285714286,0.2000000192301446,14.35687074465568
2013-12-07,1444180.43,98,515,0.20000000276973703,12562,1,1,2013,12,4,5,1,7,0,24,0,1718341.54,2685677.46,2054330.57,2018930.67,2065198.04,2306997.032857143,2816944.536428571,3524249.2603333336,413461.1624903175,806022.0986187477,5162437.56,1718341.54,12192.0,12815.857142857143,103.0,141.42857142857142,553.0,751.0,0.20000000297876425,14.183053234586678
2013-12-08,1714762.98,106,664,0.20000000816439364,13175,1,1,2013,12,4,6,1,8,0,23,0,1444180.43,2391698.09,2519706.85,2722218.97,2087384.34,2129640.314285714,2796417.742142857,3506331.0072222226,484177.4093303228,833932.9223938197,5162437.56,1444180.43,12562.0,13018.57142857143,98.0,128.0,515.0,673.4285714285714,0.20000000919848543,14.354786008120286
2013-12-09,1959405.6,128,698,0.20000001020717711,14634,1,1,2013,12,4,0,0,9,0,22,0,1714762.98,2263746.75,2406331.38,3495969.18,2430122.78,2032935.2985714283,2760437.1710714283,3483481.3973333337,490671.7311462824,858621.072358363,5162437.56,1444180.43,13175.0,13057.0,106.0,119.85714285714286,664.0,641.0,0.19999996024290262,14.488152230265081
2013-12-10,2256213.74,165,875,0.20000000531864506,14413,1,1,2013,12,4,1,0,10,0,21,0,1959405.6,1933337.47,3107204.99,5162437.56,2542389.69,1989457.9914285715,2705559.900357143,3445728.893222222,480182.8199209163,858973.0251744114,5162437.56,1444180.43,14634.0,13384.57142857143,128.0,120.57142857142857,698.0,649.4285714285714,0.19999999275863617,14.629199073240384
2013-12-11,3016597.65,186,1062,0.19999999337001406,13334,1,1,2013,12,4,2,0,11,0,20,0,2256213.74,2924599.17,3123410.59,4681263.25,3699430.17,2035583.172857143,2601766.1925,3419281.5265555554,489314.08338969375,714546.0137743389,4681263.25,1444180.43,14413.0,13302.714285714286,165.0,126.0,875.0,684.5714285714286,0.1999999952130192,14.919640479792486
2013-12-12,2988571.87,195,1099,0.19999999866156806,13714,1,1,2013,12,4,3,0,12,0,19,0,3016597.65,2231578.75,3580033.44,3118904.74,4386420.92,2048725.8128571429,2542313.8496428574,3409844.2867777776,517590.65091791004,594242.7803082287,3580033.44,1444180.43,13334.0,13229.42857142857,186.0,129.57142857142858,1062.0,713.8571428571429,0.1999999686320727,14.910306530419142
2013-12-13,2131538.29,146,744,0.199999996246842,13337,1,1,2013,12,4,4,0,13,0,18,0,2988571.87,1718341.54,1768057.43,3370811.62,2326824.81,2156867.6871428574,2537659.104285714,3409333.2081111106,629207.6036827022,590054.7216361148,3580033.44,1444180.43,13714.0,13432.0,195.0,140.14285714285714,1099.0,780.8571428571429,0.2000000244421723,14.5723549480459
2013-12-14,2245758.87,157,854,0.20000000712454047,12138,1,1,2013,12,4,5,1,14,0,17,0,2131538.29,1444180.43,2685677.46,3365890.12,2659317.57,2215895.794285714,2493399.3425000003,3392298.840444444,599911.024763166,571430.4523691147,3580033.44,1444180.43,13337.0,13595.57142857143,146.0,146.28571428571428,744.0,808.1428571428571,0.20000000276973703,14.624554494050068
2013-12-15,2154695.59,170,943,0.20000000092820538,12391,1,1,2013,12,4,6,1,15,0,16,0,2245758.87,1714762.98,2391698.09,2416530.15,3385542.75,2330407.0,2453394.6550000003,3383047.609888889,495465.5911315234,546763.5319784234,3580033.44,1444180.43,12138.0,13535.0,157.0,154.71428571428572,854.0,856.5714285714286,0.20000000816439364,14.583160478104169
2013-12-16,2694197.04,182,1010,0.19999998960729315,12596,1,1,2013,12,4,0,0,16,0,15,0,2154695.59,1959405.6,2263746.75,2109164.6,3484853.43,2393254.515714286,2444043.4207142857,3363353.479333333,427614.5422757287,549648.8232643664,3580033.44,1444180.43,12391.0,13423.0,170.0,163.85714285714286,943.0,896.4285714285714,0.20000001020717711,14.80661114475766
2013-12-17,3167410.81,209,1183,0.2000000088400279,13408,1,1,2013,12,4,1,0,17,0,14,0,2694197.04,2256213.74,1933337.47,3237660.32,4281691.85,2498224.7214285717,2464937.4364285716,3333176.5413333336,392074.71508144675,547563.0426215238,3580033.44,1444180.43,12596.0,13131.857142857143,182.0,171.57142857142858,1010.0,941.0,0.20000000531864506,14.968425348643027
2013-12-18,3189533.36,231,1370,0.20000001504922338,13825,1,1,2013,12,4,2,0,18,0,13,0,3167410.81,3016597.65,2924599.17,3321114.32,4394537.67,2628395.7314285715,2462428.5253571426,3318809.398222222,445900.72817682795,544040.9382887869,3580033.44,1444180.43,13408.0,12988.285714285714,209.0,177.85714285714286,1183.0,985.0,0.19999999337001406,14.97538549545453
2013-12-19,3062553.19,233,1253,0.20000001044879814,13925,1,1,2013,12,4,3,0,19,0,12,0,3189533.36,2988571.87,2231578.75,2595234.4,3785472.73,2653100.832857143,2457729.2053571427,3320966.8302222225,474845.07485631725,536870.0944336572,3580033.44,1444180.43,13825.0,13058.42857142857,231.0,184.28571428571428,1370.0,1029.0,0.19999999866156806,14.934759828372448
2013-12-20,2500743.7,175,980,0.2000000119964313,10678,1,1,2013,12,4,4,0,20,0,11,0,3062553.19,2131538.29,1718341.54,2550262.64,3905985.95,2663669.5928571424,2474419.162142857,3318140.6092222226,484285.6587945423,548442.2822348345,3580033.44,1444180.43,13925.0,13088.57142857143,233.0,189.71428571428572,1253.0,1051.0,0.199999996246842,14.73209912548099
2013-12-21,3213344.27,243,1352,0.19999999564316834,11879,1,1,2013,12,4,5,1,21,0,10,0,2500743.7,2245758.87,1444180.43,2054330.57,3966203.09,2716413.2228571433,2472650.6285714284,3303709.2627777774,434185.72935020213,548268.4686292219,3580033.44,1444180.43,10678.0,12708.714285714286,175.0,193.85714285714286,980.0,1084.7142857142858,0.20000000712454047,14.98282309264201
2013-12-22,3476225.97,288,1512,0.19999999021927795,13955,1,1,2013,12,4,6,1,22,0,9,0,3213344.27,2154695.59,1714762.98,2519706.85,3225123.87,2854639.708571429,2514043.9750000006,3303376.374666666,412872.5593749381,559159.8993848428,3580033.44,1444180.43,11879.0,12671.714285714286,243.0,206.14285714285714,1352.0,1155.857142857143,0.20000000092820538,15.061458059553315
2013-12-23,2932660.62,267,1510,0.19999999522617792,13029,1,1,2013,12,4,0,0,23,0,8,0,3476225.97,2694197.04,1959405.6,2406331.38,2151580.15,3043429.762857143,2548205.3721428574,3292819.3865555557,334100.38930498704,587994.0950502722,3580033.44,1444180.43,13955.0,12895.142857142857,288.0,223.0,1512.0,1237.142857142857,0.19999998960729315,14.891420971375565
2013-12-24,2629786.52,222,1326,0.199999998478964,12470,1,1,2013,12,4,1,0,24,0,7,0,2932660.62,3167410.81,2256213.74,3107204.99,3297376.6,3077495.9885714287,2567002.8449999997,3273479.4216666664,303293.3604495376,591692.0011894708,3580033.44,1444180.43,13029.0,12957.0,267.0,235.14285714285714,1510.0,1308.5714285714287,0.2000000088400279,14.782413610015665
2013-12-25,3807864.44,293,1614,0.20000000840366053,13141,1,1,2013,12,4,2,0,25,0,6,0,2629786.52,3189533.36,3016597.65,3123410.59,4917024.98,3000692.5185714285,2549952.185357143,3248793.8213333334,342293.4552554606,582353.7040219386,3580033.44,1444180.43,12470.0,12823.0,222.0,237.0,1326.0,1329.0,0.20000001504922338,15.152579338134604
2013-12-26,3278628.42,255,1467,0.20000002013036902,13040,1,1,2013,12,4,3,0,26,0,5,0,3807864.44,3062553.19,2988571.87,3580033.44,3285221.25,3089025.5300000003,2574396.965714286,3245325.2095555556,459027.1339218942,620436.6730562892,3807864.44,1444180.43,13141.0,12725.285714285714,293.0,245.85714285714286,1614.0,1363.857142857143,0.20000001044879814,15.002936033276512
2013-12-27,1853472.36,159,909,0.1999999881303868,12152,1,1,2013,12,4,4,0,27,0,4,0,3278628.42,2500743.7,2131538.29,1768057.43,4994041.71,3119893.4200000004,2563632.500714286,3229792.509666667,464186.410604476,604759.4477812427,3807864.44,1444180.43,13040.0,12598.857142857143,255.0,249.0,1467.0,1394.4285714285713,0.2000000119964313,14.432571928661433
2013-12-28,3547336.16,286,1665,0.1999999966171799,13571,1,1,2013,12,4,5,1,28,0,3,1,1853472.36,3213344.27,2245758.87,2685677.46,8573663.31,3027426.0857142857,2566683.0339285717,3172210.091777778,639457.9231408045,600800.2346443332,3807864.44,1444180.43,12152.0,12809.42857142857,159.0,246.71428571428572,909.0,1384.2857142857142,0.19999999564316834,15.081707784214357
2013-12-29,6516622.75,529,3017,0.19999998772370242,14050,1,1,2013,12,4,6,1,29,0,2,1,3547336.16,3476225.97,2154695.59,2391698.09,7842913.37,3075139.2128571426,2597456.5589285716,3155098.527111111,667488.2932042995,628547.6939771025,3807864.44,1444180.43,13571.0,13051.142857142857,286.0,252.85714285714286,1665.0,1429.0,0.19999999021927795,15.689866970028104
2013-12-30,5792994.45,473,2751,0.19896708860130186,11723,1,1,2013,12,4,0,0,30,0,1,1,6516622.75,2932660.62,2694197.04,2263746.75,6511908.92,3509481.61,2744775.2967857146,3163406.166222222,1473974.7201228861,969474.8079614438,6516622.75,1444180.43,14050.0,13064.714285714286,529.0,287.2857142857143,3017.0,1644.0,0.19999999522617792,15.572160064647761
2013-12-31,6247467.59,472,2676,0.18050836018822786,14417,1,1,2013,12,4,1,0,31,0,0,1,5792994.45,2629786.52,3167410.81,1933337.47,5573749.22,3918100.728571429,2870819.8575000004,3167893.5399999996,1670754.8294545235,1122038.603606416,6516622.75,1444180.43,11723.0,12878.142857142857,473.0,316.7142857142857,2751.0,1821.2857142857142,0.199999998478964,15.647686914067561
2014-01-01,5743739.48,446,2473,0.16805305904995535,10162,1,1,2014,1,1,2,0,1,1,30,0,6247467.59,3807864.44,3189533.36,2924599.17,5304546.99,4434912.3100000005,3024895.9332142854,3177376.8544444446,1762813.433175187,1274397.161755696,6516622.75,1444180.43,14417.0,13156.285714285714,472.0,352.42857142857144,2676.0,2014.142857142857,0.20000000840366053,15.563621207631007
2014-01-02,3787850.5,282,1726,0.16709410257875806,12776,1,1,2014,1,1,3,0,2,1,29,0,5743739.48,3278628.42,3062553.19,2231578.75,1606940.44,4711465.887142858,3125579.5157142854,3218678.273777778,1799515.377517997,1373675.6456373264,6516622.75,1444180.43,10162.0,12730.714285714286,446.0,374.2857142857143,2473.0,2136.8571428571427,0.20000002013036902,15.147309529774146
2014-01-03,2354832.6,88,513,0.0,10230,0,0,2014,1,1,4,0,3,1,28,0,3787850.5,1853472.36,2500743.7,1718341.54,2281680.01,4784211.898571429,3181160.6496428573,3228399.452333333,1741289.3625323435,1367634.5513496601,6516622.75,1444180.43,12776.0,12693.0,282.0,378.14285714285717,1726.0,2173.8571428571427,0.1999999881303868,14.671980624762151
2014-01-04,2243604.06,109,565,0.0,11496,0,0,2014,1,1,5,1,4,0,27,0,2354832.6,3547336.16,3213344.27,1444180.43,2376895.46,4855834.79,3203892.473214286,3227186.9054444446,1605681.1912578403,1347562.4754133057,6516622.75,1444180.43,10230.0,12418.42857142857,88.0,368.0,513.0,2117.285714285714,0.1999999966171799,14.623594531917751
2014-01-05,2361866.5,105,550,0.0,8870,0,0,2014,1,1,6,1,5,0,26,0,2243604.06,6516622.75,3476225.97,1714762.98,2509462.77,4669587.3471428575,3232443.317142857,3220168.793666667,1841106.3920011008,1317021.162138568,6516622.75,1714762.98,11496.0,12122.0,109.0,342.7142857142857,565.0,1960.142857142857,0.19999998772370242,14.67496317763761
2014-01-06,2639202.87,128,685,0.0,10178,0,0,2014,1,1,0,0,6,0,25,0,2361866.5,5792994.45,2932660.62,1959405.6,2603356.52,4076050.7399999998,3255554.1571428576,3223250.429222222,1815951.1869726097,1294894.5803501424,6516622.75,1853472.36,8870.0,11382.0,105.0,282.14285714285717,550.0,1607.7142857142858,0.19896708860130186,14.785987865248874
2014-01-07,3437125.39,137,762,0.0,10724,0,0,2014,1,1,1,0,7,0,24,0,2639202.87,6247467.59,2629786.52,2256213.74,3048100.39,3625509.0857142853,3279832.631071429,3219433.0071111107,1706936.5299317562,1275926.4853231795,6516622.75,1853472.36,10178.0,11161.285714285714,128.0,232.85714285714286,685.0,1312.5714285714287,0.18050836018822786,15.050146328504699
2014-01-08,2250519.73,89,442,0.0,11340,0,0,2014,1,1,2,0,8,0,23,0,3437125.39,5743739.48,3807864.44,3016597.65,2449700.42,3224031.6285714284,3322008.0471428568,3218461.0561111113,1259254.2026764832,1260259.0361053215,6516622.75,1853472.36,10724.0,10633.714285714286,137.0,185.0,762.0,1039.142857142857,0.16805305904995535,14.626672182959082
2014-01-09,2214274.18,89,449,0.0,12137,0,0,2014,1,1,3,0,9,0,22,0,2250519.73,3787850.5,3278628.42,2988571.87,2049715.7,2725000.235714286,3294648.1214285716,3198818.816,628476.7729016298,1275360.2032426149,6516622.75,1853472.36,11340.0,10802.0,89.0,134.0,442.0,749.0,0.16709410257875806,14.61043567540349
2014-01-10,1886360.71,72,384,0.0,10545,0,0,2014,1,1,4,0,10,0,21,0,2214274.18,2354832.6,1853472.36,2131538.29,2794331.46,2500203.618571429,3266994.6325,3201884.725111111,437293.5914238528,1290546.7065096395,6516622.75,1853472.36,12137.0,10710.714285714286,89.0,106.42857142857143,449.0,566.5714285714286,0.0,14.45016051063727
2014-01-11,2550841.93,95,453,0.0,11306,0,0,2014,1,1,5,1,11,0,20,0,1886360.71,2243604.06,3547336.16,2245758.87,2343077.25,2433279.062857143,3258238.290357143,3187612.7511111116,495256.1998370612,1299337.9184243784,6516622.75,1853472.36,10545.0,10755.714285714286,72.0,104.14285714285714,384.0,548.1428571428571,0.0,14.751934423295744
2014-01-12,2172729.29,79,452,0.0,10212,0,0,2014,1,1,6,1,12,0,19,0,2550841.93,2361866.5,6516622.75,2154695.59,2814596.53,2477170.1871428574,3269134.1139285713,3174628.201555555,489222.44878085656,1291790.3827734177,6516622.75,1853472.36,11306.0,10728.57142857143,95.0,102.14285714285714,453.0,532.1428571428571,0.0,14.591495132805333
2014-01-13,2467719.52,104,570,0.0,11373,0,0,2014,1,1,0,0,13,0,18,0,2172729.29,2639202.87,5792994.45,2694197.04,2919719.62,2450150.5857142857,3269778.174642857,3164351.9624444447,501715.4794472202,1291218.5360437373,6516622.75,1853472.36,10212.0,10920.285714285714,79.0,98.42857142857143,452.0,518.1428571428571,0.0,14.718805416104027
2014-01-14,3356963.59,133,685,0.0,9693,0,0,2014,1,1,1,0,14,0,17,0,2467719.52,3437125.39,6247467.59,3167410.81,3077677.28,2425652.964285714,3261689.6917857146,3146632.665666667,495088.7969126363,1295659.3615923596,6516622.75,1853472.36,11373.0,11091.0,104.0,95.0,570.0,501.7142857142857,0.0,15.02654772779811
2014-01-15,3637788.72,127,687,0.0,10310,0,0,2014,1,1,2,0,15,0,16,0,3356963.59,2250519.73,5743739.48,3189533.36,2536405.93,2414201.2785714283,3268459.4339285716,3130587.5109999995,467978.36966012843,1295643.7164491003,6516622.75,1853472.36,9693.0,10943.714285714286,133.0,94.42857142857143,685.0,490.7142857142857,0.0,15.106886835400108
2014-01-16,2005770.41,83,390,0.0,11632,0,0,2014,1,1,3,0,16,0,15,0,3637788.72,2214274.18,3787850.5,3062553.19,1849789.43,2612382.562857143,3284468.5539285718,3133802.8043333334,646718.170742293,1297400.5335720826,6516622.75,1853472.36,10310.0,10796.57142857143,127.0,99.85714285714286,687.0,525.7142857142857,0.0,14.511539287870287
2014-01-17,2464459.86,89,481,0.0,10035,0,0,2014,1,1,4,0,17,0,14,0,2005770.41,1886360.71,2354832.6,2500743.7,2173214.95,2582596.31,3246726.3117857142,3120101.8694444443,672401.6443177776,1319282.030679847,6516622.75,1853472.36,11632.0,10724.42857142857,83.0,99.0,390.0,517.2857142857143,0.0,14.717483623483908
2014-01-18,1718246.3,87,491,0.0,11008,0,0,2014,1,1,5,1,18,0,13,0,2464459.86,2550841.93,2243604.06,3213344.27,2099249.56,2665181.902857143,3245430.460357143,3109966.443444444,604733.1886551002,1320059.4934804866,6516622.75,1853472.36,10035.0,10651.57142857143,89.0,101.42857142857143,481.0,531.1428571428571,0.0,14.356815317616402
2014-01-19,2453121.94,106,550,0.0,10951,0,0,2014,1,1,6,1,19,0,12,0,1718246.3,2172729.29,2361866.5,3476225.97,2477132.79,2546239.6700000004,3192034.104285714,3096963.847,704603.4345682135,1351274.7060587343,6516622.75,1718246.3,11008.0,10609.0,87.0,100.28571428571429,491.0,536.5714285714286,0.0,14.712872440207335
2014-01-20,3133739.97,123,690,0.0,10678,0,0,2014,1,1,0,0,20,0,11,0,2453121.94,2467719.52,2639202.87,2932660.62,2522776.58,2586295.762857143,3155494.674642857,3086331.9713333333,687595.5053275249,1357125.3998609753,6516622.75,1718246.3,10951.0,10714.57142857143,106.0,104.14285714285714,550.0,550.5714285714286,0.0,14.957738046918777
2014-01-21,3590697.9,152,769,0.0,12658,0,0,2014,1,1,1,0,21,0,10,0,3133739.97,3356963.59,3437125.39,2629786.52,4100379.42,2681441.541428571,3162676.0800000005,3077461.827777778,714025.1249062248,1356434.4149349134,6516622.75,1718246.3,10678.0,10615.285714285714,123.0,106.85714285714286,690.0,567.7142857142857,0.0,15.093857421182573
2014-01-22,3244854.06,126,690,0.0,11638,0,0,2014,1,1,2,0,22,0,9,0,3590697.9,3637788.72,2250519.73,3807864.44,3538734.12,2714832.1571428576,3196994.343571428,3062968.3742222222,755160.4497231124,1354607.2449752754,6516622.75,1718246.3,12658.0,11038.857142857143,152.0,109.57142857142857,769.0,579.7142857142857,0.0,14.992581241483343
2014-01-23,3187811.81,115,607,0.0,8560,0,0,2014,1,1,3,0,23,0,8,0,3244854.06,2005770.41,2214274.18,3278628.42,2836455.88,2658698.6342857145,3176886.8299999996,3050868.395111111,686612.6300936651,1349372.2658340326,6516622.75,1718246.3,11638.0,11228.57142857143,126.0,109.42857142857143,690.0,580.1428571428571,0.0,14.974845600104338
2014-01-24,1812010.8,98,447,0.0,10811,0,0,2014,1,1,4,0,24,0,7,0,3187811.81,2464459.86,1886360.71,1853472.36,2522924.71,2827561.6914285715,3173643.379642857,3047358.3716666666,643255.2351123907,1349227.7937362713,6516622.75,1718246.3,8560.0,10789.714285714286,115.0,114.0,607.0,611.1428571428571,0.0,14.409948277705139
2014-01-25,2221742.74,99,484,0.0,11205,0,0,2014,1,1,5,1,25,0,6,0,1812010.8,1718246.3,2550841.93,3547336.16,2823082.71,2734354.682857143,3172162.6096428568,3035007.3308888893,744015.1917091167,1350752.2270441516,6516622.75,1718246.3,10811.0,10900.57142857143,98.0,115.28571428571429,447.0,606.2857142857143,0.0,14.613802913998013
2014-01-26,2002533.83,85,442,0.0,9240,0,0,2014,1,1,6,1,26,0,5,0,2221742.74,2453121.94,2172729.29,6516622.75,2312290.79,2806282.7457142854,3124819.9875000003,3026918.4960000003,647486.2762543405,1360312.304782797,6516622.75,1718246.3,11205.0,10928.714285714286,99.0,117.0,484.0,605.2857142857143,0.0,14.509924351031817
2014-01-27,2983790.31,127,646,0.0,7973,0,0,2014,1,1,0,0,27,0,4,0,2002533.83,3133739.97,2467719.52,5792994.45,3818881.29,2741913.0157142854,2963602.526071429,3013215.5415555555,708015.5833340919,1201689.9917591724,6247467.59,1718246.3,9240.0,10684.285714285714,85.0,114.0,442.0,589.8571428571429,0.0,14.908705301533052
2014-01-28,5411096.61,222,1167,0.0,11746,0,0,2014,1,1,1,0,28,0,3,1,2983790.31,3590697.9,3356963.59,6247467.59,5008712.77,2720491.6357142855,2863273.8067857143,2979902.5452222223,696357.2517276261,1066366.1662444114,6247467.59,1718246.3,7973.0,10297.857142857143,127.0,114.57142857142857,646.0,583.5714285714286,0.0,15.503962515641618
2014-01-29,4892083.36,219,1201,0.0,12266,0,0,2014,1,1,2,0,29,0,2,1,5411096.61,3244854.06,3637788.72,5743739.48,4833870.43,2980548.5942857144,2833403.414642857,2962683.4906666665,1219164.2879134393,975939.1366662369,5743739.48,1718246.3,11746.0,10167.57142857143,222.0,124.57142857142857,1167.0,640.4285714285714,0.0,15.4031290201213
2014-01-30,3844256.32,168,880,0.0,9689,0,0,2014,1,1,3,0,30,0,1,1,4892083.36,3187811.81,2005770.41,3787850.5,4296295.37,3215867.0657142857,2802987.1246428574,2954272.8803333337,1420953.5334826212,891493.69544406,5411096.61,1718246.3,12266.0,10257.285714285714,219.0,137.85714285714286,1201.0,713.4285714285714,0.0,15.162090987518678
2014-01-31,3732079.59,169,794,0.0,9999,0,0,2014,1,1,4,0,31,0,0,1,3844256.32,1812010.8,2464459.86,2354832.6,3378679.46,3309644.8528571427,2805001.618214286,2943394.277111111,1440322.8636836468,893862.183497851,5411096.61,1718246.3,9689.0,10418.57142857143,168.0,145.42857142857142,880.0,752.4285714285714,0.0,15.132476435035617
2014-02-01,3825094.63,149,764,0.0,15250,0,0,2014,2,1,5,1,1,1,27,0,3732079.59,2221742.74,1718246.3,2243604.06,4073777.92,3583940.394285714,2854189.0107142855,2930733.166888889,1281669.2730207785,905984.1695106932,5411096.61,1718246.3,9999.0,10302.57142857143,169.0,155.57142857142858,794.0,802.0,0.0,15.157094026237436
2014-02-02,2382294.19,109,532,0.0,15769,0,0,2014,2,1,6,1,2,1,26,0,3825094.63,2002533.83,2453121.94,2361866.5,2351969.75,3812990.6642857143,2910670.8167857146,2947561.4232222224,1132208.8650940692,915753.3998430483,5411096.61,1718246.3,15250.0,10880.42857142857,149.0,162.71428571428572,764.0,842.0,0.0,14.68357494649216
2014-02-03,2051412.93,95,492,0.0,15293,0,0,2014,2,1,0,0,3,1,25,0,2382294.19,2983790.31,3133739.97,2639202.87,2743224.75,3867242.1442857147,2911400.3771428573,2944713.0014444445,1036011.3719076633,915308.0151497425,5411096.61,1718246.3,15769.0,11813.142857142857,109.0,166.14285714285714,532.0,854.8571428571429,0.0,14.534039835316939
2014-02-04,2787111.54,116,580,0.0,15527,0,0,2014,2,1,1,0,4,0,24,0,2051412.93,5411096.61,3590697.9,3437125.39,3599084.22,3734045.3757142858,2890407.8792857146,2928284.6283333334,1213292.7864684034,928428.4678447202,5411096.61,1718246.3,15293.0,12858.857142857143,95.0,161.57142857142858,492.0,832.8571428571429,0.0,14.8405166859861
2014-02-05,2599325.56,104,563,0.0,14372,0,0,2014,2,1,2,0,5,0,23,0,2787111.54,4892083.36,3244854.06,2250519.73,3829186.14,3359190.3657142855,2867193.098928571,2932134.2260000003,994404.781039408,922358.5810673735,5411096.61,1718246.3,15527.0,13399.0,116.0,146.42857142857142,580.0,749.0,0.0,14.770762954056817
2014-02-06,2415914.42,84,432,0.0,17900,0,0,2014,2,1,3,0,6,0,22,0,2599325.56,3844256.32,3187811.81,2214274.18,2313071.08,3031653.5371428574,2879650.4499999997,2937179.8715555556,753847.4850019697,916055.2765878222,5411096.61,1718246.3,14372.0,13699.857142857143,104.0,130.0,563.0,657.8571428571429,0.0,14.697588829145893
2014-02-07,3381887.13,121,636,0.0,16078,0,0,2014,2,1,4,0,7,0,21,0,2415914.42,3732079.59,1812010.8,1886360.71,2839296.13,2827604.694285714,2886851.887142857,2939576.464888889,687637.9921678854,911411.5976506259,5411096.61,1718246.3,17900.0,14872.857142857143,84.0,118.0,432.0,593.8571428571429,0.0,15.033944729833252
2014-02-08,2907660.51,99,526,0.0,16853,0,0,2014,2,1,5,1,8,0,20,0,3381887.13,3825094.63,2221742.74,2550841.93,2648161.4,2777577.1999999997,2940263.5449999995,2954720.425555555,620310.5378099649,894268.1356869295,5411096.61,1718246.3,16078.0,15741.285714285714,121.0,111.14285714285714,636.0,571.2857142857143,0.0,14.882859711273245
2014-02-09,2947940.87,119,584,0.0,16200,0,0,2014,2,1,6,1,9,0,19,0,2907660.51,2382294.19,2002533.83,2172729.29,2957587.36,2646515.1828571423,2953007.0657142857,2956780.887111111,429747.81654135906,891049.8406131387,5411096.61,1718246.3,16853.0,15970.285714285714,99.0,104.0,526.0,537.2857142857143,0.0,14.896617813643765
2014-02-10,3705563.44,126,706,0.0,15696,0,0,2014,2,1,0,0,10,0,18,0,2947940.87,2051412.93,2983790.31,2467719.52,3380985.73,2727321.8514285716,2980693.193571429,2950691.6836666665,424938.3882667063,877853.3318498336,5411096.61,1718246.3,16200.0,16031.857142857143,119.0,105.42857142857143,584.0,544.7142857142857,0.0,15.125346150588012
2014-02-11,4637151.61,155,843,0.0,14584,0,0,2014,2,1,1,0,11,0,17,0,3705563.44,2787111.54,5411096.61,3356963.59,4189315.44,2963629.067142857,3024901.9050000003,2934504.1934444443,445842.2436037574,882221.2318117145,5411096.61,1718246.3,15696.0,16089.42857142857,126.0,109.85714285714286,706.0,575.2857142857143,0.0,15.349611074197137
2014-02-12,3457342.17,138,706,0.0,14476,0,0,2014,2,1,2,0,12,0,16,0,4637151.61,2599325.56,4892083.36,3637788.72,3967295.55,3227920.5057142857,3070622.9057142856,2934014.0641111108,760835.2153650095,931844.8213972972,5411096.61,1718246.3,14584.0,15954.714285714286,155.0,115.42857142857143,843.0,612.8571428571429,0.0,15.056010982128582
2014-02-13,3190217.92,120,640,0.0,16062,0,0,2014,2,1,3,0,13,0,15,0,3457342.17,2415914.42,3844256.32,2005770.41,3156812.35,3350494.307142857,3064178.3860714287,2937774.48,710111.9261927013,928394.6849584021,5411096.61,1718246.3,14476.0,15969.57142857143,138.0,120.28571428571429,706.0,633.2857142857143,0.0,14.975600099365552
2014-02-14,2632487.0,112,523,0.0,14509,0,0,2014,2,1,4,0,14,0,14,0,3190217.92,3381887.13,3732079.59,2464459.86,3286622.13,3461109.0928571424,3106480.082857143,2935767.8833333333,590501.6547281281,905074.2764581378,5411096.61,1718246.3,16062.0,15707.0,120.0,125.42857142857143,640.0,663.0,0.0,14.78343996457532
2014-02-15,2873057.42,117,571,0.0,14141,0,0,2014,2,1,5,1,15,0,13,0,2632487.0,2907660.51,3825094.63,1718246.3,2860640.37,3354051.9314285717,3112481.0521428576,2927618.9597777775,669858.5706575122,901208.5751470296,5411096.61,1718246.3,14509.0,15482.857142857143,112.0,124.14285714285714,523.0,646.8571428571429,0.0,14.870887671900183
2014-02-16,3990264.22,141,750,0.0,15943,0,0,2014,2,1,6,1,16,0,12,0,2873057.42,2947940.87,2382294.19,2453121.94,3339909.75,3349108.632857143,3153724.306428571,2932691.485,673817.778729776,860546.3628948517,5411096.61,1812010.8,14141.0,15095.42857142857,117.0,126.71428571428571,571.0,653.2857142857143,0.0,15.19936825783488
2014-02-17,3757742.25,163,794,0.0,14961,0,0,2014,2,1,0,0,17,0,11,0,3990264.22,3705563.44,2051412.93,3133739.97,3433567.61,3498011.968571428,3208622.245,2953592.591888889,685458.7129378873,863222.8706972977,5411096.61,1812010.8,15943.0,15058.714285714286,141.0,129.85714285714286,750.0,677.0,0.0,15.139329135706188
2014-02-18,4902775.35,185,969,0.0,15257,0,0,2014,2,1,1,0,18,0,10,0,3757742.25,4637151.61,2787111.54,3590697.9,4473211.04,3505466.084285714,3230908.040714286,2959371.2800000003,688369.4673848263,869251.9048180869,5411096.61,1812010.8,14961.0,14953.714285714286,163.0,135.14285714285714,794.0,689.5714285714286,0.0,15.405312204663343
2014-02-19,4469573.84,163,832,0.0,15472,0,0,2014,2,1,2,0,19,0,9,0,4902775.35,3457342.17,2599325.56,3244854.06,4318301.23,3543412.3328571427,3277767.949642857,2976945.2914444446,764285.8073872279,923066.0930151681,5411096.61,1812010.8,15257.0,15049.857142857143,185.0,139.42857142857142,969.0,707.5714285714286,0.0,15.312803847972159
2014-02-20,3050037.65,120,616,0.0,15337,0,0,2014,2,1,3,0,20,0,8,0,4469573.84,3190217.92,2415914.42,3187811.81,3392471.04,3688016.8571428573,3321507.9417857146,2997771.2852222226,837535.1293640241,950070.680579431,5411096.61,1812010.8,15472.0,15192.142857142857,163.0,143.0,832.0,725.5714285714286,0.0,14.930664820634451
2014-02-21,3394380.68,146,717,0.0,12479,0,0,2014,2,1,4,0,21,0,7,0,3050037.65,2632487.0,3381887.13,1812010.8,3412803.18,3667991.1042857138,3316587.4360714285,3003324.340888889,852955.3553182486,951144.9162035487,5411096.61,1812010.8,15337.0,15088.57142857143,120.0,143.0,616.0,722.1428571428571,0.0,15.037632175731012
2014-02-22,4262143.74,160,851,0.0,16863,0,0,2014,2,1,5,1,22,0,6,0,3394380.68,2873057.42,2907660.51,2221742.74,3535377.38,3776833.058571428,3373100.646071429,3018213.7865555556,739917.2190401435,904293.170410908,5411096.61,2002533.83,12479.0,14798.57142857143,146.0,147.85714285714286,717.0,749.8571428571429,0.0,15.26528305164594
2014-02-23,3997442.72,167,773,0.0,18734,0,0,2014,2,1,6,1,23,0,5,0,4262143.74,3990264.22,2947940.87,2002533.83,4286140.45,3975273.9614285715,3445972.1103571425,3037574.196444444,636124.9163671619,890177.4961122825,5411096.61,2002533.83,16863.0,15187.42857142857,160.0,154.0,851.0,789.8571428571429,0.0,15.201165644791889
2014-02-24,4743111.4,191,983,0.0,16007,0,0,2014,2,1,0,0,24,0,4,0,3997442.72,3757742.25,3705563.44,2983790.31,5419232.89,3976299.4614285715,3517218.856428571,3055253.211333333,636158.895218218,849263.4349129926,5411096.61,2051412.93,18734.0,15586.142857142857,167.0,157.71428571428572,773.0,793.1428571428571,0.0,15.372204102660307
2014-02-25,6869199.08,279,1499,0.0,17906,0,0,2014,2,1,1,0,25,0,3,1,4743111.4,4902775.35,4637151.61,5411096.61,9128225.25,4117066.482857143,3580051.7525,3073429.9492222224,686745.3014044733,873083.7129648395,5411096.61,2051412.93,16007.0,15735.57142857143,191.0,161.71428571428572,983.0,820.1428571428571,0.0,15.742558220738033
2014-02-26,7766238.39,323,1649,0.0,15690,0,0,2014,2,1,2,0,26,0,2,1,6869199.08,4469573.84,3457342.17,4892083.36,6762535.71,4397984.158571429,3632126.8407142856,3115049.8213333334,1240578.284420556,1017827.4546866091,6869199.08,2051412.93,17906.0,16114.0,279.0,175.14285714285714,1499.0,895.8571428571429,0.0,15.865296614191395
2014-02-27,5932389.78,245,1195,0.0,16405,0,0,2014,2,1,3,0,27,0,1,1,7766238.39,3050037.65,3190217.92,3844256.32,5716765.68,4868936.237142858,3734775.2346428568,3161563.2096666666,1780526.4830722264,1264612.7223982217,7766238.39,2051412.93,15690.0,16145.142857142857,323.0,198.0,1649.0,1012.5714285714286,0.0,15.595937856671675
2014-02-28,5511196.67,209,1110,0.0,13184,0,0,2014,2,1,4,0,28,0,0,1,5932389.78,3394380.68,2632487.0,3732079.59,4367566.41,5280700.827142858,3809351.429642857,3207833.5691111106,1615412.1334811838,1331129.0480669278,7766238.39,2051412.93,16405.0,16297.714285714286,245.0,215.85714285714286,1195.0,1095.2857142857142,0.0,15.522292520485594
2014-03-01,4400079.49,190,950,0.0,23068,0,0,2014,3,1,5,1,1,1,30,0,5511196.67,4262143.74,2873057.42,3825094.63,2693901.21,5583103.111428572,3872891.325357143,3239228.227,1385167.4273806668,1369220.9737197824,7766238.39,2051412.93,13184.0,16398.428571428572,209.0,224.85714285714286,1110.0,1151.4285714285713,0.0,15.297133391902989
2014-03-02,4943352.33,197,942,0.0,23861,0,0,2014,3,1,6,1,2,1,29,0,4400079.49,3997442.72,3990264.22,2382294.19,279813.94,5602808.218571429,3893426.4989285716,3261543.575888889,1364064.148077274,1372784.6725563637,7766238.39,2051412.93,23068.0,17284.85714285714,190.0,229.14285714285714,950.0,1165.5714285714287,0.0,15.413554470616516
2014-03-03,3637156.46,123,595,0.0,22641,0,0,2014,3,1,0,0,3,1,28,0,4943352.33,4743111.4,3757742.25,2051412.93,1959484.08,5737938.162857143,3984892.861071429,3291316.971222222,1217503.5230947044,1353556.2510566793,7766238.39,2051412.93,23861.0,18017.285714285714,197.0,233.42857142857142,942.0,1189.7142857142858,0.0,15.106713016955535
2014-03-04,4742209.79,152,775,0.0,20167,0,0,2014,3,1,1,0,4,0,27,0,3637156.46,6869199.08,4902775.35,2787111.54,1412869.43,5579944.6,4041526.5585714285,3310248.293333334,1422600.8274823367,1301848.566182065,7766238.39,2415914.42,22641.0,18965.0,123.0,223.71428571428572,595.0,1134.2857142857142,0.0,15.37201399632768
2014-03-05,5310211.41,200,974,0.0,23200,0,0,2014,3,1,2,0,5,0,26,0,4742209.79,7766238.39,4469573.84,2599325.56,2440470.72,5276088.987142856,4111351.496071429,3330443.9668888887,1325146.7559955195,1284389.8529705917,7766238.39,2415914.42,20167.0,19288.0,152.0,205.57142857142858,775.0,1030.857142857143,0.0,15.485142394301306
2014-03-06,5506734.13,192,1031,0.0,24291,0,0,2014,3,1,3,0,6,0,25,0,5310211.41,5932389.78,3050037.65,2415914.42,3247761.18,4925227.99,4208168.847857143,3364650.9964444446,760994.9370760154,1268264.0340544656,7766238.39,2415914.42,23200.0,20360.85714285714,200.0,188.0,974.0,934.4285714285714,0.0,15.521482470120427
2014-03-07,3167820.98,117,580,0.0,20656,0,0,2014,3,1,4,0,7,0,24,0,5506734.13,5511196.67,3394380.68,3381887.13,4017685.67,4864420.04,4318555.266071429,3406744.2474444443,679775.8255080918,1240702.31250266,7766238.39,2632487.0,24291.0,21487.428571428572,192.0,180.42857142857142,1031.0,911.0,0.0,14.96855483715574
2014-03-08,3577664.95,124,646,0.0,20789,0,0,2014,3,1,5,1,8,0,23,0,3167820.98,4400079.49,4262143.74,2907660.51,3622255.55,4529652.084285715,4310910.046428571,3425895.809111112,861027.7105236995,1247329.677826003,7766238.39,2632487.0,20656.0,22554.85714285714,117.0,167.28571428571428,580.0,835.2857142857143,0.0,15.090221176478751
2014-03-09,3828277.38,150,793,0.0,20453,0,0,2014,3,1,6,1,9,0,22,0,3577664.95,4943352.33,3997442.72,2947940.87,3263371.09,4412164.292857143,4334838.776428572,3446594.719888889,934619.2708308509,1225651.0368963105,7766238.39,2632487.0,20789.0,22229.285714285714,124.0,157.85714285714286,646.0,791.8571428571429,0.0,15.15792575095893
2014-03-10,4725035.68,158,862,0.0,22824,0,0,2014,3,1,0,0,10,0,21,0,3828277.38,3637156.46,4743111.4,3705563.44,3510986.19,4252867.871428571,4366279.366071428,3467359.961888889,923960.211579559,1199774.5603229925,7766238.39,2632487.0,20453.0,21742.428571428572,150.0,151.14285714285714,793.0,770.5714285714286,0.0,15.368385881842812
2014-03-11,5775004.59,207,1084,0.0,21099,0,0,2014,3,1,1,0,11,0,20,0,4725035.68,4742209.79,6869199.08,4637151.61,3242639.13,4408279.188571429,4402689.088928571,3494791.316777778,894146.5195283626,1194438.2646442582,7766238.39,2632487.0,22824.0,21768.571428571428,158.0,156.14285714285714,862.0,808.7142857142857,0.0,15.56904978233703
2014-03-12,6930320.53,268,1303,0.0,21452,0,0,2014,3,1,2,0,12,0,19,0,5775004.59,5310211.41,7766238.39,3457342.17,3660190.99,4555821.302857143,4443326.695357143,3525440.282777778,1032879.1425131713,1221754.5409713548,7766238.39,2632487.0,21099.0,21901.714285714286,207.0,164.0,1084.0,852.8571428571429,0.0,15.751416766915183
2014-03-13,5304893.97,212,1076,0.0,22441,0,0,2014,3,1,3,0,13,0,18,0,6930320.53,5506734.13,5932389.78,3190217.92,4335373.37,4787265.462857143,4567361.636785714,3569237.490111111,1359853.747638127,1292208.4807459002,7766238.39,2632487.0,21452.0,21652.0,268.0,173.71428571428572,1303.0,899.8571428571429,0.0,15.484140531530745
2014-03-14,4544809.4,169,867,0.0,21483,0,0,2014,3,1,4,0,14,0,17,0,5304893.97,3167820.98,5511196.67,2632487.0,6692797.3,4758431.154285714,4642885.781428571,3604496.9976666667,1344104.2541871413,1270351.2853945252,7766238.39,2632487.0,22441.0,21387.714285714286,212.0,176.57142857142858,1076.0,906.2857142857143,0.0,15.329496568551955
2014-03-15,4691387.16,194,972,0.0,21970,0,0,2014,3,1,5,1,15,0,16,0,4544809.4,3577664.95,4400079.49,2873057.42,5330057.69,4955143.785714285,4711183.01,3630042.0035555563,1160777.0377755472,1208146.7883646132,7766238.39,2873057.42,21483.0,21505.85714285714,169.0,184.0,867.0,947.2857142857143,0.0,15.361239079570582
2014-03-16,5553669.8,230,1110,0.0,24630,0,0,2014,3,1,6,1,16,0,15,0,4691387.16,3828277.38,4943352.33,3990264.22,3591734.21,5114246.958571428,4776123.357857143,3658227.465444444,1006590.1901996322,1153309.3623969192,7766238.39,3050037.65,21970.0,21674.571428571428,194.0,194.0,972.0,993.8571428571429,0.0,15.529969672495865
2014-03-17,6623777.28,256,1260,0.0,23340,0,0,2014,3,1,0,0,17,0,14,0,5553669.8,4725035.68,3637156.46,3757742.25,4401297.64,5360731.590000001,4831959.271428571,3689999.3850000002,836005.8640027031,1151697.890103965,7766238.39,3050037.65,24630.0,22271.285714285714,230.0,205.42857142857142,1110.0,1039.142857142857,0.0,15.706176502264803
2014-03-18,5707570.51,242,1220,0.02712965871007698,21053,1,1,2014,3,1,1,0,18,0,13,0,6623777.28,5775004.59,4742209.79,4902775.35,4567013.37,5631980.390000001,4934317.665357143,3728403.456888889,900886.4682826044,1179710.0025946137,7766238.39,3050037.65,23340.0,22345.0,256.0,219.42857142857142,1260.0,1096.0,0.0,15.557304186435939
2014-03-19,7282983.0,309,1510,0.03683621395244229,21922,1,1,2014,3,1,2,0,19,0,12,0,5707570.51,6930320.53,5310211.41,4469573.84,4645433.62,5622346.95,4963060.349642857,3756381.6474444447,899461.5884609862,1188683.0046063552,7766238.39,3050037.65,21053.0,22338.428571428572,242.0,224.42857142857142,1220.0,1115.4285714285713,0.0,15.801051226300755
2014-03-20,6459634.76,268,1374,0.055492276780057456,20278,1,1,2014,3,1,3,0,20,0,11,0,7282983.0,5304893.97,5506734.13,3050037.65,4992105.19,5672727.302857143,5063539.248214285,3803275.3120000004,990230.3469062203,1262066.803151978,7766238.39,3050037.65,21922.0,22405.571428571428,309.0,230.28571428571428,1510.0,1145.0,0.0,15.681083490268223
2014-03-21,4506741.28,198,961,0.07090474694389379,21123,1,1,2014,3,1,4,0,21,0,10,0,6459634.76,4544809.4,3167820.98,3394380.68,7355693.45,5837690.272857143,5185310.573571429,3847262.990444445,1014623.851044628,1224527.7767775082,7766238.39,3167820.98,20278.0,22096.571428571428,268.0,238.28571428571428,1374.0,1187.5714285714287,0.0,15.321085117876741
2014-03-22,4682426.76,213,1047,0.11999999120114375,21770,1,1,2014,3,1,5,1,22,0,9,0,4506741.28,4691387.16,3577664.95,4262143.74,6603332.26,5832251.97,5225037.737857142,3861634.068333333,1022777.8024310088,1181563.2915898315,7766238.39,3167820.98,21123.0,22045.14285714286,198.0,242.42857142857142,961.0,1201.0,0.0,15.359327285525206
2014-03-23,5239607.0,245,1226,0.1199999980914599,20889,1,1,2014,3,1,6,1,23,0,8,0,4682426.76,5553669.8,3828277.38,3997442.72,6009508.61,5830971.912857143,5240047.845714286,3875036.2993333335,1024447.869822635,1171504.7660167855,7766238.39,3167820.98,21770.0,22016.571428571428,213.0,245.14285714285714,1047.0,1211.7142857142858,0.0,15.471757244338574
2014-03-24,5516390.06,248,1264,0.12000000413313774,18783,1,1,2014,3,1,0,0,24,0,7,0,5239607.0,6623777.28,4725035.68,4743111.4,5088153.2,5786105.798571429,5284410.855714286,3900669.036888889,1045281.9275830653,1145947.1063211882,7766238.39,3167820.98,20889.0,21482.14285714286,245.0,247.28571428571428,1226.0,1228.2857142857142,0.0,15.523234410958862
2014-03-25,6858764.17,315,1650,0.12000000723162348,20978,1,1,2014,3,1,1,0,25,0,6,0,5516390.06,5707570.51,5775004.59,6869199.08,4694308.82,5627907.624285714,5312027.9507142855,3932742.409555555,979077.1404060103,1141728.9089824543,7766238.39,3167820.98,18783.0,20831.14285714286,248.0,246.14285714285714,1264.0,1228.857142857143,0.02712965871007698,15.741037979126158
2014-03-26,7966063.19,371,1732,0.12000000215915936,20541,1,1,2014,3,1,2,0,26,0,5,0,6858764.17,7282983.0,6930320.53,7766238.39,5731432.22,5792363.861428572,5311655.275357142,3966641.2954444443,1085579.1821584408,1141203.384682715,7766238.39,3167820.98,20978.0,20820.428571428572,315.0,256.57142857142856,1650.0,1290.2857142857142,0.03683621395244229,15.890701100687746
2014-03-27,8330175.47,367,1804,0.11999998962806963,22481,1,1,2014,3,1,3,0,27,0,4,0,7966063.19,6459634.76,5304893.97,5932389.78,6872130.59,5889946.745714285,5318791.875357143,4018723.904,1258786.4118555195,1157628.4266273745,7966063.19,3167820.98,20541.0,20623.14285714286,371.0,265.42857142857144,1732.0,1322.0,0.055492276780057456,15.935395198792579
2014-03-28,5747360.19,275,1386,0.1200000047326075,21260,1,1,2014,3,1,4,0,28,0,3,1,8330175.47,4506741.28,4544809.4,5511196.67,8099154.93,6157166.847142856,5404427.078571429,4090687.2718888894,1561921.098038587,1286243.3155330091,8330175.47,3167820.98,22481.0,20937.85714285714,367.0,279.57142857142856,1804.0,1383.4285714285713,0.07090474694389379,15.564251383957664
2014-03-29,6857129.34,303,1545,0.12000000425834173,24623,1,1,2014,3,1,5,1,29,0,2,1,5747360.19,4682426.76,4691387.16,4400079.49,8381683.44,6334398.12,5412861.49,4115131.9833333334,1406043.241037193,1287742.8124192166,8330175.47,3167820.98,21260.0,20957.428571428572,275.0,290.57142857142856,1386.0,1444.142857142857,0.11999999120114375,15.740799594398519
2014-03-30,12784107.1,577,3008,0.12000000531910437,21014,1,1,2014,3,1,6,1,30,0,1,1,6857129.34,5239607.0,5553669.8,4943352.33,11636994.38,6645069.917142856,5500613.270357142,4118915.3898888887,1206259.0496600706,1299831.5221249997,8330175.47,3167820.98,24623.0,21365.0,303.0,303.42857142857144,1545.0,1515.2857142857142,0.1199999980914599,16.363713402834794
2014-03-31,12312523.89,583,2947,0.1199999994477168,23037,1,1,2014,3,1,0,0,31,0,0,1,12784107.1,5516390.06,6623777.28,3637156.46,9455023.8,7722855.645714285,5780640.226428571,4196594.419333333,2460063.0870424886,1887201.4705183285,12784107.1,3167820.98,21014.0,21382.85714285714,577.0,350.85714285714283,3008.0,1769.857142857143,0.12000000413313774,16.32612758598328
2014-04-01,12163891.23,554,2769,0.11999998375519837,31669,1,1,2014,4,2,1,0,1,1,29,0,12312523.89,6858764.17,5707570.51,4742209.79,10313848.23,8693731.907142857,6090474.777500001,4263983.933777778,2766159.2374023707,2207263.65290913,12784107.1,3167820.98,23037.0,21990.571428571428,583.0,398.7142857142857,2947.0,2010.2857142857142,0.12000000723162348,16.313982467990062
2014-04-02,13046471.25,598,2951,0.11999999846701843,31084,1,1,2014,4,2,2,0,2,1,28,0,12163891.23,7966063.19,7282983.0,5310211.41,8250013.05,9451607.201428572,6355534.82892857,4335318.953222223,2902989.722046205,2469410.817179301,12784107.1,3167820.98,31669.0,23517.85714285714,554.0,432.85714285714283,2769.0,2170.1428571428573,0.12000000215915936,16.384028329517907
2014-04-03,9642469.77,432,2177,0.1200000080477307,27680,1,1,2014,4,2,3,0,3,1,27,0,13046471.25,8330175.47,6459634.76,5506734.13,8740749.51,10177379.781428572,6631829.823214286,4438192.517111111,3098200.5963272876,2763412.8352082632,13046471.25,3167820.98,31084.0,25024.0,598.0,465.2857142857143,2951.0,2344.285714285714,0.11999998962806963,16.081687937688393
2014-04-04,3027057.03,137,638,0.11999999881072607,33564,1,1,2014,4,2,4,0,4,0,26,0,9642469.77,5747360.19,4506741.28,3167820.98,4270660.8,10364850.395714287,6779534.6674999995,4519166.263444444,3006133.4508001623,2811164.3022328964,13046471.25,3167820.98,27680.0,25766.714285714286,432.0,474.57142857142856,2177.0,2397.5714285714284,0.1200000047326075,14.923101758616266
2014-04-05,4578612.03,187,969,0.11999999047746354,29571,1,1,2014,4,2,5,1,5,0,25,0,3027057.03,6857129.34,4682426.76,3577664.95,3073716.42,9976235.658571428,6774507.383571429,4527871.296444444,3779018.296786858,2817980.054217524,13046471.25,3027057.03,33564.0,27524.428571428572,137.0,454.85714285714283,638.0,2290.714285714286,0.12000000425834173,15.336906678349806
2014-04-06,4749333.13,206,1027,0.11999999882088709,29897,1,1,2014,4,2,6,1,6,0,24,0,4578612.03,12784107.1,5239607.0,3828277.38,3663196.56,9650733.185714286,6810255.493571429,4552501.8023333335,4170326.3124725744,2782043.5182684357,13046471.25,3027057.03,29571.0,28231.285714285714,187.0,438.2857142857143,969.0,2208.4285714285716,0.12000000531910437,15.373514983026352
2014-04-07,4614814.59,220,1118,0.12000001499518531,27724,1,1,2014,4,2,0,0,7,0,23,0,4749333.13,12312523.89,5516390.06,4725035.68,2924734.26,8502908.332857143,6843150.341785714,4575947.694111112,4268741.158791833,2750748.014384726,13046471.25,3027057.03,29897.0,29500.285714285714,206.0,385.2857142857143,1027.0,1925.4285714285713,0.1199999994477168,15.344782466290813
2014-04-08,6392830.04,264,1318,0.12000000707042104,27636,1,1,2014,4,2,1,0,8,0,22,0,4614814.59,12163891.23,6858764.17,5775004.59,4670874.28,7403235.5757142855,6839213.874285714,4589033.1296666665,4112421.1752321227,2753968.3950403957,13046471.25,3027057.03,27724.0,30169.85714285714,220.0,333.42857142857144,1118.0,1664.142857142857,0.11999998375519837,15.670687770492998
2014-04-09,6139037.72,261,1273,0.11999999407073199,29270,1,1,2014,4,2,2,0,9,0,21,0,6392830.04,13046471.25,7966063.19,6930320.53,4293257.18,6578798.262857142,6861279.0689285705,4635058.799777778,3537212.802077529,2747593.67145103,13046471.25,3027057.03,27636.0,29593.714285714286,264.0,292.0,1318.0,1456.857142857143,0.11999999846701843,15.630178727605902
2014-04-10,5203589.72,220,1101,0.12000001606583234,29376,1,1,2014,4,2,3,0,10,0,20,0,6139037.72,9642469.77,8330175.47,5304893.97,6011834.78,5592022.044285715,6833018.968571427,4678667.283555556,2106250.6486945236,2750924.5628473307,13046471.25,3027057.03,29270.0,29334.571428571428,261.0,243.85714285714286,1273.0,1217.142857142857,0.1200000080477307,15.464859468327214
2014-04-11,5105964.56,211,1076,0.11999999467289683,27935,1,1,2014,4,2,4,0,11,0,19,0,5203589.72,3027057.03,5747360.19,4544809.4,4244755.76,4957896.322857142,6829400.959642856,4715525.383666666,1121583.3784224703,2753074.562819843,13046471.25,3027057.03,29376.0,29576.85714285714,220.0,213.57142857142858,1101.0,1063.4285714285713,0.11999999881072607,15.445920131754942
2014-04-12,5687376.75,260,1227,0.12000000175827985,28989,1,1,2014,4,2,5,1,12,0,18,0,5105964.56,4578612.03,6857129.34,4691387.16,4282161.81,5254883.112857142,6849442.2153571425,4743915.635111111,733038.3576240961,2737827.9846352297,13046471.25,3027057.03,27935.0,28772.714285714286,211.0,224.14285714285714,1076.0,1126.0,0.11999999047746354,15.553759847504839
2014-04-13,4945405.38,241,1166,0.1200000049338726,32172,1,1,2014,4,2,6,1,13,0,17,0,5687376.75,4749333.13,12784107.1,5553669.8,5214391.75,5413278.072857142,6885013.272142857,4782967.273555555,680460.2397980212,2715127.185512597,13046471.25,3027057.03,28989.0,28689.571428571428,260.0,234.57142857142858,1227.0,1162.857142857143,0.11999999882088709,15.413969699642138
2014-04-14,6921493.59,307,1602,0.08547946946809207,28984,1,1,2014,4,2,0,0,14,0,16,0,4945405.38,4614814.59,12312523.89,6623777.28,4506492.03,5441288.394285714,6863289.542857142,4810497.116444444,652015.6887818449,2728573.8485422186,13046471.25,3027057.03,32172.0,29014.571428571428,241.0,239.57142857142858,1166.0,1182.7142857142858,0.12000001499518531,15.75014228548714
2014-04-15,7871571.71,356,1787,0.06568100997456326,31036,1,1,2014,4,2,1,0,15,0,15,0,6921493.59,6392830.04,12163891.23,5707570.51,5167610.5,5770813.965714285,6873922.268214285,4850103.005333333,741460.8898629106,2728185.9915342173,13046471.25,3027057.03,28984.0,29194.571428571428,307.0,252.0,1602.0,1251.857142857143,0.12000000707042104,15.878768436515418
2014-04-16,7912857.96,302,1567,0.05211446762782533,29288,1,1,2014,4,2,2,0,16,0,14,0,7871571.71,6139037.72,13046471.25,7282983.0,5887221.88,5982062.775714286,6951208.025357143,4897145.038555556,1081086.0428753651,2724570.2972959713,13046471.25,3027057.03,31036.0,29680.285714285714,356.0,265.14285714285717,1787.0,1318.857142857143,0.11999999407073199,15.883999710598287
2014-04-17,5557754.18,208,1076,0.029951673753228145,26998,1,1,2014,4,2,3,0,17,0,13,0,7912857.96,5203589.72,9642469.77,6459634.76,8104639.53,6235465.667142858,6973703.559642858,4962779.344666666,1308072.3683749563,2730005.9409902953,13046471.25,3027057.03,29288.0,29682.85714285714,302.0,271.0,1567.0,1360.857142857143,0.12000001606583234,15.530704840095652
2014-04-18,5700339.67,253,1287,0.0,28486,0,0,2014,4,2,4,0,18,0,12,0,5557754.18,5105964.56,3027057.03,4506741.28,6536742.64,6286060.590000001,6941493.538928571,4997149.281555555,1267735.9012176907,2741591.671683004,13046471.25,3027057.03,26998.0,29343.14285714286,208.0,269.2857142857143,1076.0,1357.2857142857142,0.11999999467289683,15.55603649768549
2014-04-19,6624958.05,244,1293,0.0,31395,0,0,2014,4,2,5,1,19,0,11,0,5700339.67,5687376.75,4578612.03,4682426.76,5871312.85,6370971.319999999,6984122.052857143,5041394.763444444,1193237.851606386,2711445.8025393896,13046471.25,3027057.03,28486.0,29421.85714285714,253.0,275.2857142857143,1287.0,1387.4285714285713,0.12000000175827985,15.706354748685381
2014-04-20,6418388.34,245,1197,0.0,30149,0,0,2014,4,2,6,1,20,0,10,0,6624958.05,4945405.38,4749333.13,5239607.0,6012115.71,6504911.505714285,7053498.1703571435,5087748.498,1155748.4827645766,2674978.4870280246,13046471.25,3027057.03,31395.0,29765.571428571428,244.0,273.0,1293.0,1396.857142857143,0.1200000049338726,15.674677762570148
2014-04-21,8414591.83,336,1715,0.0,32674,0,0,2014,4,2,0,0,21,0,9,0,6418388.34,6921493.59,4614814.59,5516390.06,6323547.99,6715337.642857142,7095597.503928571,5124244.591,938083.1626416477,2654571.9113172377,13046471.25,3027057.03,30149.0,29476.571428571428,245.0,273.57142857142856,1197.0,1401.2857142857142,0.08547946946809207,15.945477998221302
2014-04-22,10131097.46,397,1900,0.0,32103,0,0,2014,4,2,1,0,22,0,8,0,8414591.83,7871571.71,6392830.04,6858764.17,7292352.56,6928637.39142857,7199104.71,5177843.412444444,1140649.4611248367,2647207.9630277646,13046471.25,3027057.03,32674.0,30003.714285714286,336.0,277.7142857142857,1715.0,1417.4285714285713,0.06568100997456326,16.13112030667381
2014-04-23,8191044.84,319,1599,0.0,26922,0,0,2014,4,2,2,0,23,0,7,0,10131097.46,7912857.96,6139037.72,7966063.19,8757473.08,7251426.784285714,7315973.756071429,5254357.228,1655483.8958067768,2703266.099450471,13046471.25,3027057.03,32103.0,30156.14285714286,397.0,283.57142857142856,1900.0,1433.5714285714287,0.05211446762782533,15.918552144868357
2014-04-24,6761050.63,262,1237,0.0,28696,0,0,2014,4,2,3,0,24,0,6,0,8191044.84,5557754.18,5203589.72,8330175.47,9358565.61,7291167.7671428565,7324008.815,5309948.706111112,1677204.869519615,2705603.3126666015,13046471.25,3027057.03,26922.0,29818.14285714286,319.0,286.0,1599.0,1438.142857142857,0.029951673753228145,15.726689002487971
2014-04-25,7297129.72,287,1382,0.0,32626,0,0,2014,4,2,4,0,25,0,5,0,6761050.63,5700339.67,5105964.56,5747360.19,9127283.0,7463067.26,7267968.642142857,5364938.037555556,1524661.3018159773,2700236.116301229,13046471.25,3027057.03,28696.0,30060.714285714286,262.0,293.7142857142857,1237.0,1461.142857142857,0.0,15.802991776798619
2014-04-26,7473782.26,295,1464,0.0,28597,0,0,2014,4,2,5,1,26,0,4,0,7297129.72,6624958.05,5687376.75,6857129.34,6156392.84,7691180.124285715,7323317.553928571,5421331.226222223,1323104.3590861598,2683745.65161181,13046471.25,3027057.03,32626.0,30652.14285714286,287.0,298.57142857142856,1382.0,1474.7142857142858,0.0,15.826911889409864
2014-04-27,9019804.81,328,1667,0.0,31694,0,0,2014,4,2,6,1,27,0,3,1,7473782.26,6418388.34,4945405.38,12784107.1,6420235.09,7812440.725714286,7345340.8725000005,5482122.875444445,1245735.0076485586,2682308.1336373766,13046471.25,3027057.03,28597.0,30252.428571428572,295.0,305.85714285714283,1464.0,1499.142857142857,0.0,16.014933362982223
2014-04-28,11814441.72,448,2371,0.0,27759,0,0,2014,4,2,0,0,28,0,2,1,9019804.81,8414591.83,6921493.59,12312523.89,9099343.31,8184071.65,7210901.505,5549189.703222223,1144458.636677634,2486828.6953737936,13046471.25,3027057.03,31694.0,30473.14285714286,328.0,317.7142857142857,1667.0,1566.2857142857142,0.0,16.28483330033035
2014-04-29,17347427.27,700,3503,0.0,32248,0,0,2014,4,2,1,0,29,0,1,1,11814441.72,10131097.46,7871571.71,12163891.23,13160942.22,8669764.49142857,7193112.856071428,5620337.982222222,1795080.2194078532,2450500.5480117705,13046471.25,3027057.03,27759.0,29771.0,448.0,333.7142857142857,2371.0,1660.0,0.0,16.66895482685754
2014-04-30,13811054.06,549,2714,0.0,30939,0,0,2014,4,2,2,0,30,0,0,1,17347427.27,8191044.84,7912857.96,13046471.25,11190466.86,9700668.75,7378239.143214286,5758730.692333333,3765210.7087085545,2978786.6288113752,17347427.27,3027057.03,32248.0,29791.714285714286,700.0,377.0,3503.0,1889.0,0.0,16.440979920729404
2014-05-01,13289875.45,498,2583,0.0,25885,0,0,2014,5,2,3,0,1,1,30,0,13811054.06,6761050.63,5557754.18,9642469.77,13051232.31,10503527.209999999,7405545.672142857,5869472.889444444,3982568.291636831,3035633.7949137823,17347427.27,3027057.03,30939.0,30365.571428571428,549.0,409.85714285714283,2714.0,2048.285714285714,0.0,16.40251313418271
2014-05-02,9037359.63,358,1807,0.0,31644,0,0,2014,5,2,4,0,2,1,29,0,13289875.45,7297129.72,5700339.67,3027057.03,11179665.29,11436216.469999999,7535810.160714285,5975670.621222222,3715582.9950353215,3208514.936122642,17347427.27,3027057.03,25885.0,29964.0,498.0,443.57142857142856,2583.0,2240.5714285714284,0.0,16.01687772403011
2014-05-03,8214103.42,304,1567,0.0,28317,0,0,2014,5,2,5,1,3,1,28,0,9037359.63,7473782.26,6624958.05,4578612.03,8173550.12,11684820.742857143,7750463.825,6033584.676777779,3440522.9346080357,3094732.6882236926,17347427.27,4578612.03,31644.0,29823.714285714286,358.0,453.7142857142857,1807.0,2301.285714285714,0.0,15.92136328586001
2014-05-04,2887053.22,93,462,0.0,27998,0,0,2014,5,2,6,1,4,0,27,0,8214103.42,9019804.81,6418388.34,4749333.13,3225175.57,11790580.908571428,7880302.803214286,6098382.557111111,3297926.7609589924,3032364.2560033924,17347427.27,4614814.59,28317.0,29783.714285714286,304.0,455.0,1567.0,2316.0,0.0,14.87574723920997
2014-05-05,4251113.98,148,717,0.0,25934,0,0,2014,5,2,0,0,5,0,26,0,2887053.22,11814441.72,8414591.83,4614814.59,3906711.0,10914473.53857143,7813792.806428572,6107667.449222223,4681178.301992314,3122659.1265932964,17347427.27,2887053.22,27998.0,29255.714285714286,93.0,421.42857142857144,462.0,2143.8571428571427,0.0,15.262691854728613
2014-05-06,5130961.6,181,910,0.0,28880,0,0,2014,5,2,1,0,6,0,25,0,4251113.98,17347427.27,10131097.46,6392830.04,4311626.38,9833998.147142857,7800803.498928571,6123934.143,5274135.160527965,3137181.4144655615,17347427.27,2887053.22,25934.0,28995.0,148.0,378.57142857142856,717.0,1907.5714285714287,0.0,15.450803840870057
2014-05-07,6175024.0,233,1165,0.0,30417,0,0,2014,5,2,2,0,7,0,24,0,5130961.6,13811054.06,8191044.84,6139037.72,3763332.37,8088788.765714287,7755736.768928572,6152063.432333333,4305919.476594271,3167077.7122474113,17347427.27,2887053.22,28880.0,28513.85714285714,181.0,304.42857142857144,910.0,1537.142857142857,0.0,15.636023489053116
2014-05-08,6845994.59,262,1302,0.0,22054,0,0,2014,5,2,3,0,8,0,23,0,6175024.0,13289875.45,6761050.63,5203589.72,5458168.5,6997927.3285714295,7757021.993214286,6193831.316555556,3507942.891697549,3166404.5748193255,17347427.27,2887053.22,30417.0,28439.285714285714,233.0,259.2857142857143,1165.0,1315.857142857143,0.0,15.739174453900281
2014-05-09,3896896.85,164,800,0.0,26222,0,0,2014,5,2,4,0,9,0,22,0,6845994.59,9037359.63,7297129.72,5105964.56,5815611.07,6077372.92,7815679.3100000005,6232321.399444445,2173189.2634554137,3132380.4676526375,17347427.27,2887053.22,22054.0,27892.0,262.0,225.57142857142858,1302.0,1132.857142857143,0.0,15.175691371506161
2014-05-10,5476367.67,203,951,0.0,25378,0,0,2014,5,2,5,1,10,0,21,0,3896896.85,8214103.42,7473782.26,5687376.75,4248246.45,5343021.094285714,7772498.320357143,6243312.914333334,1850880.681808162,3179103.605570756,17347427.27,2887053.22,26222.0,27117.428571428572,164.0,197.85714285714286,800.0,989.0,0.0,15.515952787813825
2014-05-11,5960839.36,240,1230,0.0,29095,0,0,2014,5,2,6,1,11,0,20,0,5476367.67,2887053.22,9019804.81,4945405.38,4388803.6,4951915.987142856,7764962.281785714,6271406.545444445,1369822.4303498263,3184474.9940662966,17347427.27,2887053.22,25378.0,26697.571428571428,203.0,183.42857142857142,951.0,901.0,0.0,15.600722029101966
2014-05-12,6171798.51,244,1234,0.0,28899,0,0,2014,5,2,0,0,12,0,19,0,5960839.36,4251113.98,11814441.72,6921493.59,4298069.68,5391028.292857142,7801227.781071427,6296465.1667777775,1053803.567250055,3156838.0796222542,17347427.27,2887053.22,29095.0,26854.285714285714,240.0,204.42857142857142,1230.0,1010.7142857142857,0.0,15.635501008139782
2014-05-13,6357034.06,265,1344,0.0,26739,0,0,2014,5,2,1,0,13,0,18,0,6171798.51,5130961.6,17347427.27,7871571.71,4663488.62,5665411.797142857,7774452.956785715,6313516.799,952733.3563179903,3167736.3947227756,17347427.27,2887053.22,28899.0,27277.85714285714,244.0,218.14285714285714,1234.0,1084.5714285714287,0.0,15.665072641083453
2014-05-14,8953168.22,339,1706,0.0,25709,0,0,2014,5,2,2,0,14,0,17,0,6357034.06,6175024.0,13811054.06,7912857.96,5622176.45,5840565.005714285,7720362.326428572,6345735.597777778,950803.0733183055,3178927.587484758,17347427.27,2887053.22,26739.0,26972.0,265.0,230.14285714285714,1344.0,1146.5714285714287,0.0,16.007518130364737
2014-05-15,7521179.22,302,1500,0.0,30110,0,0,2014,5,2,3,0,15,0,16,0,8953168.22,6845994.59,13289875.45,5557754.18,6416011.44,6237442.7514285715,7757516.264285714,6409768.378888888,1521951.118400853,3187328.9674042417,17347427.27,2887053.22,25709.0,26299.428571428572,339.0,245.28571428571428,1706.0,1223.857142857143,0.0,15.833233627760514
2014-05-16,7254155.54,261,1310,0.0,27531,0,0,2014,5,2,4,0,16,0,15,0,7521179.22,3896896.85,9037359.63,5700339.67,7727680.05,6333897.698571429,7827638.587142857,6464087.181333332,1586953.59749022,3158609.648427395,17347427.27,2887053.22,30110.0,27450.285714285714,302.0,251.0,1500.0,1252.142857142857,0.0,15.797085178410175
2014-05-17,6473741.19,246,1194,0.0,26128,0,0,2014,5,2,5,1,17,0,14,0,7254155.54,5476367.67,8214103.42,6624958.05,6520355.77,6813506.082857142,7883132.011071429,6512766.049333333,1183797.7210624437,3133399.8702181564,17347427.27,2887053.22,27531.0,27637.285714285714,261.0,264.85714285714283,1310.0,1325.0,0.0,15.683264890309006
2014-05-18,7502869.16,278,1432,0.0,25658,0,0,2014,5,2,6,1,18,0,13,0,6473741.19,5960839.36,2887053.22,6418388.34,5126131.05,6955988.014285714,7877731.408928571,6540360.237888888,1048304.6319455223,3135778.1376342294,17347427.27,2887053.22,26128.0,27744.428571428572,246.0,271.0,1194.0,1359.7142857142858,0.0,15.830796193300163
2014-05-19,6717427.22,280,1449,0.0,29037,0,0,2014,5,2,0,0,19,0,12,0,7502869.16,6171798.51,4251113.98,8414591.83,5417543.03,7176277.985714286,7916462.866785714,6581972.75911111,962870.7122434928,3123759.951050293,17347427.27,2887053.22,25658.0,27253.428571428572,278.0,276.42857142857144,1432.0,1388.5714285714287,0.0,15.720215933891804
2014-05-20,6998009.98,306,1540,0.0,29515,0,0,2014,5,2,1,0,20,0,11,0,6717427.22,6357034.06,5130961.6,10131097.46,5837064.06,7254224.944285714,7855849.845,6602135.557666668,887107.1863637585,3130195.485559167,17347427.27,2887053.22,29037.0,27273.14285714286,280.0,281.57142857142856,1449.0,1419.2857142857142,0.0,15.76113652092826
2014-05-21,9232803.8,383,1843,0.0,27548,0,0,2014,5,2,2,0,21,0,10,0,6998009.98,8953168.22,6175024.0,8191044.84,5156527.79,7345792.932857143,7743953.863571429,6630229.292555556,808677.5943838581,3101719.3537046905,17347427.27,2887053.22,29515.0,27669.714285714286,306.0,287.42857142857144,1540.0,1447.2857142857142,0.0,16.03827343897382
2014-05-22,8682669.79,338,1717,0.0,27824,0,0,2014,5,2,3,0,22,0,9,0,9232803.8,7521179.22,6845994.59,6761050.63,6977473.78,7385740.872857143,7781159.540714285,6698926.694222222,902749.5540086353,3113506.562343551,17347427.27,2887053.22,27548.0,27932.428571428572,383.0,293.7142857142857,1843.0,1466.857142857143,0.0,15.976839734008687
2014-05-23,6481511.11,264,1341,0.0,28489,0,0,2014,5,2,4,0,23,0,8,0,8682669.79,7254155.54,3896896.85,7297129.72,9166919.02,7551668.0971428575,7849788.7964285705,6757685.462111112,1029619.5662725125,3111365.922016751,17347427.27,2887053.22,27824.0,27605.85714285714,338.0,298.85714285714283,1717.0,1497.857142857143,0.0,15.684464391415151
2014-05-24,5624884.34,226,1085,0.0,25209,0,0,2014,5,2,5,1,24,0,7,0,6481511.11,6473741.19,5476367.67,7473782.26,6670030.19,7441290.321428572,7820659.560357143,6782345.099555555,1105451.5057491765,3120536.1406865674,17347427.27,2887053.22,28489.0,27742.714285714286,264.0,299.2857142857143,1341.0,1502.2857142857142,0.0,15.542711121847
2014-05-25,7834743.41,285,1422,0.0,30338,0,0,2014,5,2,6,1,25,0,6,0,5624884.34,7502869.16,5960839.36,9019804.81,5054594.94,7320025.0571428565,7754627.491785714,6800427.784222223,1264408.9994119806,3147592.5847385735,17347427.27,2887053.22,25209.0,27611.428571428572,226.0,296.42857142857144,1085.0,1486.7142857142858,0.0,15.874078811670284
2014-05-26,7196331.6,295,1502,0.0,29609,0,0,2014,5,2,0,0,26,0,5,0,7834743.41,6717427.22,6171798.51,11814441.72,3649585.05,7367435.664285714,7712303.870357143,6834779.250999999,1278550.5702353476,3137902.956093909,17347427.27,2887053.22,30338.0,28280.0,285.0,297.42857142857144,1422.0,1485.2857142857142,0.0,15.789082093106733
2014-05-27,11197544.52,466,2398,0.0,30146,0,0,2014,5,2,1,0,27,0,4,0,7196331.6,6998009.98,6357034.06,17347427.27,4403026.04,7435850.5757142855,7547371.366071428,6838414.056777778,1250476.6282186634,3033948.4110792866,17347427.27,2887053.22,29609.0,28361.714285714286,295.0,299.57142857142856,1502.0,1492.857142857143,0.0,16.231205162248454
2014-05-28,14237002.33,613,3057,0.0,27952,0,0,2014,5,2,2,0,28,0,3,1,11197544.52,9232803.8,8953168.22,13811054.06,6274027.61,8035784.081428571,7327732.696428572,6876539.6804444445,1862853.825478385,2468037.728696778,13811054.06,2887053.22,30146.0,28451.85714285714,466.0,322.42857142857144,2398.0,1615.4285714285713,0.0,16.471355001493446
2014-05-29,12708438.64,558,2763,0.0,30992,0,0,2014,5,2,3,0,29,0,2,1,14237002.33,8682669.79,7521179.22,13289875.45,7359639.59,8750669.585714286,7342945.134642856,6968813.153222222,3007384.489904209,2510428.2316681216,14237002.33,2887053.22,27952.0,28509.571428571428,613.0,355.2857142857143,3057.0,1788.857142857143,0.0,16.357776869303507
2014-05-30,13573669.01,598,3022,0.0,28560,0,0,2014,5,2,4,0,30,0,1,1,12708438.64,6481511.11,7254155.54,9037359.63,12828293.48,9325779.421428572,7322179.534285715,7048782.508444444,3356839.3237686087,2461339.698194397,14237002.33,2887053.22,30992.0,28962.14285714286,558.0,386.7142857142857,2763.0,1938.2857142857142,0.0,16.423642445503894
2014-05-31,12424970.9,513,2529,0.0,27754,0,0,2014,5,2,5,1,31,0,0,1,13573669.01,5624884.34,6473741.19,8214103.42,13809349.18,10338944.835714284,7484190.583571428,7150711.280888889,3424894.0642001242,2714675.8869986474,14237002.33,2887053.22,28560.0,28972.285714285714,598.0,434.42857142857144,3022.0,2178.4285714285716,0.0,16.335218868374994
2014-06-01,11536710.05,465,2310,0.0,28531,0,0,2014,6,2,6,1,1,1,29,0,12424970.9,7834743.41,7502869.16,2887053.22,13162597.88,11310385.772857143,7634578.707857142,7233840.37611111,2765943.2396286917,2868867.5824604267,14237002.33,2887053.22,27754.0,29335.85714285714,513.0,475.42857142857144,2529.0,2384.714285714286,0.0,16.26104477409002
2014-06-02,10120772.07,379,1903,0.0,29119,0,0,2014,6,2,0,0,2,1,28,0,11536710.05,7196331.6,6717427.22,4251113.98,12079925.72,11839238.15,7943495.023214286,7321613.193777778,2306367.6714462917,2803677.7644805135,14237002.33,3896896.85,28531.0,29077.714285714286,465.0,501.14285714285717,2310.0,2511.5714285714284,0.0,16.130100609222207
2014-06-03,7433951.35,283,1425,0.0,27485,0,0,2014,6,2,1,0,3,1,27,0,10120772.07,11197544.52,6998009.98,5130961.6,9411997.25,12257015.36,8153125.669285715,7381374.996888888,1419552.2105618124,2735993.560087537,14237002.33,3896896.85,29119.0,29007.714285714286,379.0,513.1428571428571,1903.0,2568.8571428571427,0.0,15.821568220079754
2014-06-04,6422990.57,221,1116,0.0,31372,0,0,2014,6,2,2,0,4,0,26,0,7433951.35,14237002.33,9232803.8,6175024.0,5397308.75,11719359.192857143,8235375.303214286,7404972.107333333,2316848.426071692,2675728.7447545296,14237002.33,3896896.85,27485.0,28627.571428571428,283.0,487.0,1425.0,2429.8571428571427,0.0,15.67539454376826
2014-06-05,4701261.04,143,730,0.0,30289,0,0,2014,6,2,3,0,5,0,25,0,6422990.57,12708438.64,8682669.79,6845994.59,6860958.96,10603071.798571428,8244231.252142857,7415152.734444445,2744601.6885588313,2669059.006521351,14237002.33,3896896.85,31372.0,29116.14285714286,221.0,431.0,1116.0,2152.5714285714284,0.0,15.363341549784408
2014-06-06,4455750.46,179,855,0.0,27136,0,0,2014,6,2,4,0,6,0,24,0,4701261.04,13573669.01,6481511.11,3896896.85,5692902.11,9459189.284285715,8167633.625357144,7432190.957333333,3327575.714656295,2740491.589644683,14237002.33,3896896.85,30289.0,29015.714285714286,143.0,371.7142857142857,730.0,1862.142857142857,0.0,15.309706282552542
2014-06-07,5291724.53,194,1019,0.0,31059,0,0,2014,6,2,5,1,7,0,23,0,4455750.46,12424970.9,5624884.34,5476367.67,3843507.28,8156629.491428571,8187592.682857143,7441947.463,3231753.4811590384,2710102.307527613,14237002.33,4455750.46,27136.0,28812.285714285714,179.0,311.85714285714283,855.0,1552.5714285714287,0.0,15.481654937792579
2014-06-08,5672479.42,206,1005,0.0,28049,0,0,2014,6,2,6,1,8,0,22,0,5291724.53,11536710.05,7834743.41,5960839.36,3646959.35,7137594.295714286,8180998.284999999,7458207.986888889,2750311.992152364,2717159.2303581857,14237002.33,4455750.46,31059.0,29284.428571428572,194.0,266.2857142857143,1019.0,1336.857142857143,0.0,15.551137043889321
2014-06-09,5745736.68,240,1150,0.0,30401,0,0,2014,6,2,0,0,9,0,21,0,5672479.42,10120772.07,7196331.6,6171798.51,3880132.51,6299847.062857143,8170699.715714286,7468735.139555555,1969217.0830636583,2726416.4323728373,14237002.33,4455750.46,28049.0,29215.571428571428,206.0,229.28571428571428,1005.0,1150.4285714285713,0.0,15.563968864851343
2014-06-10,8176131.42,320,1613,0.0,27671,0,0,2014,6,2,1,0,10,0,20,0,5745736.68,7433951.35,11197544.52,6357034.06,4476887.83,5674842.007142857,8155483.221785714,7468409.940555556,1019807.7179775868,2739144.9985308424,14237002.33,4455750.46,30401.0,29398.714285714286,240.0,209.42857142857142,1150.0,1042.857142857143,0.0,15.916729787478419
2014-06-11,6815089.25,269,1329,0.0,31871,0,0,2014,6,2,2,0,11,0,19,0,8176131.42,6422990.57,14237002.33,8953168.22,5003847.86,5780867.731428571,8220450.984642857,7482252.283777777,1246551.2128235847,2716387.429377955,14237002.33,4455750.46,27671.0,29425.285714285714,320.0,214.71428571428572,1613.0,1069.7142857142858,0.0,15.734649865871747
2014-06-12,6198469.27,233,1151,0.0,29120,0,0,2014,6,2,3,0,12,0,18,0,6815089.25,4701261.04,12708438.64,7521179.22,7209020.15,5836881.828571429,8144091.021428571,7499032.231333332,1288323.7761565582,2725065.010585306,14237002.33,4455750.46,31871.0,29496.571428571428,269.0,221.57142857142858,1329.0,1100.142857142857,0.0,15.639813088927145
2014-06-13,5808360.57,218,1158,0.0,30261,0,0,2014,6,2,4,0,13,0,17,0,6198469.27,4455750.46,13573669.01,7254155.54,6845836.24,6050768.718571429,8096851.380357142,7517406.229888888,1188805.1847427837,2747634.551457034,14237002.33,4455750.46,29120.0,29329.571428571428,233.0,234.42857142857142,1151.0,1160.2857142857142,0.0,15.574809087336961
2014-06-14,6159350.48,238,1254,0.0,29999,0,0,2014,6,2,5,1,14,0,16,0,5808360.57,5291724.53,12424970.9,6473741.19,4871516.57,6243998.734285714,8045215.845714286,7529817.045555556,977484.8844641158,2777480.7495362977,14237002.33,4455750.46,30261.0,29776.0,218.0,240.0,1158.0,1203.5714285714287,0.0,15.633482050746677
2014-06-15,6251988.62,233,1118,0.0,31223,0,0,2014,6,2,6,1,15,0,15,0,6159350.48,5672479.42,11536710.05,7502869.16,5166292.57,6367945.298571428,8033987.606071428,7536546.83088889,887473.95335985,2784694.989674694,14237002.33,4455750.46,29999.0,29624.571428571428,238.0,246.28571428571428,1254.0,1237.142857142857,0.0,15.648410310253412
2014-06-16,7506669.47,284,1368,0.0,23259,0,0,2014,6,2,0,0,16,0,14,0,6251988.62,5745736.68,10120772.07,6717427.22,5794009.15,6450732.327142857,7989313.301071429,7532415.845777778,837402.4744911451,2803501.5035623526,14237002.33,4455750.46,31223.0,30078.0,233.0,250.14285714285714,1118.0,1253.2857142857142,0.0,15.831302579228272
2014-06-17,7985873.38,331,1635,0.0,29091,0,0,2014,6,2,1,0,17,0,13,0,7506669.47,8176131.42,7433951.35,6998009.98,5795298.96,6702294.154285714,8017500.524285714,7552405.834222222,854640.1136102206,2794192.1425079745,14237002.33,4455750.46,23259.0,29057.714285714286,284.0,256.42857142857144,1368.0,1284.4285714285713,0.0,15.893184836454036
2014-06-18,6928139.58,291,1420,0.0,22476,0,0,2014,6,2,2,0,18,0,12,0,7985873.38,6815089.25,6422990.57,9232803.8,6632615.61,6675114.434285715,8052781.359999999,7560215.727333332,801318.3434578624,2787070.341242344,14237002.33,4455750.46,29091.0,29260.571428571428,331.0,258.0,1635.0,1287.5714285714287,0.0,15.751102020588975
2014-06-19,5160401.64,206,970,0.0,27866,0,0,2014,6,2,3,0,19,0,11,0,6928139.58,6198469.27,4701261.04,8682669.79,7437341.02,6691264.481428572,7970471.923571429,7565421.336444444,805736.6745762114,2784961.067027529,14237002.33,4455750.46,22476.0,27918.428571428572,291.0,261.14285714285717,1420.0,1300.5714285714287,0.0,15.456525165421237
2014-06-20,5726955.46,230,1120,0.0,30816,0,0,2014,6,2,4,0,20,0,10,0,5160401.64,5808360.57,4455750.46,6481511.11,7078652.68,6542969.105714286,7844676.6325,7572684.229333333,986747.4197411507,2830772.727652037,14237002.33,4455750.46,27866.0,27739.285714285714,206.0,257.2857142857143,970.0,1274.7142857142858,0.0,15.560694788762845
2014-06-21,5534870.9,230,1160,0.0,30622,0,0,2014,6,2,5,1,21,0,9,0,5726955.46,6159350.48,5291724.53,5624884.34,5526354.45,6531339.8042857135,7817728.216428571,7584290.103777778,997271.670348701,2847771.012725422,14237002.33,4455750.46,30816.0,27818.571428571428,230.0,259.0,1120.0,1269.2857142857142,0.0,15.52657898022562
2014-06-22,6871043.81,261,1288,0.0,30032,0,0,2014,6,2,6,1,22,0,8,0,5534870.9,6251988.62,5672479.42,7834743.41,5117274.96,6442128.435714287,7814513.4507142855,7587570.813777778,1061929.709595511,2850387.737714644,14237002.33,4455750.46,30622.0,27907.571428571428,230.0,257.85714285714283,1160.0,1255.857142857143,0.0,15.742826735604522
2014-06-23,7520898.79,298,1516,0.03259752149915582,28623,1,1,2014,6,2,0,0,23,0,7,0,6871043.81,7506669.47,5745736.68,7196331.6,5844565.63,6530564.89142857,7780095.6078571435,7602622.522111111,1069208.153308895,2855947.233041571,14237002.33,4455750.46,30032.0,27737.428571428572,261.0,261.85714285714283,1288.0,1280.142857142857,0.0,15.833196341693714
2014-06-24,8318751.36,350,1733,0.05864211092372401,31892,1,1,2014,6,2,1,0,24,0,6,0,7520898.79,7985873.38,8176131.42,11197544.52,5243774.5,6532597.651428572,7791687.293214286,7609979.573444445,1071384.5098883626,2854148.2120185522,14237002.33,4455750.46,28623.0,28503.714285714286,298.0,263.85714285714283,1516.0,1301.2857142857142,0.0,15.934022844821987
2014-06-25,7464560.81,325,1545,0.08818838867493933,30658,1,1,2014,6,2,2,0,25,0,5,0,8318751.36,6928139.58,6815089.25,14237002.33,6728887.1,6580151.64857143,7688873.251785713,7613898.330888889,1151064.2652961924,2777744.403078969,14237002.33,4455750.46,31892.0,28903.85714285714,350.0,266.57142857142856,1733.0,1315.2857142857142,0.0,15.82567728796933
2014-06-26,5465498.81,232,1220,0.11004419375218931,28821,1,1,2014,6,2,3,0,26,0,4,0,7464560.81,5160401.64,6198469.27,12708438.64,8817278.13,6656783.252857142,7447000.3403571425,7604280.390222223,1195106.0484340726,2463530.879593945,13573669.01,4455750.46,30658.0,30072.714285714286,325.0,271.42857142857144,1545.0,1333.142857142857,0.0,15.51396613195251
2014-06-27,6215342.27,263,1333,0.1799999986163272,31165,1,1,2014,6,2,4,0,27,0,3,1,5465498.81,5726955.46,5808360.57,13573669.01,7748199.74,6700368.562857143,7188323.917857142,7601148.5971111115,1135515.5759818358,2262681.2694112407,13573669.01,4455750.46,28821.0,30209.14285714286,232.0,275.14285714285717,1220.0,1368.857142857143,0.0,15.642531513903702
2014-06-28,6715989.51,330,1693,0.1799999967540152,28913,1,1,2014,6,2,5,1,28,0,2,1,6215342.27,5534870.9,6159350.48,12424970.9,6285354.21,6770138.107142857,6925526.534285715,7594017.6296666665,1079352.9427828577,1890256.9740458154,12424970.9,4455750.46,31165.0,30259.0,263.0,279.85714285714283,1333.0,1399.2857142857142,0.0,15.720001884135092
2014-06-29,10967240.25,541,2783,0.1799999995440968,30012,1,1,2014,6,2,6,1,29,0,1,1,6715989.51,6871043.81,6251988.62,11536710.05,9546012.78,6938869.337142857,6721634.341785714,7526594.100888889,936996.2693142509,1552881.7805101469,11536710.05,4455750.46,28913.0,30014.85714285714,330.0,294.14285714285717,1693.0,1475.4285714285713,0.0,16.210423319312014
2014-06-30,8960784.4,481,2366,0.18000000424070017,25122,1,1,2014,6,2,0,0,30,0,0,1,10967240.25,7520898.79,7506669.47,10120772.07,7372318.59,7524040.257142857,6701296.134642856,7511646.504888889,1783908.1124681833,1489936.1496605666,10967240.25,4455750.46,30012.0,30012.0,541.0,334.14285714285717,2783.0,1689.0,0.03259752149915582,16.00836843735953
2014-07-01,9836345.7,470,2387,0.1799999932901911,24118,1,1,2014,7,3,1,0,1,1,30,0,8960784.4,8318751.36,7985873.38,7433951.35,6359864.53,7729738.201428571,6659868.003571428,7476056.4290000005,1864672.05676198,1405043.5361559887,10967240.25,4455750.46,25122.0,29511.85714285714,481.0,360.2857142857143,2366.0,1810.4285714285713,0.05864211092372401,16.10159492976534
2014-07-02,8037264.4,407,2001,0.18000000597218127,22829,1,1,2014,7,3,2,0,2,1,29,0,9836345.7,7464560.81,6928139.58,6422990.57,7209130.33,7946537.392857142,6745667.801785714,7440388.367333334,2025827.2673096724,1522505.9595767271,10967240.25,4455750.46,24118.0,28401.285714285714,470.0,377.42857142857144,2387.0,1903.857142857143,0.08818838867493933,15.899599458921625
2014-07-03,6599126.14,313,1553,0.1800000022427212,24291,1,1,2014,7,3,3,0,3,1,28,0,8037264.4,5465498.81,5160401.64,4701261.04,8038680.63,8028352.191428572,6803320.438571429,7422552.752111112,2014651.7911042646,1540294.497471082,10967240.25,4455750.46,22829.0,27282.85714285714,407.0,389.14285714285717,2001.0,1969.0,0.11004419375218931,15.7024479467355
2014-07-04,1539342.27,67,308,0.18000000090947935,19697,1,1,2014,7,3,4,0,4,0,27,0,6599126.14,6215342.27,5726955.46,4455750.46,2521315.44,8190298.952857142,6871101.335,7462242.408888889,1809411.2031735429,1485137.42162555,10967240.25,4455750.46,24291.0,26635.714285714286,313.0,400.7142857142857,1553.0,2016.5714285714287,0.1799999986163272,14.246866435383033
2014-07-05,2247607.0,83,414,0.17999999110164722,21042,1,1,2014,7,3,5,1,5,0,26,0,1539342.27,6715989.51,5534870.9,5291724.53,2494107.65,7522298.952857143,6766943.899642857,7428472.744888889,3078284.595655495,1741030.6082611727,10967240.25,1539342.27,19697.0,24997.428571428572,67.0,372.7142857142857,308.0,1870.142857142857,0.1799999967540152,14.625377097566044
2014-07-06,2992177.47,133,645,0.17999999512061027,23161,1,1,2014,7,3,6,1,6,0,25,0,2247607.0,10967240.25,6871043.81,5672479.42,2452372.43,6883958.5942857135,6658225.416428572,7400675.787888888,3678199.462085741,1922182.8507240645,10967240.25,1539342.27,21042.0,23873.0,83.0,337.42857142857144,414.0,1687.4285714285713,0.1799999995440968,14.911512265361742
2014-07-07,3321041.63,166,779,0.17999999295401786,23149,1,1,2014,7,3,0,0,7,0,24,0,2992177.47,8960784.4,7520898.79,5745736.68,2958215.01,5744663.911428571,6562500.346785714,7382646.486555555,3429327.7357735573,2036435.5833524435,10967240.25,1539342.27,23161.0,22894.285714285714,133.0,279.14285714285717,645.0,1382.0,0.18000000424070017,15.015789336771528
2014-07-08,4389991.98,186,927,0.1799999894305046,25383,1,1,2014,7,3,1,0,8,0,23,0,3321041.63,9836345.7,8318751.36,8176131.42,2571901.18,4938986.372857143,6475904.095,7348515.504222223,3202822.510666521,2122200.71938856,10967240.25,1539342.27,23149.0,22612.428571428572,166.0,234.14285714285714,779.0,1155.2857142857142,0.1799999932901911,15.294838185961238
2014-07-09,5089459.45,227,1148,0.18000001355743192,21166,1,1,2014,7,3,2,0,9,0,22,0,4389991.98,8037264.4,7464560.81,6815089.25,4624825.33,4160935.8414285714,6340684.829285714,7329081.662666666,2367423.362611574,2130459.579361693,10967240.25,1539342.27,25383.0,22793.14285714286,186.0,193.57142857142858,927.0,946.7142857142857,0.18000000597218127,15.442682380943463
2014-07-10,5277348.24,238,1143,0.17999998044472423,24785,1,1,2014,7,3,3,0,10,0,21,0,5089459.45,6599126.14,5465498.81,6198469.27,3855254.64,3739820.8485714286,6279055.193571428,7327813.548555554,1742748.2321632633,2141160.311782875,10967240.25,1539342.27,21166.0,22555.571428571428,227.0,167.85714285714286,1148.0,824.8571428571429,0.1800000022427212,15.478934491740446
2014-07-11,3680744.54,160,821,0.1800000034775573,23966,1,1,2014,7,3,4,0,11,0,20,0,5277348.24,1539342.27,6215342.27,5808360.57,5785320.61,3550995.4342857143,6246158.013928572,7329717.8116666665,1423716.1979885348,2149504.1842258563,10967240.25,1539342.27,24785.0,22626.14285714286,238.0,157.14285714285714,1143.0,766.2857142857143,0.18000000090947935,15.118625882017351
2014-07-12,3635150.5,177,845,0.18,23198,1,1,2014,7,3,5,1,12,0,19,0,3680744.54,2247607.0,6715989.51,6159350.48,6053300.71,3856910.0442857146,6170171.727142856,7307421.898222223,1116303.9469056185,2202506.5895104595,10967240.25,1539342.27,23966.0,23236.0,160.0,170.42857142857142,821.0,839.5714285714286,0.17999999110164722,15.106161346210547
2014-07-13,4538183.38,202,982,0.18000000255608886,21016,1,1,2014,7,3,6,1,13,0,18,0,3635150.5,2992177.47,10967240.25,6251988.62,4161301.31,4055130.5442857146,6080021.727857143,7292863.5106666675,881389.8543451307,2254022.013192977,10967240.25,1539342.27,23198.0,23544.0,177.0,183.85714285714286,845.0,901.1428571428571,0.17999999512061027,15.328037573730121
2014-07-14,4180514.48,209,1122,0.18000000803728827,22862,1,1,2014,7,3,0,0,14,0,17,0,4538183.38,3321041.63,8960784.4,7506669.47,4482102.22,4275988.531428572,6018814.397857143,7266382.286111111,755326.805938971,2272373.5902333423,10967240.25,1539342.27,21016.0,23237.571428571428,202.0,193.71428571428572,982.0,949.2857142857143,0.17999999295401786,15.245945117471745
2014-07-15,4729914.86,226,1215,0.17999999687097962,23206,1,1,2014,7,3,1,0,15,0,16,0,4180514.48,4389991.98,9836345.7,7985873.38,4387240.36,4398770.367142858,5900023.148214286,7225370.539111112,634399.3955307108,2278644.192167413,10967240.25,1539342.27,22862.0,23196.571428571428,209.0,199.85714285714286,1122.0,998.2857142857143,0.1799999894305046,15.369417971726387
2014-07-16,5725200.44,291,1556,0.18000000013973308,25448,1,1,2014,7,3,2,0,16,0,15,0,4729914.86,5089459.45,8037264.4,6928139.58,4411030.39,4447330.778571429,5783738.915357143,7190004.504666667,646509.6517016575,2251169.968651264,10967240.25,1539342.27,23206.0,22885.571428571428,226.0,205.57142857142858,1215.0,1039.4285714285713,0.18000001355743192,15.560388292811764
2014-07-17,5475110.93,260,1265,0.17999998951619417,24173,1,1,2014,7,3,3,0,17,0,14,0,5725200.44,5277348.24,6599126.14,5160401.64,4475453.64,4538150.92,5740776.803214285,7191865.018666666,782169.1987421488,2239971.7360574356,10967240.25,1539342.27,25448.0,23497.285714285714,291.0,214.71428571428572,1556.0,1097.7142857142858,0.17999998044472423,15.515723277293482
2014-07-18,4518235.32,220,1112,0.18000001381070166,22467,1,1,2014,7,3,4,0,18,0,13,0,5475110.93,3680744.54,1539342.27,5726955.46,6265533.39,4566402.7328571435,5752016.420714286,7189362.47711111,816152.1672561663,2237740.1549508707,10967240.25,1539342.27,24173.0,23409.85714285714,260.0,217.85714285714286,1265.0,1115.142857142857,0.1800000034775573,15.323632280972392
2014-07-19,4203668.56,188,904,0.09786115249771263,19637,1,1,2014,7,3,5,1,19,0,12,0,4518235.32,3635150.5,2247607.0,5534870.9,6310739.5,4686044.272857144,5708847.8442857135,7165954.446777778,720457.8566362048,2249867.4533315105,10967240.25,1539342.27,22467.0,23195.714285714286,220.0,226.42857142857142,1112.0,1156.7142857142858,0.18,15.251468406557667
2014-07-20,4322625.55,182,855,0.062041513172474534,23071,1,1,2014,7,3,6,1,20,0,11,0,4203668.56,4538183.38,2992177.47,6871043.81,4157746.85,4767261.138571429,5661304.903571428,7141346.449222223,605047.1731915293,2267674.640919732,10967240.25,1539342.27,19637.0,22687.0,188.0,228.0,904.0,1165.142857142857,0.18000000255608886,15.27937377314977
2014-07-21,4796649.21,193,946,0.006311420467622646,23563,1,1,2014,7,3,0,0,21,0,10,0,4322625.55,4180514.48,3321041.63,7520898.79,4847680.2,4736467.162857143,5570289.965714285,7095880.157222222,623842.7680236513,2268463.777303153,10967240.25,1539342.27,23071.0,22980.571428571428,182.0,225.14285714285714,855.0,1147.0,0.18000000803728827,15.383428359334795
2014-07-22,6208113.76,257,1242,0.0020834476461011244,20852,1,1,2014,7,3,1,0,22,0,9,0,4796649.21,4729914.86,4389991.98,8318751.36,5926190.4,4824486.409999999,5472995.337857143,7036608.510000001,573786.4837262433,2239945.798994798,10967240.25,1539342.27,23563.0,23080.714285714286,193.0,222.85714285714286,946.0,1121.857142857143,0.17999999687097962,15.641367826499073
2014-07-23,7566031.17,292,1531,0.0,20563,0,0,2014,7,3,2,0,23,0,8,0,6208113.76,5725200.44,5089459.45,7464560.81,4436778.28,5035657.681428571,5397615.423571429,7014575.942444445,771223.4109844441,2175210.6411526906,10967240.25,1539342.27,20852.0,22744.428571428572,257.0,227.28571428571428,1242.0,1125.7142857142858,0.18000000013973308,15.839179336082541
2014-07-24,5905615.09,252,1181,0.0,20142,0,0,2014,7,3,3,0,24,0,7,0,7566031.17,5475110.93,5277348.24,5465498.81,7329505.1,5298633.5,5401239.365,7023520.170666667,1225557.0233976988,2178863.2093586046,10967240.25,1539342.27,20563.0,22046.571428571428,292.0,227.42857142857142,1531.0,1122.142857142857,0.17999998951619417,15.591414335786807
2014-07-25,4437108.92,179,906,0.0,23097,0,0,2014,7,3,4,0,25,0,6,0,5905615.09,4518235.32,3680744.54,6215342.27,6342757.31,5360134.0942857135,5416957.803571428,7008058.897,1246511.5463573816,2180930.480599296,10967240.25,1539342.27,20142.0,21470.714285714286,252.0,226.28571428571428,1181.0,1110.142857142857,0.18000001381070166,15.305513803549793
2014-07-26,4875867.56,205,1025,0.0,24247,0,0,2014,7,3,5,1,26,0,5,0,4437108.92,4203668.56,3635150.5,6715989.51,6941436.71,5348544.608571428,5353449.469642857,6974318.082111111,1255984.867489862,2182710.793295873,10967240.25,1539342.27,23097.0,21560.714285714286,179.0,220.42857142857142,906.0,1080.7142857142858,0.09786115249771263,15.399808812698227
2014-07-27,4695097.96,211,991,0.0,21988,0,0,2014,7,3,6,1,27,0,4,0,4875867.56,4322625.55,4538183.38,10967240.25,4353958.13,5444573.037142857,5287730.8285714295,6928274.33488889,1177081.14533207,2167818.085494158,10967240.25,1539342.27,24247.0,22219.285714285714,205.0,222.85714285714286,1025.0,1098.0,0.062041513172474534,15.362029748144646
2014-07-28,5659848.32,227,1133,0.0,22670,0,0,2014,7,3,0,0,28,0,3,1,4695097.96,4796649.21,4180514.48,8960784.4,6017516.42,5497783.381428571,5063725.746785714,6849170.515333333,1125184.9831884417,1861641.514807237,9836345.7,1539342.27,21988.0,22064.571428571428,211.0,227.0,991.0,1117.4285714285713,0.006311420467622646,15.548907827916869
2014-07-29,8325936.32,324,1609,0.0,18711,0,0,2014,7,3,1,0,29,0,2,1,5659848.32,6208113.76,4729914.86,9836345.7,8158241.16,5621097.54,4945835.172499999,6719308.527000001,1082010.376136071,1703518.0724585033,9836345.7,1539342.27,22670.0,21937.0,227.0,231.85714285714286,1133.0,1144.142857142857,0.0020834476461011244,15.934886178483882
2014-07-30,9849002.97,392,1854,0.0,24281,0,0,2014,7,3,2,0,30,0,1,1,8325936.32,7566031.17,5725200.44,8037264.4,7711378.77,5923643.62,4891891.980357142,6658362.774333333,1491939.7102420058,1560861.6740684616,8325936.32,1539342.27,18711.0,21631.14285714286,324.0,241.42857142857142,1609.0,1196.5714285714287,0.0,16.102880888238367
2014-07-31,12499623.55,513,2647,0.0,19708,0,0,2014,7,3,3,0,31,0,0,1,9849002.97,5905615.09,5475110.93,6599126.14,10104475.36,6249782.448571429,4956596.929285714,6620130.8578888895,2054334.7669300742,1725003.0673541261,9849002.97,1539342.27,24281.0,22162.285714285714,392.0,255.71428571428572,1854.0,1242.7142857142858,0.0,16.34120916582144
2014-08-01,10268362.3,400,1985,0.0,24466,0,0,2014,8,3,4,0,1,1,30,0,12499623.55,4437108.92,4518235.32,1539342.27,10998208.4,7191783.657142857,5167328.979642858,6658600.457,3110526.394129446,2221928.4683598056,12499623.55,1539342.27,19708.0,22100.285714285714,513.0,293.0,2647.0,1452.142857142857,0.0,16.14457820211585
2014-08-02,9437585.35,365,1819,0.0,24590,0,0,2014,8,3,5,1,2,1,29,0,10268362.3,4875867.56,4203668.56,2247607.0,7422715.15,8024819.854285715,5479079.695,6681425.5556666665,3029623.3206301318,2304866.5128137725,12499623.55,2247607.0,24466.0,22295.85714285714,400.0,324.57142857142856,1985.0,1606.2857142857142,0.0,16.060210822166432
2014-08-03,8311634.97,353,1636,0.0,27896,0,0,2014,8,3,6,1,3,1,28,0,9437585.35,4695097.96,4322625.55,2992177.47,5599602.67,8676493.824285714,5735864.636071429,6754209.246,2713514.2601861153,2331873.618059612,12499623.55,2992177.47,24590.0,22344.85714285714,365.0,347.42857142857144,1819.0,1719.7142857142858,0.0,15.933167015085104
2014-08-04,7920532.02,272,1277,0.0,25170,0,0,2014,8,3,0,0,4,0,27,0,8311634.97,5659848.32,4796649.21,3321041.63,5021938.29,9193141.96857143,5925845.261071429,6799326.14588889,2105235.1278753737,2316705.1403171066,12499623.55,3321041.63,27896.0,23188.85714285714,353.0,367.7142857142857,1636.0,1811.857142857143,0.0,15.884969062031082
2014-08-05,4783590.74,165,778,0.0,25018,0,0,2014,8,3,1,0,5,0,26,0,7920532.02,8325936.32,6208113.76,4389991.98,2231563.34,9516096.782857144,6090112.774999999,6830321.372777779,1580999.844587712,2288057.0728420997,12499623.55,3635150.5,25170.0,23546.0,272.0,374.14285714285717,1277.0,1832.4285714285713,0.0,15.380702232342294
2014-08-06,5768372.14,220,1114,0.0,23442,0,0,2014,8,3,2,0,6,0,25,0,4783590.74,9849002.97,7566031.17,5089459.45,2493225.51,9010047.414285714,6104169.8735714285,6814861.003222223,2386939.9107723823,2278413.9691941706,12499623.55,3635150.5,25018.0,24447.0,165.0,351.42857142857144,778.0,1713.7142857142858,0.0,15.567900647255355
2014-08-07,4368310.48,174,831,0.0,23454,0,0,2014,8,3,3,0,7,0,24,0,5768372.14,12499623.55,5905615.09,5277348.24,2638845.23,8427100.152857143,6128416.7553571435,6802887.420444445,2633461.3603275805,2270815.2979014404,12499623.55,3635150.5,23442.0,24327.14285714286,220.0,326.85714285714283,1114.0,1608.0,0.0,15.289887103388285
2014-08-08,2772020.29,104,515,0.0,23334,0,0,2014,8,3,4,0,8,0,23,0,4368310.48,10268362.3,4437108.92,3680744.54,3065089.0,7265484.0,6095951.121071429,6808125.349666667,2311333.4751536674,2289852.018178353,12499623.55,3635150.5,23454.0,24862.285714285714,174.0,278.42857142857144,831.0,1348.5714285714287,0.0,14.835087319637617
2014-08-09,3001539.63,128,615,0.0,25341,0,0,2014,8,3,5,1,9,0,22,0,2772020.29,9437585.35,4875867.56,3635150.5,2598855.08,6194577.998571428,6063496.683571428,6778077.045444445,2422107.7247376023,2331413.5146930194,12499623.55,2772020.29,23334.0,24700.571428571428,104.0,236.14285714285714,515.0,1138.5714285714287,0.0,14.914636258147468
2014-08-10,3823485.27,152,763,0.0,29231,0,0,2014,8,3,6,1,10,0,21,0,3001539.63,8311634.97,4695097.96,4538183.38,1776113.02,5275142.895714286,6040867.723928571,6745195.937333333,2196986.79879926,2358770.711080333,12499623.55,2772020.29,25341.0,24807.85714285714,128.0,202.28571428571428,615.0,966.5714285714286,0.0,15.15667320050927
2014-08-11,4332284.65,155,802,0.0,23585,0,0,2014,8,3,0,0,11,0,20,0,3823485.27,7920532.02,5659848.32,4180514.48,2074476.53,4633978.6528571425,6015342.791428572,6719103.568,1778102.4813666632,2379410.6203758386,12499623.55,2772020.29,29231.0,24998.571428571428,152.0,173.57142857142858,763.0,841.8571428571429,0.0,15.281605824448956
2014-08-12,4968367.41,199,1017,0.0,26756,0,0,2014,8,3,1,0,12,0,19,0,4332284.65,4783590.74,8325936.32,4729914.86,1933036.01,4121371.885714286,6020763.154642858,6696606.352333332,1034417.4655082449,2375245.246091838,12499623.55,2772020.29,23585.0,24772.14285714286,155.0,156.85714285714286,802.0,774.0,0.0,15.418602056448242
2014-08-13,5893608.69,250,1198,0.0,27052,0,0,2014,8,3,2,0,13,0,18,0,4968367.41,5768372.14,9849002.97,5725200.44,2531884.21,4147768.5528571424,6029279.317142857,6652330.787777779,1056259.6805572798,2370869.087550014,12499623.55,2772020.29,26756.0,25020.428571428572,199.0,161.71428571428572,1017.0,808.1428571428571,0.0,15.589379218505762
2014-08-14,5049141.59,223,1092,0.0,24462,0,0,2014,8,3,3,0,14,0,17,0,5893608.69,4368310.48,12499623.55,5475110.93,2791478.67,4165659.488571428,6035293.8975,6634246.670777778,1088842.5257553218,2370282.651286307,12499623.55,2772020.29,27052.0,25536.14285714286,250.0,166.0,1198.0,820.1428571428571,0.0,15.434729002678164
2014-08-15,4964547.64,193,939,0.0,26593,0,0,2014,8,3,4,0,15,0,16,0,5049141.59,2772020.29,10268362.3,4518235.32,3665019.45,4262921.0757142855,6020080.706785714,6609746.515777779,1139204.602653551,2375372.773337095,12499623.55,2772020.29,24462.0,25680.14285714286,223.0,173.0,1092.0,857.4285714285714,0.0,15.417832942970485
2014-08-16,4183136.08,163,823,0.0,23490,0,0,2014,8,3,5,1,16,0,15,0,4964547.64,3001539.63,9437585.35,4203668.56,3619170.1,4576139.268571428,6036020.432499999,6592977.698555555,945998.4133842656,2366402.045657674,12499623.55,2772020.29,26593.0,26145.714285714286,193.0,185.71428571428572,939.0,918.0,0.0,15.246572020626092
2014-08-17,4553293.21,188,911,0.0,27595,0,0,2014,8,3,6,1,17,0,14,0,4183136.08,3823485.27,8311634.97,4322625.55,3066137.96,4744938.761428571,6035287.129642857,6556091.775444445,688611.234256982,2366993.9938607323,12499623.55,2772020.29,23490.0,25881.285714285714,163.0,190.71428571428572,823.0,947.7142857142857,0.0,15.331361531161777
2014-08-18,3852897.93,177,782,0.0,24284,0,0,2014,8,3,0,0,18,0,13,0,4553293.21,4332284.65,7920532.02,4796649.21,2385617.18,4849197.038571429,6043525.260357143,6532045.841999999,571062.6868270003,2361206.7797303554,12499623.55,2772020.29,27595.0,25647.571428571428,188.0,195.85714285714286,911.0,968.8571428571429,0.0,15.164336391756327
2014-08-19,5491853.95,222,1132,0.0,27530,0,0,2014,8,3,1,0,19,0,12,0,3852897.93,4968367.41,4783590.74,6208113.76,2870843.18,4780713.221428571,6009819.8575,6497100.152555556,664487.1227150602,2386267.580133275,12499623.55,2772020.29,24284.0,25747.428571428572,177.0,199.0,782.0,966.0,0.0,15.518776634377737
2014-08-20,6252896.94,244,1264,0.0,26262,0,0,2014,8,3,2,0,20,0,11,0,5491853.95,5893608.69,5768372.14,7566031.17,2730112.88,4855497.012857144,5984239.15,6455534.043111111,716544.6660474748,2387901.727340291,12499623.55,2772020.29,27530.0,25858.0,222.0,202.28571428571428,1132.0,982.4285714285714,0.0,15.648555584650682
2014-08-21,5420386.94,196,950,0.0,24400,0,0,2014,8,3,3,0,21,0,10,0,6252896.94,5049141.59,4368310.48,5905615.09,2707776.73,4906823.9057142865,5937341.498928571,6428536.567,810064.5142304465,2368501.19748679,12499623.55,2772020.29,26262.0,25745.14285714286,244.0,201.42857142857142,1264.0,991.8571428571429,0.0,15.505677946500171
2014-08-22,3980335.94,142,722,0.0,27609,0,0,2014,8,3,4,0,22,0,9,0,5420386.94,4964547.64,2772020.29,4437108.92,3821233.2,4959858.955714285,5920011.922142857,6416746.298444444,832769.551408356,2370516.200698436,12499623.55,2772020.29,24400.0,25736.285714285714,196.0,197.57142857142858,950.0,971.5714285714286,0.0,15.196877031968766
2014-08-23,3604919.44,141,703,0.0,20691,0,0,2014,8,3,5,1,23,0,8,0,3980335.94,4183136.08,3001539.63,4875867.56,3454696.96,4819257.284285715,5903698.601428571,6398473.538444445,911234.720860598,2382639.842211376,12499623.55,2772020.29,27609.0,25881.428571428572,142.0,190.28571428571428,722.0,940.5714285714286,0.0,15.097810259109528
2014-08-24,3975022.95,171,843,0.0,24220,0,0,2014,8,3,6,1,24,0,7,0,3604919.44,4553293.21,3823485.27,4695097.96,2837188.07,4736654.907142857,5858307.5971428575,6351475.494333333,1000357.9728915674,2414834.7083181385,12499623.55,2772020.29,20691.0,25481.571428571428,141.0,187.14285714285714,703.0,923.4285714285714,0.0,15.19554133120965
2014-08-25,4982068.72,192,985,0.0,22239,0,0,2014,8,3,0,0,25,0,6,0,3975022.95,3852897.93,4332284.65,5659848.32,3018860.44,4654044.87,5832590.6325,6315683.176,1041072.1430390312,2431458.2296477985,12499623.55,2772020.29,24220.0,24999.428571428572,171.0,184.71428571428572,843.0,913.7142857142857,0.0,15.42135596908611
2014-08-26,5315751.01,225,1099,0.0,26573,0,0,2014,8,3,1,0,26,0,5,0,4982068.72,5491853.95,4968367.41,8325936.32,3465971.03,4815354.9828571435,5808384.2182142865,6246622.333777779,982055.9896800584,2436610.026028246,12499623.55,2772020.29,22239.0,24707.285714285714,192.0,186.85714285714286,985.0,942.7142857142857,0.0,15.486185047990496
2014-08-27,7880420.55,309,1577,0.0,24745,0,0,2014,8,3,2,0,27,0,4,0,5315751.01,6252896.94,5893608.69,9849002.97,3008572.56,4790197.42,5700877.600000001,6147497.319111112,963925.8972081736,2387326.5022178045,12499623.55,2772020.29,26573.0,24570.571428571428,225.0,187.28571428571428,1099.0,938.0,0.0,15.879891956596085
2014-08-28,13900846.53,587,3025,0.0,24844,0,0,2014,8,3,3,0,28,0,3,1,7880420.55,5420386.94,5049141.59,12499623.55,3749158.5,5022700.792857142,5630571.085,6093852.673666666,1449511.5953601208,2287542.030193811,12499623.55,2772020.29,24745.0,24353.85714285714,309.0,196.57142857142858,1577.0,982.7142857142857,0.0,16.447460369623414
2014-08-29,12683009.27,569,2823,0.0,21406,0,0,2014,8,3,4,0,29,0,2,1,13900846.53,3980335.94,4964547.64,10268362.3,6385124.62,6234195.0200000005,5680614.762857142,6097487.979444444,3674139.1919744518,2452741.190580655,13900846.53,2772020.29,24844.0,24417.285714285714,587.0,252.42857142857142,3025.0,1279.142857142857,0.0,16.355773881794565
2014-08-30,11574198.37,468,2471,0.005250913977552642,24035,1,1,2014,8,3,5,1,30,0,1,1,12683009.27,3604919.44,4183136.08,9437585.35,5499141.72,7477434.067142857,5766852.154642857,6100355.0724444445,4216705.151184118,2654194.659943397,13900846.53,2772020.29,21406.0,23531.14285714286,569.0,313.42857142857144,2823.0,1579.2857142857142,0.0,16.264288986645806
2014-08-31,11951398.65,460,2468,0.009973309692920334,26386,1,1,2014,8,3,6,1,31,0,0,1,11574198.37,3975022.95,4553293.21,8311634.97,6810100.27,8615902.485714285,5843159.7625,6100771.609333334,4070175.0541238743,2790832.7374844174,13900846.53,2772020.29,24035.0,24008.85714285714,468.0,360.14285714285717,2471.0,1831.857142857143,0.0,16.29635895500615
2014-09-01,10306541.25,387,1943,0.013859609789074488,15632,1,1,2014,9,3,0,0,1,1,29,0,11951398.65,4982068.72,3852897.93,7920532.02,6018993.92,9755384.728571428,5973151.3225,6121111.904666666,3649127.3649033704,2987878.3061299236,13900846.53,2772020.29,26386.0,24318.285714285714,460.0,401.42857142857144,2468.0,2064.0,0.0,16.14828942146775
2014-09-02,1980913.22,77,340,0.07218170819214383,17927,1,1,2014,9,3,1,0,2,1,28,0,10306541.25,5315751.01,5491853.95,4783590.74,5386759.65,10516023.66142857,6058365.937857144,6153029.570222221,2982337.1663261675,3078136.200597146,13900846.53,2772020.29,15632.0,23374.428571428572,387.0,429.2857142857143,1943.0,2200.8571428571427,0.0,14.499069023380208
2014-09-03,2013419.84,69,341,0.1000000029800044,18132,1,1,2014,9,3,2,0,3,1,27,0,1980913.22,7880420.55,6252896.94,5768372.14,4126941.12,10039618.262857141,5958270.312142857,6103673.155222222,4032835.0183953177,3165455.5565643325,13900846.53,1980913.22,17927.0,22139.285714285714,77.0,408.14285714285717,340.0,2092.4285714285716,0.0,14.515345743874533
2014-09-04,2079554.62,80,399,0.09999999903825561,18744,1,1,2014,9,3,3,0,4,0,26,0,2013419.84,13900846.53,5420386.94,4368310.48,5401049.96,9201475.304285714,5824164.872857143,6073808.253,5040219.74951523,3252151.220687181,13900846.53,1980913.22,18132.0,21194.571428571428,69.0,373.85714285714283,341.0,1915.857142857143,0.0,14.547664784621551
2014-09-05,3009749.32,106,545,0.10000000930310038,16761,1,1,2014,9,3,4,0,5,0,25,0,2079554.62,12683009.27,3980335.94,2772020.29,3168900.6,7512719.317142857,5742423.592142857,6047406.0770000005,5181654.7802130645,3318191.5661285818,13900846.53,1980913.22,18744.0,20323.14285714286,80.0,301.42857142857144,399.0,1540.7142857142858,0.0,14.91736768311839
2014-09-06,2651615.67,112,531,0.09999999736010008,16392,1,1,2014,9,3,5,1,6,0,24,0,3009749.32,11574198.37,3604919.44,3001539.63,2705040.33,6130825.038571429,5750913.914642857,6022050.796888889,4852399.674153387,3310605.107391514,13900846.53,1980913.22,16761.0,19659.571428571428,106.0,235.28571428571428,545.0,1215.2857142857142,0.005250913977552642,14.790680076099864
2014-09-07,3257294.39,135,659,0.10000002179723154,16882,1,1,2014,9,3,6,1,7,0,23,0,2651615.67,11951398.65,3975022.95,3823485.27,2468479.29,4856170.367142857,5738416.6303571435,5988485.644111112,4327741.298330032,3322009.0102578513,13900846.53,1980913.22,16392.0,18567.714285714286,112.0,184.42857142857142,531.0,938.1428571428571,0.009973309692920334,14.996407774036012
2014-09-08,3789247.34,148,755,0.10000000422247443,19692,1,1,2014,9,3,0,0,8,0,22,0,3257294.39,10306541.25,4982068.72,4332284.65,3056823.21,3614155.4728571433,5718195.527500001,5960836.285333333,2994216.6892378693,3335791.5423980164,13900846.53,1980913.22,16882.0,17210.0,135.0,138.0,659.0,679.7142857142857,0.013859609789074488,15.147678230212392
2014-09-09,3050893.58,126,675,0.10000000393327386,17866,1,1,2014,9,3,1,0,9,0,21,0,3789247.34,1980913.22,5315751.01,4968367.41,3771227.87,2683113.4857142856,5698801.337857142,5912093.128888889,703178.1414571246,3345711.468200665,13900846.53,1980913.22,19692.0,17790.0,148.0,103.85714285714286,755.0,510.0,0.07218170819214383,14.930945410496149
2014-09-10,2734213.18,119,631,0.10000001170354975,17022,1,1,2014,9,3,2,0,10,0,20,0,3050893.58,2013419.84,7880420.55,5893608.69,5357130.97,2835967.822857143,5630320.129642857,5870268.732555555,638407.241714162,3380657.244967549,13900846.53,1980913.22,17866.0,17781.285714285714,126.0,110.85714285714286,675.0,557.8571428571429,0.1000000029800044,14.821354632627067
2014-09-11,3603376.76,154,758,0.09999999555972049,20363,1,1,2014,9,3,3,0,11,0,19,0,2734213.18,2079554.62,13900846.53,5049141.59,4636476.74,2938938.3000000003,5517484.5757142855,5831776.998222222,533062.1018758746,3423991.57617299,13900846.53,1980913.22,17022.0,17622.714285714286,119.0,118.0,631.0,599.2857142857143,0.09999999903825561,15.097382230195976
2014-09-12,3387921.49,137,701,0.10000000029516623,18930,1,1,2014,9,3,4,0,12,0,18,0,3603376.76,3009749.32,12683009.27,4964547.64,3865949.23,3156627.1771428576,5465850.1175,5807277.178111111,423507.23208952264,3442168.8187031234,13900846.53,1980913.22,20363.0,17854.0,154.0,128.57142857142858,758.0,650.5714285714286,0.10000000930310038,15.035727456688367
2014-09-13,4488375.88,188,999,0.0999999893057085,16596,1,1,2014,9,3,5,1,13,0,17,0,3387921.49,2651615.67,11574198.37,4183136.08,3034568.95,3210651.772857143,5409542.040714286,5776483.522666667,425762.7683423625,3463502.3655945025,13900846.53,1980913.22,18930.0,18163.85714285714,137.0,133.0,701.0,672.8571428571429,0.09999999736010008,15.317001697703526
2014-09-14,4664595.04,205,1028,0.10000002272437351,18068,1,1,2014,9,3,6,1,14,0,16,0,4488375.88,3257294.39,11951398.65,4553293.21,3664631.38,3473046.088571429,5420443.462142857,5756887.8255555555,566531.2143035406,3459977.8481007772,13900846.53,1980913.22,16596.0,18193.0,188.0,143.85714285714286,999.0,739.7142857142857,0.10000002179723154,15.35551179473063
2014-09-15,3434401.74,171,851,0.10000001339389027,19576,1,1,2014,9,3,0,0,15,0,15,0,4664595.04,3789247.34,10306541.25,3852897.93,3078369.62,3674089.038571429,5424418.527499999,5725309.220777778,708996.7012949398,3459008.5070393933,13900846.53,1980913.22,18068.0,18362.428571428572,205.0,153.85714285714286,1028.0,792.4285714285714,0.10000000422247443,15.049353593702559
2014-09-16,3499018.93,133,677,0.10000001343233658,17833,1,1,2014,9,3,1,0,16,0,14,0,3434401.74,3050893.58,1980913.22,5491853.95,3927167.34,3623396.81,5409472.235,5674737.313666667,712069.58778952,3466945.5596015975,13900846.53,1980913.22,19576.0,18345.85714285714,171.0,157.14285714285714,851.0,806.1428571428571,0.10000000393327386,15.06799346724672
2014-09-17,2159581.94,114,536,0.10000000277831551,19329,1,1,2014,9,3,2,0,17,0,13,0,3499018.93,2734213.18,2013419.84,6252896.94,5410121.46,3687414.717142857,5338299.555714286,5636635.973111111,670979.4394212872,3485596.9281718316,13900846.53,1980913.22,17833.0,18341.14285714286,133.0,158.14285714285714,677.0,806.4285714285714,0.10000001170354975,14.585425677684027
2014-09-18,3245614.46,143,715,0.09999998582702889,16909,1,1,2014,9,3,3,0,18,0,12,0,2159581.94,3603376.76,2079554.62,5420386.94,4460453.69,3605324.54,5192109.734285714,5603293.532000001,824599.7708963373,3531355.719359297,13900846.53,1980913.22,19329.0,18670.714285714286,114.0,157.42857142857142,536.0,792.8571428571429,0.09999999555972049,14.99281555423498
2014-09-19,3152106.06,143,736,0.09999999492402867,17146,1,1,2014,9,3,4,0,19,0,11,0,3245614.46,3387921.49,3009749.32,3980335.94,2995364.48,3554215.6400000006,5114439.288571428,5575723.076444444,835752.2961545839,3550016.1432700907,13900846.53,1980913.22,16909.0,18177.285714285714,143.0,155.85714285714286,715.0,786.7142857142857,0.10000000029516623,14.963581695119125
2014-09-20,3934660.56,171,880,0.1000000213487285,18727,1,1,2014,9,3,5,1,20,0,10,0,3152106.06,4488375.88,2651615.67,3604919.44,3316913.08,3520527.7214285717,5084859.649999999,5549247.911555556,848232.0478664021,3563241.643275814,13900846.53,1980913.22,17146.0,17922.428571428572,143.0,156.71428571428572,736.0,791.7142857142857,0.0999999893057085,15.185335428510884
2014-09-21,4973677.98,207,1014,0.10000000442328598,20058,1,1,2014,9,3,6,1,21,0,9,0,3934660.56,4664595.04,3257294.39,3975022.95,3799564.88,3441425.532857143,5096636.118571429,5516621.431,764630.793089206,3558711.319823348,13900846.53,1980913.22,18727.0,18226.85714285714,171.0,154.28571428571428,880.0,774.7142857142857,0.10000002272437351,15.419670361656767
2014-09-22,4691002.44,208,1105,0.10000000767426588,18738,1,1,2014,9,3,0,0,22,0,8,0,4973677.98,3434401.74,3789247.34,4982068.72,3243304.2,3485580.238571428,5132302.3696428565,5488318.977555555,851074.6100034887,3552052.058367591,13900846.53,1980913.22,20058.0,18511.14285714286,207.0,154.57142857142858,1014.0,772.7142857142857,0.10000001339389027,15.361157070629448
2014-09-23,3267077.04,130,663,0.10000002020154383,16222,1,1,2014,9,3,1,0,23,0,7,0,4691002.44,3499018.93,3050893.58,5315751.01,4426354.9,3665094.6242857142,5121907.145357142,5448010.656222222,963570.9187693275,3552933.806305546,13900846.53,1980913.22,18738.0,18391.428571428572,208.0,159.85714285714286,1105.0,809.0,0.10000001343233658,14.999406577656341
2014-09-24,3651189.03,150,781,0.09999999917834985,20395,1,1,2014,9,3,2,0,24,0,6,0,3267077.04,2159581.94,2734213.18,7880420.55,4673257.46,3631960.068571429,5048740.217857143,5401371.9476666665,974163.3215807352,3569848.3584338306,13900846.53,1980913.22,16222.0,18161.285714285714,130.0,159.42857142857142,663.0,807.0,0.10000000277831551,15.11056370803705
2014-09-25,3991936.34,179,860,0.10000000400807996,16861,1,1,2014,9,3,3,0,25,0,5,0,3651189.03,3245614.46,3603376.76,13900846.53,4851490.55,3845046.7957142857,4897696.235,5381212.950111112,731276.9412872049,3534900.087674823,13900846.53,1980913.22,20395.0,18313.571428571428,150.0,164.57142857142858,781.0,842.0,0.09999998582702889,15.199787219897516
2014-09-26,4802241.84,212,1045,0.09999999083761263,16789,1,1,2014,9,3,4,0,26,0,4,0,3991936.34,3152106.06,3387921.49,12683009.27,4120039.5,3951664.207142857,4543806.585357143,5356508.4397777775,682065.770940592,3064951.380215691,12683009.27,1980913.22,16861.0,18306.714285714286,179.0,169.71428571428572,860.0,862.7142857142857,0.09999999492402867,15.38459362508027
2014-09-27,5922266.1,337,1671,0.10000001350834269,17582,1,1,2014,9,3,5,1,27,0,3,1,4802241.84,3934660.56,4488375.88,11574198.37,4676571.41,4187397.89,4262350.605714286,5335244.576777778,643749.2769644253,2619288.1937028477,11951398.65,1980913.22,16789.0,18255.714285714286,212.0,179.57142857142858,1045.0,906.8571428571429,0.1000000213487285,15.594229889632304
2014-09-28,6894981.49,335,1694,0.09999999579404237,16535,1,1,2014,9,3,6,1,28,0,2,1,5922266.1,4973677.98,4664595.04,11951398.65,7035889.97,4471341.538571429,4060495.881785714,5279189.308444444,900740.655303367,2222689.727078069,11951398.65,1980913.22,17582.0,18092.14285714286,337.0,203.28571428571428,1671.0,1019.8571428571429,0.10000000442328598,15.746304529684922
2014-09-29,6358369.55,324,1591,0.0870216327706212,18334,1,1,2014,9,3,0,0,29,0,1,1,6894981.49,4691002.44,3434401.74,10306541.25,5087376.98,4745813.468571429,3879909.554642857,5256235.942777778,1288561.6787699217,1702332.6281954867,10306541.25,1980913.22,16535.0,17588.85714285714,335.0,221.57142857142858,1694.0,1117.0,0.10000000767426588,15.665282699660564
2014-09-30,5625701.93,264,1402,0.08181457278167599,18116,1,1,2014,9,3,1,0,30,0,0,1,6358369.55,3267077.04,3499018.93,1980913.22,5768935.23,4984008.7700000005,3738903.4225000003,5217591.763333334,1423758.0000071903,1255045.148367115,6894981.49,1980913.22,18334.0,17531.14285714286,324.0,238.14285714285714,1591.0,1186.4285714285713,0.10000002020154383,15.542856463580575
2014-10-01,4131059.59,181,889,0.06339848755364964,13714,1,1,2014,10,4,2,0,1,1,30,0,5625701.93,3651189.03,2159581.94,2013419.84,5389130.81,5320955.182857143,3869074.447857143,5190796.624777778,1213239.9052163174,1254971.8593879566,6894981.49,2013419.84,18116.0,17801.714285714286,264.0,257.2857142857143,1402.0,1292.0,0.09999999917834985,15.23404473342215
2014-10-02,2166020.29,78,365,0.0,14951,0,0,2014,10,4,3,0,2,1,29,0,4131059.59,3991936.34,3245614.46,2079554.62,5393969.29,5389508.119999999,3944704.4389285715,5163373.663111111,1112545.308889554,1201677.7322307609,6894981.49,2079554.62,13714.0,16847.285714285714,181.0,261.7142857142857,889.0,1307.4285714285713,0.10000000400807996,14.588402535672975
2014-10-03,2713373.58,102,490,0.0,14457,0,0,2014,10,4,4,0,3,1,28,0,2166020.29,4802241.84,3152106.06,3009749.32,2026611.74,5128662.970000001,3947792.4985714285,5170336.752222223,1601453.920137832,1196808.40217909,6894981.49,2159581.94,14951.0,16574.428571428572,78.0,247.28571428571428,365.0,1236.7142857142858,0.09999999083761263,14.813703650669273
2014-10-04,3061013.56,122,567,0.0,17077,0,0,2014,10,4,5,1,4,0,27,0,2713373.58,5922266.1,3934660.56,2651615.67,2912944.43,4830253.218571429,3937207.6507142857,5175511.936444445,1848046.7785859487,1206681.8209723786,6894981.49,2159581.94,14457.0,16241.285714285714,102.0,231.57142857142858,490.0,1157.4285714285713,0.10000001350834269,14.934256974531722
2014-10-05,3514973.01,137,684,0.0,15183,0,0,2014,10,4,6,1,5,0,26,0,3061013.56,6894981.49,4973677.98,3257294.39,2463961.82,4421502.855714286,3951829.0039285715,5176276.781888889,1882367.3126038425,1192929.3365389453,6894981.49,2159581.94,17077.0,16169.142857142857,122.0,200.85714285714286,567.0,999.7142857142857,0.09999999579404237,15.072542689173961
2014-10-06,4584954.57,168,848,0.0,12954,0,0,2014,10,4,0,0,6,0,25,0,3514973.01,6358369.55,4691002.44,3789247.34,2875234.12,3938644.501428571,3961031.8117857142,5178431.575,1545502.8670379268,1188358.1003495,6894981.49,2159581.94,15183.0,15976.0,137.0,172.57142857142858,684.0,855.4285714285714,0.0870216327706212,15.338290973331313
2014-10-07,3826571.36,134,666,0.0,17560,0,0,2014,10,4,1,0,7,0,24,0,4584954.57,5625701.93,3267077.04,3050893.58,2084519.3,3685299.5042857146,3989449.9271428576,5180597.825999999,1186369.5498695653,1193600.5523222543,6894981.49,2159581.94,12954.0,15207.42857142857,168.0,150.28571428571428,848.0,749.2857142857143,0.08181457278167599,15.157480015284598
2014-10-08,3298742.48,118,606,0.0,15104,0,0,2014,10,4,2,0,8,0,23,0,3826571.36,4131059.59,3651189.03,2734213.18,2982770.86,3428280.8514285716,4017152.7050000005,5166565.736111111,840359.2784468079,1179933.6845968813,6894981.49,2159581.94,17560.0,15128.0,134.0,131.71428571428572,666.0,644.1428571428571,0.06339848755364964,15.009052190291465
2014-10-09,2480246.09,100,484,0.0,14880,0,0,2014,10,4,3,0,9,0,22,0,3298742.48,2166020.29,3991936.34,3603376.76,3524600.98,3309378.4071428576,4037314.4657142856,5144581.227666667,781146.5928059772,1161884.9949968208,6894981.49,2159581.94,15104.0,15326.57142857143,118.0,122.71428571428571,606.0,603.7142857142857,0.0,14.723868746242637
2014-10-10,3324677.65,113,602,0.0,13932,0,0,2014,10,4,4,0,10,0,21,0,2480246.09,2713373.58,4802241.84,3387921.49,4018321.34,3354267.807142857,3997202.6560714287,5131242.356000001,710308.2903901695,1196298.0121366454,6894981.49,2159581.94,14880.0,15316.42857142857,100.0,125.85714285714286,484.0,620.7142857142857,0.0,15.016883580784965
2014-10-11,3249272.4,129,672,0.0,15700,0,0,2014,10,4,5,1,11,0,20,0,3324677.65,3061013.56,5922266.1,4488375.88,1938342.36,3441596.9600000004,3994943.9475000002,5127792.657666667,653703.8963763226,1197550.0408441136,6894981.49,2159581.94,13932.0,15241.42857142857,113.0,127.42857142857143,602.0,636.7142857142857,0.0,14.993941960079825
2014-10-12,3964814.61,156,834,0.0,13762,0,0,2014,10,4,6,1,12,0,19,0,3249272.4,3514973.01,6894981.49,4664595.04,3170838.37,3468491.0799999996,3950690.251785714,5113471.424555555,639147.1741071758,1201528.6680689675,6894981.49,2159581.94,15700.0,15044.714285714286,129.0,128.42857142857142,672.0,651.7142857142857,0.0,15.192969907556103
2014-10-13,5257692.13,209,1023,0.0,15576,0,0,2014,10,4,0,0,13,0,18,0,3964814.61,4584954.57,6358369.55,3434401.74,3719451.39,3532754.165714286,3925698.093571428,5111074.759333334,666623.6979900557,1193379.4406488487,6894981.49,2159581.94,13762.0,14841.714285714286,156.0,131.14285714285714,834.0,673.1428571428571,0.0,15.475202920073562
2014-10-14,5353820.23,204,1081,0.0,12392,0,0,2014,10,4,1,0,14,0,17,0,5257692.13,3826571.36,5625701.93,3499018.93,3097590.81,3628859.5314285713,3990815.6074999995,5116938.951222222,863129.4349587451,1215125.0367226007,6894981.49,2159581.94,15576.0,15216.285714285714,209.0,137.0,1023.0,698.1428571428571,0.0,15.493321112516183
2014-10-15,3174858.73,121,612,0.0,14941,0,0,2014,10,4,2,0,15,0,16,0,5353820.23,3298742.48,4131059.59,2159581.94,4062456.23,3847037.941428571,4057058.5110714287,5112812.504444445,1085751.7551817354,1237669.9926158895,6894981.49,2159581.94,12392.0,14478.0,204.0,147.0,1081.0,757.4285714285714,0.0,14.970774009805426
2014-10-16,3035433.21,115,599,0.0,16025,0,0,2014,10,4,3,0,16,0,15,0,3174858.73,2480246.09,2166020.29,3245614.46,4801027.51,3829340.262857143,4093318.396428571,5087254.1466666665,1097128.5071910184,1194127.2123859206,6894981.49,2166020.29,14941.0,14454.714285714286,121.0,147.42857142857142,612.0,758.2857142857143,0.0,14.925865039787855
2014-10-17,3041887.24,115,603,0.0,12793,0,0,2014,10,4,4,0,17,0,14,0,3035433.21,3324677.65,2713373.58,3152106.06,3348412.32,3908652.708571429,4085811.9232142856,5070778.567666667,999028.3480103811,1200298.048891139,6894981.49,2166020.29,16025.0,14618.285714285714,115.0,149.57142857142858,599.0,774.7142857142857,0.0,14.927989012138974
2014-10-18,3295901.64,123,656,0.0,15622,0,0,2014,10,4,5,1,18,0,13,0,3041887.24,3249272.4,3061013.56,3934660.56,3238854.55,3868254.0785714285,4081875.5367857143,5057869.886333333,1031760.3891814634,1203649.607682382,6894981.49,2166020.29,12793.0,14455.57142857143,115.0,149.85714285714286,603.0,774.8571428571429,0.0,15.008190630740268
2014-10-19,3906454.96,158,755,0.0,14950,0,0,2014,10,4,6,1,19,0,12,0,3295901.64,3964814.61,3514973.01,4973677.98,3376648.2,3874915.3985714284,4059062.7182142856,5046461.842888889,1027238.6437553406,1212563.3245576536,6894981.49,2166020.29,15622.0,14444.42857142857,123.0,149.0,656.0,772.5714285714286,0.0,15.178141116836894
2014-10-20,4406719.83,189,1000,0.0,14868,0,0,2014,10,4,0,0,20,0,11,0,3906454.96,5257692.13,4584954.57,4691002.44,2888479.98,3866578.305714286,4020947.610357143,5036570.795666667,1026624.0559267007,1199451.3524160595,6894981.49,2166020.29,14950.0,14614.142857142857,158.0,149.28571428571428,755.0,761.2857142857143,0.0,15.298641394869584
2014-10-21,4158469.93,165,851,0.0,15123,0,0,2014,10,4,1,0,21,0,10,0,4406719.83,5353820.23,3826571.36,3267077.04,3409990.75,3745010.834285714,4010794.6599999997,5016555.307555555,873388.6455082525,1194763.5158448564,6894981.49,2166020.29,14868.0,14513.0,189.0,146.42857142857142,1000.0,758.0,0.0,15.240657999765062
2014-10-22,3185076.38,111,558,0.0,15703,0,0,2014,10,4,2,0,22,0,9,0,4158469.93,3174858.73,3298742.48,3651189.03,3932052.89,3574246.5057142857,4042630.120357143,4978693.516,570877.090875607,1186056.8091368335,6894981.49,2166020.29,15123.0,14903.142857142857,165.0,140.85714285714286,851.0,725.1428571428571,0.0,14.973987141826717
2014-10-23,3397945.31,128,626,0.0,14961,0,0,2014,10,4,3,0,23,0,8,0,3185076.38,3035433.21,2480246.09,3991936.34,4895108.72,3575706.1700000004,4025983.2399999998,4948465.308111112,569697.550509516,1194991.7610185358,6894981.49,2166020.29,15703.0,15012.0,111.0,139.42857142857142,558.0,717.4285714285714,0.0,15.03868178061832
2014-10-24,2910624.78,116,561,0.0,14037,0,0,2014,10,4,4,0,24,0,7,0,3397945.31,3041887.24,3324677.65,4802241.84,4333852.18,3627493.612857143,4004769.2746428573,4936919.045777778,527298.5036511207,1200876.4528513253,6894981.49,2166020.29,14961.0,14860.0,128.0,141.28571428571428,626.0,721.2857142857143,0.0,14.883878660702424
2014-10-25,3710088.5,155,732,0.0,14637,0,0,2014,10,4,5,1,25,0,6,0,2910624.78,3295901.64,3249272.4,5922266.1,3503713.92,3608741.8328571427,3937211.5225,4915083.014888889,553288.1959303471,1207541.2909360165,6894981.49,2166020.29,14037.0,15037.714285714286,116.0,141.42857142857142,561.0,715.2857142857143,0.0,15.126566558281857
2014-10-26,3332635.64,154,740,0.0,13360,0,0,2014,10,4,6,1,26,0,5,0,3710088.5,3906454.96,3964814.61,6894981.49,2923604.47,3667911.384285714,3858205.179642857,4904138.465333333,536137.7118638173,1143525.7094598995,6894981.49,2166020.29,14637.0,14897.0,155.0,146.0,732.0,726.1428571428571,0.0,15.019274332444994
2014-10-27,5247620.14,216,1156,0.0,15039,0,0,2014,10,4,0,0,27,0,4,0,3332635.64,4406719.83,5257692.13,6358369.55,2949737.88,3585937.195714286,3730978.5421428573,4878280.546666667,537452.3685164393,979560.8615321638,6358369.55,2166020.29,13360.0,14669.857142857143,154.0,145.42857142857142,740.0,724.0,0.0,15.473285415689169
2014-10-28,6122484.1,250,1342,0.0,14021,0,0,2014,10,4,1,0,28,0,3,1,5247620.14,4158469.93,5353820.23,5625701.93,3235799.73,3706065.8114285716,3691308.9203571426,4844077.033555555,787360.5881820838,887370.6732735516,5625701.93,2166020.29,15039.0,14694.285714285714,216.0,149.28571428571428,1156.0,746.2857142857143,0.0,15.627478634159113
2014-10-29,6191276.35,250,1263,0.0,15156,0,0,2014,10,4,2,0,29,0,2,1,6122484.1,3185076.38,3174858.73,4131059.59,5981959.98,3986639.264285714,3709051.1407142854,4802671.268333334,1211265.027195361,931355.913944179,6122484.1,2166020.29,14021.0,14536.857142857143,250.0,161.42857142857142,1342.0,816.4285714285714,0.0,15.63865198039956
2014-10-30,6250389.79,247,1307,0.0,11932,0,0,2014,10,4,3,0,30,0,1,1,6191276.35,3397945.31,3035433.21,2166020.29,6960811.52,4416096.4028571425,3782630.310714286,4732578.5216666665,1398205.1221591285,1040872.238521556,6191276.35,2166020.29,15156.0,14458.714285714286,250.0,181.28571428571428,1263.0,917.1428571428571,0.0,15.64815454615789
2014-10-31,4687679.79,207,1019,0.0,12268,0,0,2014,10,4,4,0,31,0,0,1,6250389.79,2910624.78,3041887.24,2713373.58,5649038.29,4823588.471428571,3928500.65,4687934.382666667,1466033.0522866603,1090919.1839702935,6250389.79,2480246.09,11932.0,14026.0,247.0,198.28571428571428,1307.0,1014.4285714285714,0.0,15.36044851705039
2014-11-01,4474322.51,173,885,0.0,12350,0,0,2014,11,4,5,1,1,1,29,0,4687679.79,3710088.5,3295901.64,3061013.56,4823330.61,5077453.472857143,3999011.586071429,4635157.654222223,1211295.8952222064,1073130.3288385519,6250389.79,2480246.09,12268.0,13773.285714285714,207.0,211.28571428571428,1019.0,1079.857142857143,0.0,15.313865727313893
2014-11-02,3503909.61,123,623,0.0,9858,0,0,2014,11,4,6,1,2,1,28,0,4474322.51,3332635.64,3906454.96,3514973.01,4871579.51,5186629.76,4049486.9057142856,4592520.849111111,1096514.951435781,1060541.055636773,6250389.79,2480246.09,12350.0,13446.57142857143,173.0,213.85714285714286,885.0,1101.7142857142858,0.0,15.069390219868263
2014-11-03,2511155.37,104,502,0.0,9271,0,0,2014,11,4,0,0,3,1,27,0,3503909.61,5247620.14,4406719.83,4584954.57,2310551.56,5211097.47,4049091.784285714,4543447.266777778,1049137.1420303944,1060749.6133179376,6250389.79,2480246.09,9858.0,12946.285714285714,123.0,209.42857142857142,623.0,1085.0,0.0,14.736253910195202
2014-11-04,1758772.81,64,297,0.0,12479,0,0,2014,11,4,1,0,4,0,26,0,2511155.37,6122484.1,4158469.93,3826571.36,2638652.15,4820173.931428571,3975027.5271428567,4518197.984888889,1461890.1807585852,1093831.6637064342,6250389.79,2480246.09,9271.0,12122.285714285714,104.0,193.42857142857142,502.0,991.5714285714286,0.0,14.380127425343263
2014-11-05,2080412.08,82,404,0.0,11136,0,0,2014,11,4,2,0,5,0,25,0,1758772.81,6191276.35,3185076.38,3298742.48,3529966.51,4196786.604285714,3901177.578928571,4473646.881222222,1721366.711715506,1171287.1528884815,6250389.79,1758772.81,12479.0,11902.0,64.0,166.85714285714286,297.0,842.2857142857143,0.0,14.548077028113742
2014-11-06,2338580.92,91,482,0.0,13338,0,0,2014,11,4,3,0,6,0,24,0,2080412.08,6250389.79,3397945.31,2480246.09,2440647.75,3609520.2800000003,3857665.7789285714,4448225.787888889,1626114.9902461409,1216261.9457302613,6250389.79,1758772.81,11136.0,11327.714285714286,82.0,142.85714285714286,404.0,719.5714285714286,0.0,14.665055286537287
2014-11-07,2391118.65,81,434,0.0,10458,0,0,2014,11,4,4,0,7,0,23,0,2338580.92,4687679.79,2910624.78,3324677.65,2145217.46,3050690.4414285715,3852606.3085714285,4443409.7948888885,1177607.6976667834,1222482.7699384415,6250389.79,1758772.81,13338.0,11528.57142857143,91.0,120.57142857142857,482.0,601.7142857142857,0.0,14.687272287011917
2014-11-08,2603594.99,118,613,0.0,11955,0,0,2014,11,4,5,1,8,0,22,0,2391118.65,4474322.51,3710088.5,3249272.4,2200221.02,2722610.2785714283,3819264.9157142853,4436627.339555556,941842.5209408898,1249839.140253258,6250389.79,1758772.81,10458.0,11270.0,81.0,102.57142857142857,434.0,518.1428571428571,0.0,14.77240412050404
2014-11-09,3896973.5,169,847,0.0,11303,0,0,2014,11,4,6,1,9,0,21,0,2603594.99,3503909.61,3332635.64,3964814.61,2018930.67,2455363.4899999998,3796205.008214286,4423073.003111111,542851.572819987,1266589.402683143,6250389.79,1758772.81,11955.0,11213.57142857143,118.0,94.71428571428571,613.0,479.2857142857143,0.0,15.175711040804442
2014-11-10,3578790.21,164,802,0.0,11746,0,0,2014,11,4,0,0,10,0,20,0,3896973.5,2511155.37,5247620.14,5257692.13,2722218.97,2511515.4742857143,3793782.1114285714,4418236.212555556,673899.8588402423,1266319.777410181,6250389.79,1758772.81,11303.0,11420.0,169.0,101.28571428571429,847.0,511.2857142857143,0.0,15.090535650522016
2014-11-11,3265211.84,116,635,0.0,13374,0,0,2014,11,4,1,0,11,0,19,0,3578790.21,1758772.81,6122484.1,5353820.23,3495969.18,2664034.737142857,3733821.3285714285,4402796.465888889,785396.5528626182,1233765.6408339813,6250389.79,1758772.81,11746.0,11773.57142857143,164.0,109.85714285714286,802.0,554.1428571428571,0.0,14.998835506929408
2014-11-12,2687977.35,126,666,0.0,12915,0,0,2014,11,4,2,0,12,0,18,0,3265211.84,2080412.08,6191276.35,3174858.73,5162437.56,2879240.312857143,3659228.1717857146,4373592.056444445,697472.4779548183,1194713.6530414312,6250389.79,1758772.81,13374.0,11901.42857142857,116.0,117.28571428571429,635.0,602.4285714285714,0.0,14.804299926277265
2014-11-13,3661668.42,124,678,0.0,12214,0,0,2014,11,4,3,0,13,0,17,0,2687977.35,2338580.92,6250389.79,3035433.21,4681263.25,2966035.3514285716,3641839.551071428,4347356.898222222,614346.3286742978,1205518.9055102523,6250389.79,1758772.81,12915.0,12155.57142857143,126.0,123.57142857142857,666.0,639.8571428571429,0.0,15.113429727066912
2014-11-14,4104922.66,163,780,0.0,12350,0,0,2014,11,4,4,0,14,0,16,0,3661668.42,2391118.65,4687679.79,3041887.24,3118904.74,3155047.851428571,3664205.0942857144,4332880.462444444,592263.2713878946,1199646.6438783358,6250389.79,1758772.81,12214.0,11995.0,124.0,128.28571428571428,678.0,667.8571428571429,0.0,15.227697703862612
2014-11-15,3332537.35,158,764,0.0,14001,0,0,2014,11,4,5,1,15,0,15,0,4104922.66,2603594.99,4474322.51,3295901.64,3370811.62,3399876.9957142854,3702170.645,4332011.4244444445,577889.8184677528,1196038.2074655234,6250389.79,1758772.81,12350.0,12265.285714285714,163.0,140.0,780.0,717.2857142857143,0.0,15.019244838845754
2014-11-16,3926705.12,159,843,0.0,12751,0,0,2014,11,4,6,1,16,0,14,0,3332537.35,3896973.5,3503909.61,3906454.96,3365890.12,3504011.618571429,3703479.0632142858,4318447.470444445,465170.45464530634,1195597.2622406306,6250389.79,1758772.81,14001.0,12557.57142857143,158.0,145.71428571428572,764.0,738.8571428571429,0.0,15.18331149500733
2014-11-17,3901928.25,150,788,0.0,13636,0,0,2014,11,4,0,0,17,0,13,0,3926705.12,3578790.21,2511155.37,4406719.83,2416530.15,3508258.9928571433,3704202.283214286,4319267.550333334,469472.36088778946,1195730.707579606,6250389.79,1758772.81,12751.0,12764.42857142857,159.0,144.28571428571428,843.0,738.2857142857143,0.0,15.176981668273493
2014-11-18,2299920.21,103,531,0.0,11650,0,0,2014,11,4,1,0,18,0,12,0,3901928.25,3265211.84,1758772.81,4158469.93,2109164.6,3554421.5700000003,3686174.0125,4301601.709222222,492867.4149900419,1188530.1552985716,6250389.79,1758772.81,13636.0,13034.42857142857,150.0,142.28571428571428,788.0,736.2857142857143,0.0,14.64838542379087
2014-11-19,2365334.24,105,518,0.06867793027001547,14539,1,1,2014,11,4,2,0,19,0,11,0,2299920.21,2687977.35,2080412.08,3185076.38,3237660.32,3416522.7657142854,3619797.236785714,4257679.745555555,684900.0614815949,1212826.1721621377,6250389.79,1758772.81,11650.0,12788.142857142857,103.0,140.42857142857142,531.0,721.4285714285714,0.0,14.676430320391054
2014-11-20,2712056.74,128,653,0.08481680954801854,11778,1,1,2014,11,4,3,0,20,0,10,0,2365334.24,3661668.42,2338580.92,3397945.31,3321114.32,3370430.8928571427,3590520.731785714,4223734.715555555,749875.126708404,1233427.5301403473,6250389.79,1758772.81,14539.0,13020.142857142857,105.0,137.42857142857142,518.0,700.2857142857143,0.0,14.813218218376255
2014-11-21,2642726.69,146,762,0.1654666340089826,14690,1,1,2014,11,4,4,0,21,0,9,0,2712056.74,4104922.66,2391118.65,2910624.78,2595234.4,3234772.0814285716,3566024.7114285715,4209642.724444444,773917.5526762357,1244157.9913120754,6250389.79,1758772.81,11778.0,12957.857142857143,128.0,138.0,653.0,696.7142857142857,0.0,14.787322157631413
2014-11-22,2355839.63,134,705,0.20000000169790846,11106,1,1,2014,11,4,5,1,22,0,8,0,2642726.69,3332537.35,2603594.99,3710088.5,2550262.64,3025886.942857143,3556456.9225,4198951.693888889,693014.5475089021,1250399.2380541342,6250389.79,1758772.81,14690.0,13292.142857142857,146.0,135.57142857142858,762.0,694.1428571428571,0.0,14.67240817715324
2014-11-23,2702782.41,160,863,0.19999997706067651,11209,1,1,2014,11,4,6,1,23,0,7,0,2355839.63,3926705.12,3896973.5,3332635.64,2054330.57,2886358.697142857,3508090.891428571,4180960.768111111,718826.2409599015,1270270.2023837834,6250389.79,1758772.81,11106.0,12878.57142857143,134.0,132.14285714285714,705.0,685.7142857142857,0.0,14.80979269256229
2014-11-24,2994851.12,158,880,0.19999999532531018,11794,1,1,2014,11,4,0,0,24,0,6,0,2702782.41,3901928.25,3578790.21,5247620.14,2519706.85,2711512.595714286,3485596.133214286,4155635.3646666673,553420.9439946158,1279039.0093321267,6250389.79,1758772.81,11209.0,12658.285714285714,160.0,132.28571428571428,863.0,688.5714285714286,0.0,14.912405412686628
2014-11-25,1951300.95,103,515,0.1999999948752139,13405,1,1,2014,11,4,1,0,25,0,5,0,2994851.12,2299920.21,3265211.84,6122484.1,2406331.38,2581930.1485714284,3405140.096785714,4129847.5881111105,252751.01801131637,1234162.7010332646,6250389.79,1758772.81,11794.0,12395.142857142857,158.0,133.42857142857142,880.0,701.7142857142857,0.0,14.484007374416368
2014-11-26,3005133.94,140,919,0.19999999068261165,13829,1,1,2014,11,4,2,0,26,0,4,0,1951300.95,2365334.24,2687977.35,6191276.35,3107204.99,2532127.3971428573,3256169.27,4063968.481444445,337663.5023519039,1142342.6172689293,6250389.79,1758772.81,13405.0,12645.857142857143,103.0,133.42857142857142,515.0,699.4285714285714,0.06867793027001547,14.91583303010131
2014-11-27,4582936.62,292,1553,0.19999998821716194,11438,1,1,2014,11,4,3,0,27,0,3,1,3005133.94,2712056.74,3661668.42,6250389.79,3123410.59,2623527.354285714,3142378.4696428566,3942905.0082222223,370030.947372267,987311.5603071298,6250389.79,1758772.81,13829.0,12544.42857142857,140.0,138.42857142857142,919.0,756.7142857142857,0.08481680954801854,15.337850752226906
2014-11-28,3803816.23,260,1437,0.19999999316475917,11931,1,1,2014,11,4,4,0,28,0,2,1,4582936.62,2642726.69,4104922.66,4687679.79,3580033.44,2890795.9085714286,3082826.570714286,3852904.2010000004,831961.2640964267,830781.5280088391,4687679.79,1758772.81,11438.0,12495.857142857143,292.0,161.85714285714286,1553.0,885.2857142857143,0.1654666340089826,15.151515654700285
2014-11-29,3693923.36,249,1340,0.2000000075800165,13244,1,1,2014,11,4,5,1,29,0,1,1,3803816.23,2355839.63,3332537.35,4474322.51,1768057.43,3056665.8428571434,3051260.015,3766566.6216666666,888109.9025628173,782960.106869214,4582936.62,1758772.81,11931.0,12101.714285714286,260.0,178.14285714285714,1437.0,981.7142857142857,0.20000000169790846,15.122199963083382
2014-11-30,4164373.0,278,1533,0.19999999279603434,12733,1,1,2014,11,4,6,1,30,0,0,1,3693923.36,2702782.41,3926705.12,3503909.61,2685677.46,3247820.661428571,3023388.616785715,3674816.8962222226,855530.4206618158,743312.7744159624,4582936.62,1758772.81,13244.0,12407.142857142857,249.0,194.57142857142858,1340.0,1072.4285714285713,0.19999997706067651,15.242076522166837
2014-12-01,3293606.72,203,1120,0.20000000485789635,13705,1,1,2014,12,4,0,0,1,1,30,0,4164373.0,2994851.12,3901928.25,2511155.37,2391698.09,3456619.317142857,3046976.595,3606570.582333334,878390.3031009345,769156.3612703974,4582936.62,1758772.81,12733.0,12624.857142857143,278.0,211.42857142857142,1533.0,1168.142857142857,0.19999999532531018,15.007494093374847
2014-12-02,1913468.28,90,439,0.20000002299489386,13930,1,1,2014,12,4,1,0,2,1,29,0,3293606.72,1951300.95,2299920.21,1758772.81,2263746.75,3499298.6885714284,3074921.2860714286,3621156.065666667,859264.1896031785,763158.577530502,4582936.62,1758772.81,13705.0,12897.857142857143,203.0,217.85714285714286,1120.0,1202.4285714285713,0.1999999948752139,14.464428529368355
2014-12-03,1725054.96,79,357,0.19999997565294964,12384,1,1,2014,12,4,2,0,3,1,28,0,1913468.28,3005133.94,2365334.24,2080412.08,1933337.47,3493894.021428571,3080446.1242857142,3620045.492777778,870667.0142622009,753779.8331957174,4582936.62,1913468.28,13930.0,12972.857142857143,90.0,216.0,439.0,1191.5714285714287,0.19999999068261165,14.360770048501124
2014-12-04,1490172.71,88,453,0.20000001878976834,14206,1,1,2014,12,4,3,0,4,0,27,0,1725054.96,4582936.62,2712056.74,2338580.92,2924599.17,3311025.595714286,3067754.7985714287,3616106.6076666666,1095763.4688897976,773962.2960171981,4582936.62,1725054.96,12384.0,12766.42857142857,79.0,207.28571428571428,357.0,1111.2857142857142,0.19999998821716194,14.214403255018885
2014-12-05,1855814.16,98,548,0.20000003125312937,13501,1,1,2014,12,4,4,0,5,0,26,0,1490172.71,3803816.23,2642726.69,2391118.65,2231578.75,2869202.18,3037454.505357143,3599222.4231111114,1120675.2087856687,818870.9446137323,4582936.62,1490172.71,14206.0,13161.857142857143,88.0,178.14285714285714,453.0,954.1428571428571,0.19999999316475917,14.433834596851577
2014-12-06,2498471.96,130,684,0.20000001921174254,12995,1,1,2014,12,4,5,1,6,0,25,0,1855814.16,3693923.36,2355839.63,2603594.99,1718341.54,2590916.1699999995,3018336.4878571434,3590380.184111111,1091392.6634206763,840483.3211253594,4582936.62,1490172.71,13501.0,13386.142857142857,98.0,155.0,548.0,827.1428571428571,0.2000000075800165,14.731190287214337
2014-12-07,2209128.82,147,758,0.1999999981893315,14178,1,1,2014,12,4,6,1,7,0,24,0,2498471.96,4164373.0,2702782.41,3896973.5,1444180.43,2420137.3985714284,3014582.0939285713,3581948.823777778,977632.4312667408,842636.5961899422,4582936.62,1490172.71,12995.0,13350.57142857143,130.0,138.0,684.0,733.4285714285714,0.19999999279603434,14.60810924934905
2014-12-08,3029845.63,192,1010,0.19999999141870473,10946,1,1,2014,12,4,0,0,8,0,23,0,2209128.82,3293606.72,2994851.12,3578790.21,1714762.98,2140816.8014285713,2954301.9267857145,3564391.9513333333,604237.5138703374,837531.216023958,4582936.62,1490172.71,14178.0,13557.0,147.0,119.28571428571429,758.0,622.7142857142857,0.20000000485789635,14.924022559042744
2014-12-09,3265900.4,180,995,0.19999999999999998,15116,1,1,2014,12,4,1,0,9,0,22,0,3029845.63,1913468.28,1951300.95,3265211.84,1959405.6,2103136.645714286,2934696.763214286,3564158.0852222224,523151.8169928987,828750.5009871506,4582936.62,1490172.71,10946.0,13162.857142857143,192.0,117.71428571428571,1010.0,607.0,0.20000002299489386,14.999046362222165
2014-12-10,2659858.85,141,747,0.200000003759598,13155,1,1,2014,12,4,2,0,10,0,21,0,3265900.4,1725054.96,3005133.94,2687977.35,2256213.74,2296341.2342857146,2934721.3546428573,3570065.721,670432.2374098593,828760.6817151735,4582936.62,1490172.71,15116.0,13332.285714285714,180.0,130.57142857142858,995.0,686.4285714285714,0.19999997565294964,14.793783991399897
2014-12-11,2499031.03,133,699,0.20000000560217135,12828,1,1,2014,12,4,3,0,11,0,20,0,2659858.85,1490172.71,4582936.62,3661668.42,3016597.65,2429884.647142857,2933717.1225,3559582.188666667,629525.8080061749,829087.713252049,4582936.62,1490172.71,13155.0,13442.42857142857,141.0,139.42857142857142,747.0,742.1428571428571,0.20000001878976834,14.7314140268618
2014-12-12,2451281.84,142,776,0.1999999885774049,14397,1,1,2014,12,4,4,0,12,0,19,0,2499031.03,1855814.16,3803816.23,4104922.66,2988571.87,2574007.2642857144,2892194.358571429,3549705.6279999996,475068.39046669094,820347.6401472709,4582936.62,1490172.71,12828.0,13245.57142857143,133.0,145.85714285714286,699.0,777.2857142857143,0.20000003125312937,14.712122053649253
2014-12-13,2618181.33,162,889,0.20000000534722323,15411,1,1,2014,12,4,5,1,13,0,18,0,2451281.84,2498471.96,3693923.36,3332537.35,2131538.29,2659074.075714286,2833135.757857143,3527071.249777778,365774.4094383562,788722.102207912,4582936.62,1490172.71,14397.0,13373.57142857143,142.0,152.14285714285714,776.0,809.8571428571429,0.20000001921174254,14.777990867793896
2014-12-14,2868448.18,180,951,0.2000000013944822,12133,1,1,2014,12,4,6,1,14,0,17,0,2618181.33,2209128.82,4164373.0,3926705.12,2245758.87,2676175.4142857143,2807623.042857143,3504333.3196666664,359763.23191173864,783506.0628964411,4582936.62,1490172.71,15411.0,13718.714285714286,162.0,156.71428571428572,889.0,839.1428571428571,0.1999999981893315,14.869282086290514
2014-12-15,3675108.42,240,1260,0.19999999619058859,14071,1,1,2014,12,4,0,0,15,0,16,0,2868448.18,3029845.63,3293606.72,3901928.25,2154695.59,2770363.8942857147,2769828.1521428567,3498044.9467777777,298136.8547781503,752432.2428608672,4582936.62,1490172.71,12133.0,13426.57142857143,180.0,161.42857142857142,951.0,866.7142857142857,0.19999999141870473,15.117093464335493
2014-12-16,3587166.39,247,1393,0.1999999894066804,14337,1,1,2014,12,4,1,0,16,0,15,0,3675108.42,3265900.4,1913468.28,2299920.21,2694197.04,2862544.292857143,2761727.443928571,3500001.496666667,451860.00957841123,740925.5946337823,4582936.62,1490172.71,14071.0,13873.0,240.0,168.28571428571428,1260.0,902.4285714285714,0.19999999999999998,15.092873421162993
2014-12-17,2950563.8,197,1070,0.19999999322163448,13526,1,1,2014,12,4,2,0,17,0,14,0,3587166.39,2659858.85,1725054.96,2365334.24,3167410.81,2908439.4342857143,2807700.521785714,3515863.546111111,511973.5175423704,751076.1355272491,4582936.62,1490172.71,14337.0,13761.714285714286,247.0,177.85714285714286,1393.0,959.2857142857143,0.200000003759598,14.897507167617448
2014-12-18,2684991.91,183,998,0.19999998808190075,13579,1,1,2014,12,4,3,0,18,0,13,0,2950563.8,2499031.03,1490172.71,2712056.74,3189533.36,2949968.7128571426,2828601.5775,3512585.2054444444,500101.770382891,746438.577018125,4582936.62,1490172.71,13526.0,13814.714285714286,197.0,185.85714285714286,1070.0,1005.4285714285714,0.20000000560217135,14.803188645325713
2014-12-19,3424258.6,219,1126,0.1999999941593196,12495,1,1,2014,12,4,4,0,19,0,12,0,2684991.91,2451281.84,1855814.16,2642726.69,3062553.19,2976534.552857143,2827634.9764285716,3507395.048222222,476539.3285078188,746612.5899713505,4582936.62,1490172.71,13579.0,13922.0,183.0,193.0,998.0,1048.142857142857,0.1999999885774049,15.046395831126759
2014-12-20,3898670.99,257,1419,0.19999998512313552,12762,1,1,2014,12,4,5,1,20,0,11,0,3424258.6,2618181.33,2498471.96,2355839.63,2500743.7,3115531.232857143,2855546.8303571427,3501723.9153333334,438152.2300824112,754015.7768243749,4582936.62,1490172.71,12495.0,13650.285714285714,219.0,204.0,1126.0,1098.142857142857,0.20000000534722323,15.176146537726732
2014-12-21,4372128.59,307,1808,0.2000000073190894,11970,1,1,2014,12,4,6,1,21,0,10,0,3898670.99,2868448.18,2209128.82,2702782.41,3213344.27,3298458.327142857,2910647.950357143,3489779.3932222226,462525.48775467783,772297.2793180698,4582936.62,1490172.71,12762.0,13271.857142857143,257.0,217.57142857142858,1419.0,1173.857142857143,0.2000000013944822,15.290760768735899
2014-12-22,3430574.36,306,1637,0.1999999906721159,13175,1,1,2014,12,4,0,0,22,0,9,0,4372128.59,3675108.42,3029845.63,2994851.12,3476225.97,3513269.8142857146,2970267.456785714,3486236.350444444,566925.9567430968,818697.1435742555,4582936.62,1490172.71,11970.0,13248.57142857143,307.0,235.71428571428572,1808.0,1296.2857142857142,0.19999999619058859,15.048238548514998
2014-12-23,2791569.02,247,1289,0.19999998782046952,16728,1,1,2014,12,4,1,0,23,0,8,0,3430574.36,3587166.39,3265900.4,1951300.95,2932660.62,3478336.3771428573,2985829.0010714284,3488052.9873333336,562810.6003532821,823309.7817226097,4582936.62,1490172.71,13175.0,13120.57142857143,306.0,245.14285714285714,1637.0,1350.142857142857,0.1999999894066804,14.842114726706527
2014-12-24,2610156.84,198,1116,0.19999999310386268,15005,1,1,2014,12,4,2,0,24,0,7,0,2791569.02,2950563.8,2659858.85,3005133.94,2629786.52,3364679.61,3015838.5749999997,3478501.6538888887,615076.5585595913,799164.5052777928,4582936.62,1490172.71,16728.0,13462.142857142857,247.0,245.14285714285714,1289.0,1335.2857142857142,0.19999999322163448,14.774921252566116
2014-12-25,2573745.23,211,1155,0.20000000155415537,14984,1,1,2014,12,4,3,0,25,0,6,0,2610156.84,2684991.91,2499031.03,4582936.62,3807864.44,3316050.0442857146,3001732.25,3463148.548333334,664727.2499633033,802837.9496315336,4582936.62,1490172.71,15005.0,13673.42857142857,198.0,245.28571428571428,1116.0,1341.857142857143,0.19999998808190075,14.76087307253433
2014-12-26,2922497.3,240,1385,0.2,12836,1,1,2014,12,4,4,0,26,0,5,0,2573745.23,3424258.6,2451281.84,3803816.23,3278628.42,3300157.6614285717,2929975.414642857,3438387.474888888,683396.9069650143,743903.8491921795,4372128.59,1490172.71,14984.0,13874.142857142857,211.0,249.28571428571428,1155.0,1364.2857142857142,0.1999999941593196,14.887949390634436
2014-12-27,3575283.76,285,1571,0.19999996867381512,12176,1,1,2014,12,4,5,1,27,0,4,0,2922497.3,3898670.99,2618181.33,3693923.36,1853472.36,3228477.4757142854,2898499.738571428,3405056.7104444443,694435.9770307476,723937.9791630832,4372128.59,1490172.71,12836.0,13922.857142857143,240.0,252.28571428571428,1385.0,1401.2857142857142,0.19999998512313552,15.089555384084955
2014-12-28,8484445.21,567,3234,0.1999999997642745,14412,1,1,2014,12,4,6,1,28,0,3,1,3575283.76,4372128.59,2868448.18,4164373.0,3547336.16,3182279.3000000003,2894262.61,3368171.1801111107,651872.0873149402,719443.2652100151,4372128.59,1490172.71,12176.0,13839.142857142857,285.0,256.2857142857143,1571.0,1423.0,0.2000000073190894,15.953745187578823
2014-12-29,7063840.79,538,3049,0.20000000594577386,14420,1,1,2014,12,4,0,0,29,0,2,1,8484445.21,3430574.36,3675108.42,3293606.72,6516622.75,3769753.1028571427,3048550.9032142856,3391794.2430000002,2114669.675949046,1261180.9141351487,8484445.21,1490172.71,14412.0,14188.0,567.0,293.42857142857144,3234.0,1626.7142857142858,0.1999999906721159,15.770499624356008
2014-12-30,5708142.92,418,2405,0.20000000981054622,14751,1,1,2014,12,4,1,0,30,0,1,1,7063840.79,2791569.02,3587166.39,1913468.28,5792994.45,4288791.164285714,3183202.12,3407773.5636666664,2438617.6048726873,1471965.440507621,8484445.21,1490172.71,14420.0,14365.857142857143,538.0,326.57142857142856,3049.0,1828.4285714285713,0.19999998782046952,15.557404470996111
2014-12-31,5625288.94,402,2173,0.1716539595208775,14154,1,1,2014,12,4,2,0,31,0,0,1,5708142.92,2610156.84,2950563.8,1725054.96,6247467.59,4705444.578571429,3318726.214285714,3425296.711777778,2388821.8756124726,1524482.342532072,8484445.21,1490172.71,14751.0,14083.42857142857,418.0,351.0,2405.0,1987.857142857143,0.19999999310386268,15.542783049615254
2015-01-01,4576460.18,305,1728,0.16127162282006355,11938,1,1,2015,1,1,3,0,1,1,30,0,5625288.94,2573745.23,2684991.91,1490172.71,5743739.48,5136177.735714286,3458020.285,3463733.030111111,2213443.218669221,1551420.1047187743,8484445.21,1490172.71,14154.0,13961.857142857143,402.0,380.14285714285717,2173.0,2138.8571428571427,0.20000000155415537,15.33643658930623
2015-01-02,1625420.31,62,362,0.0021724350177462714,12631,1,1,2015,1,1,4,0,2,1,29,0,4576460.18,2922497.3,3424258.6,1855814.16,3787850.5,5422279.871428572,3568244.8374999994,3484433.9923333335,1939511.4361202857,1515655.5393968632,8484445.21,1855814.16,11938.0,13526.714285714286,305.0,393.57142857142856,1728.0,2220.714285714286,0.2,14.301277607834223
2015-01-03,1176312.94,61,272,0.0,11528,0,0,2015,1,1,5,1,3,1,28,0,1625420.31,3575283.76,3898670.99,2498471.96,2354832.6,5236983.158571429,3560016.4857142856,3468482.956222222,2254518.1742178714,1525887.3415841744,8484445.21,1625420.31,12631.0,13497.42857142857,62.0,368.14285714285717,362.0,2074.5714285714284,0.19999996867381512,13.977896327596667
2015-01-04,2651400.23,106,568,0.0,10546,0,0,2015,1,1,6,1,4,0,27,0,1176312.94,8484445.21,4372128.59,2209128.82,2243604.06,4894273.041428572,3512796.520714286,3442497.8443333334,2689571.197214279,1579471.340878335,8484445.21,1176312.94,11528.0,13404.857142857143,61.0,336.14285714285717,272.0,1889.0,0.1999999997642745,14.79059882425264
2015-01-05,2457539.39,88,491,0.0,11328,0,0,2015,1,1,0,0,5,0,26,0,2651400.23,7063840.79,3430574.36,3029845.63,2361866.5,4060980.9014285714,3528591.9282142855,3421013.9072222225,2261388.624402715,1568121.9079161314,8484445.21,1176312.94,10546.0,12852.57142857143,106.0,270.2857142857143,568.0,1508.142857142857,0.20000000594577386,14.71467156627023
2015-01-06,1621284.62,55,270,0.0,9268,0,0,2015,1,1,1,0,6,0,25,0,2457539.39,5708142.92,2791569.02,3265900.4,2639202.87,3402937.8442857144,3508152.4196428573,3405802.440888889,1879981.541499441,1578558.6322792622,8484445.21,1176312.94,11328.0,12410.857142857143,88.0,206.0,491.0,1142.7142857142858,0.20000000981054622,14.298729985073058
2015-01-07,1981408.07,76,413,0.0,10147,0,0,2015,1,1,2,0,7,0,24,0,1621284.62,5625288.94,2610156.84,2659858.85,3437125.39,2819100.944285714,3449416.1417857143,3387164.020222222,1667345.328567199,1618010.4843609957,8484445.21,1176312.94,9268.0,11627.57142857143,55.0,154.14285714285714,270.0,837.7142857142857,0.1716539595208775,14.499318801082005
2015-01-08,1318438.15,58,303,0.0,8997,0,0,2015,1,1,3,0,8,0,23,0,1981408.07,4576460.18,2573745.23,2499031.03,2250519.73,2298546.5342857144,3425185.756785714,3381621.375555556,1126235.8172332367,1635260.4493063332,8484445.21,1176312.94,10147.0,11055.142857142857,76.0,107.57142857142857,413.0,586.2857142857143,0.16127162282006355,14.091959132781405
2015-01-09,2144901.8,81,431,0.0,12849,0,0,2015,1,1,4,0,9,0,22,0,1318438.15,1625420.31,2922497.3,2451281.84,2214274.18,1833114.815714286,3383021.7253571427,3359329.825555555,557640.531041789,1674768.267510497,8484445.21,1176312.94,8997.0,10635.0,58.0,72.28571428571429,303.0,382.7142857142857,0.0021724350177462714,14.578604794632199
2015-01-10,1830727.22,79,379,0.0,11873,0,0,2015,1,1,5,1,10,0,21,0,2144901.8,1176312.94,3575283.76,2618181.33,1886360.71,1907326.4571428571,3372079.5810714285,3347059.041111111,559955.4019391236,1682066.2505913738,8484445.21,1176312.94,12849.0,10666.142857142857,81.0,75.0,431.0,392.57142857142856,0.0,14.420224380088928
2015-01-11,3254430.17,129,630,0.0,11735,0,0,2015,1,1,6,1,11,0,20,0,1830727.22,2651400.23,8484445.21,2868448.18,2550841.93,2000814.2114285715,3343956.2199999997,3323346.959,463969.6959285941,1701607.346870831,8484445.21,1176312.94,11873.0,10715.42857142857,79.0,77.57142857142857,379.0,407.85714285714283,0.0,14.995528062592872
2015-01-12,2427966.79,92,430,0.0,12986,0,0,2015,1,1,0,0,12,0,19,0,3254430.17,2457539.39,7063840.79,3675108.42,2172729.29,2086961.3457142855,3357741.291071429,3301088.4927777774,630865.645395976,1699174.2049566186,8484445.21,1176312.94,11735.0,10885.285714285714,129.0,80.85714285714286,630.0,416.7142857142857,0.0,14.702565165010927
2015-01-13,2138729.21,76,392,0.0,11908,0,0,2015,1,1,1,0,13,0,18,0,2427966.79,1621284.62,5708142.92,3587166.39,2467719.52,2082736.6885714284,3313200.518571429,3268579.010111111,628063.2223053316,1706875.2097416904,8484445.21,1176312.94,12986.0,11122.142857142857,92.0,81.42857142857143,430.0,408.0,0.0,14.57572285107735
2015-01-14,2835456.9,95,500,0.0,12735,0,0,2015,1,1,2,0,14,0,17,0,2138729.21,1981408.07,5625288.94,2950563.8,3356963.59,2156657.3442857144,3261470.6192857143,3257066.4598888885,594240.0994482801,1720161.6908338799,8484445.21,1176312.94,11908.0,11499.285714285714,76.0,84.42857142857143,392.0,425.42857142857144,0.0,14.857713998856413
2015-01-15,2047933.05,83,386,0.0,12630,0,0,2015,1,1,3,0,15,0,16,0,2835456.9,1318438.15,4576460.18,2684991.91,3637788.72,2278664.32,3257359.658571429,3254844.500888889,638303.0091047974,1721069.5424576371,8484445.21,1176312.94,12735.0,11869.0,95.0,87.14285714285714,500.0,437.85714285714283,0.0,14.532342062474598
2015-01-16,2569213.44,94,488,0.0,11982,0,0,2015,1,1,4,0,16,0,15,0,2047933.05,2144901.8,1625420.31,3424258.6,2005770.41,2382877.877142857,3234607.556428571,3243800.565444445,499960.62370780937,1733085.2754445833,8484445.21,1176312.94,12630.0,12388.0,83.0,90.71428571428571,386.0,449.7142857142857,0.0,14.759110744776573
2015-01-17,2588700.22,115,528,0.0,10268,0,0,2015,1,1,5,1,17,0,14,0,2569213.44,1830727.22,1176312.94,3898670.99,2464459.86,2443493.825714286,3204070.229285714,3235726.2521111113,491957.31991273054,1737148.09344462,8484445.21,1176312.94,11982.0,12264.142857142857,94.0,92.57142857142857,488.0,457.85714285714283,0.0,14.766666848443418
2015-01-18,3021302.7,122,595,0.0,10164,0,0,2015,1,1,6,1,18,0,13,0,2588700.22,3254430.17,2651400.23,4372128.59,1718246.3,2551775.6828571423,3157285.5589285716,3221084.532777778,411432.312669819,1735387.4361093293,8484445.21,1176312.94,10268.0,12034.857142857143,115.0,97.71428571428571,528.0,479.14285714285717,0.0,14.921198984941997
2015-01-19,2851705.68,115,578,0.0,11734,0,0,2015,1,1,0,0,19,0,12,0,3021302.7,2427966.79,2457539.39,3430574.36,2453121.94,2518471.7585714287,3109041.777142857,3205691.009111111,349911.302896484,1719063.6635300962,8484445.21,1176312.94,10164.0,11810.42857142857,122.0,96.71428571428571,595.0,474.14285714285717,0.0,14.863428208102372
2015-01-20,2455411.13,93,475,0.0,10857,0,0,2015,1,1,1,0,20,0,11,0,2851705.68,2138729.21,1621284.62,2791569.02,3133739.97,2579005.8857142855,3088367.895714286,3191171.4063333333,367838.404869178,1718534.344777741,8484445.21,1176312.94,11734.0,11631.57142857143,115.0,100.0,578.0,495.2857142857143,0.0,14.713805178848629
2015-01-21,2603856.87,91,454,0.0,11368,0,0,2015,1,1,2,0,21,0,10,0,2455411.13,2835456.9,1981408.07,2610156.84,3590697.9,2624246.1599999997,3076362.2567857145,3183064.0146666667,321179.0487459539,1721855.554307251,8484445.21,1176312.94,10857.0,11481.42857142857,93.0,102.42857142857143,475.0,507.14285714285717,0.0,14.772504699407767
2015-01-22,2683523.21,108,527,0.0,12159,0,0,2015,1,1,3,0,22,0,9,0,2603856.87,2047933.05,1318438.15,2573745.23,3244854.06,2591160.4414285715,3076137.257857143,3174240.8097777776,307429.9327114434,1721919.141213388,8484445.21,1176312.94,11368.0,11286.142857142857,91.0,101.85714285714286,454.0,500.57142857142856,0.0,14.802641492358212
2015-01-23,2703262.73,107,588,0.0,13034,0,0,2015,1,1,4,0,23,0,8,0,2683523.21,2569213.44,2144901.8,2922497.3,3187811.81,2681959.035714286,3080057.9,3171717.459,192701.48343653046,1720857.526549611,8484445.21,1176312.94,12159.0,11218.857142857143,108.0,105.42857142857143,527.0,520.7142857142857,0.0,14.809970389866374
2015-01-24,4004609.82,143,745,0.0,12673,0,0,2015,1,1,5,1,24,0,7,0,2703262.73,2588700.22,1830727.22,3575283.76,1812010.8,2701108.9342857143,3072228.0939285713,3160530.5059999996,186180.2075239719,1722099.2746120428,8484445.21,1176312.94,13034.0,11369.142857142857,107.0,107.28571428571429,588.0,535.0,0.0,15.202956960229859
2015-01-25,4665645.74,165,876,0.0,10995,0,0,2015,1,1,6,1,25,0,6,0,4004609.82,3021302.7,3254430.17,8484445.21,2221742.74,2903381.7342857146,3087561.1675,3167996.8857777775,517696.38121098647,1728643.0924133123,8484445.21,1176312.94,12673.0,11712.714285714286,143.0,111.28571428571429,745.0,566.0,0.0,15.355737019310357
2015-01-26,4084367.08,152,856,0.0,12273,0,0,2015,1,1,0,0,26,0,5,0,4665645.74,2851705.68,2427966.79,7063840.79,2002533.83,3138287.882857143,2951175.472142857,3161530.5035555554,847885.6094169636,1407976.6324637756,7063840.79,1176312.94,10995.0,11831.42857142857,165.0,117.42857142857143,876.0,606.1428571428571,0.0,15.22267758153162
2015-01-27,3116141.82,120,592,0.0,12089,0,0,2015,1,1,1,0,27,0,4,0,4084367.08,2455411.13,2138729.21,5708142.92,2983790.31,3314382.368571429,2844765.696785714,3138884.758888888,904556.2128209089,1179733.3881083936,5708142.92,1176312.94,12273.0,11908.42857142857,152.0,122.71428571428571,856.0,645.8571428571429,0.0,14.952106519325493
2015-01-28,4612174.41,188,1061,0.0,12441,0,0,2015,1,1,2,0,28,0,3,1,3116141.82,2603856.87,2835456.9,5625288.94,5411096.61,3408772.4671428576,2752194.228928571,3104716.597444445,831507.9619145904,1040167.0795418768,5625288.94,1176312.94,12089.0,12084.42857142857,120.0,126.57142857142857,592.0,662.5714285714286,0.0,15.34421019303899
2015-01-29,5300109.93,193,992,0.0,12264,0,0,2015,1,1,3,0,29,0,2,1,4612174.41,2683523.21,2047933.05,4576460.18,4892083.36,3695674.9728571433,2716011.567142857,3086514.2043333333,853671.3582537391,950258.830541467,4665645.74,1176312.94,12441.0,12237.714285714286,188.0,140.42857142857142,1061.0,749.2857142857143,0.0,15.483238308491996
2015-01-30,4336302.07,174,913,0.002073317276994958,11133,1,1,2015,1,1,4,0,30,0,1,1,5300109.93,2703262.73,2569213.44,1625420.31,3844256.32,4069473.075714286,2741856.201071429,3093318.9836666663,907764.0952882258,1010653.852538097,5300109.93,1176312.94,12264.0,12252.714285714286,193.0,152.57142857142858,992.0,815.7142857142857,0.0,15.282532715876705
2015-01-31,4195901.17,180,926,0.0050534412372729934,10453,1,1,2015,1,1,5,1,31,0,0,1,4336302.07,4004609.82,2588700.22,1176312.94,3732079.59,4302764.409999999,2838673.4067857144,3091785.423222222,679203.8222619962,1029414.4540861218,5300109.93,1176312.94,11133.0,11981.142857142857,174.0,162.14285714285714,913.0,862.1428571428571,0.0,15.24961893316456
2015-02-01,4977201.37,186,978,0.009675744744882604,15593,1,1,2015,2,1,6,1,1,1,27,0,4195901.17,4665645.74,3021302.7,2651400.23,3825094.63,4330091.745714285,2946515.8435714287,3099474.2183333337,668979.7085408464,1006731.5343429456,5300109.93,1318438.15,10453.0,11664.0,180.0,167.42857142857142,926.0,888.0,0.0,15.420378518054841
2015-02-02,2901454.29,98,460,0.016020052482026176,15910,1,1,2015,2,1,0,0,2,1,26,0,4977201.37,4084367.08,2851705.68,2457539.39,2382294.19,4374599.6928571435,3029580.1700000004,3126874.7294444446,704449.0499539786,1075107.672424548,5300109.93,1318438.15,15593.0,12320.857142857143,186.0,170.42857142857142,978.0,902.5714285714286,0.0,14.88072299322301
2015-02-03,1779457.49,71,341,0.03228618852816765,15721,1,1,2015,2,1,1,0,3,1,25,0,2901454.29,3116141.82,2455411.13,1621284.62,2051412.93,4205612.151428571,3045434.2735714284,3139571.1903333333,900325.4659818957,1069618.7173146699,5300109.93,1318438.15,15910.0,12840.42857142857,98.0,162.71428571428572,460.0,846.0,0.0,14.391819656883126
2015-02-04,2496729.14,99,489,0.022295418076467836,17552,1,1,2015,2,1,2,0,4,0,24,0,1779457.49,4612174.41,2603856.87,1981408.07,2787111.54,4014657.2471428565,3051083.304642857,3136227.250444444,1245495.2213200335,1062210.7426551424,5300109.93,1318438.15,15721.0,13359.285714285714,71.0,155.71428571428572,341.0,810.1428571428571,0.0,14.730492489733102
2015-02-05,2500351.24,86,437,0.03182664048431852,16196,1,1,2015,2,1,3,0,5,0,23,0,2496729.14,5300109.93,2683523.21,1318438.15,2599325.56,3712450.7800000003,3069487.628571429,3137984.4528888892,1330120.7849321365,1047351.0530588292,5300109.93,1318438.15,17552.0,14089.42857142857,99.0,143.0,489.0,728.4285714285714,0.0,14.73194217591352
2015-02-06,3457294.9,115,582,0.017378468351079916,17363,1,1,2015,2,1,4,0,6,0,22,0,2500351.24,4336302.07,2703262.73,2144901.8,2415914.42,3312485.2528571435,3111698.8103571427,3139198.148333333,1186313.939128377,996760.4223714832,5300109.93,1779457.49,16196.0,14651.142857142857,86.0,127.71428571428571,437.0,649.1428571428571,0.002073317276994958,15.055997309686818
2015-02-07,3570886.94,142,678,0.02645695077649252,18408,1,1,2015,2,1,5,1,7,0,21,0,3457294.9,4195901.17,4004609.82,1830727.22,3381887.13,3186912.8000000003,3158569.9925,3148683.702888889,1103512.1540976118,980335.7881127335,5300109.93,1779457.49,17363.0,15541.142857142857,115.0,119.28571428571429,582.0,601.8571428571429,0.0050534412372729934,15.088324845518537
2015-02-08,4197082.23,160,830,0.03232869468940569,16090,1,1,2015,2,1,6,1,8,0,20,0,3570886.94,4977201.37,4665645.74,3254430.17,2907660.51,3097625.052857143,3220718.5539285718,3145060.518888889,1031181.1142496951,947653.3075373684,5300109.93,1779457.49,18408.0,16677.571428571428,142.0,113.85714285714286,678.0,566.4285714285714,0.009675744744882604,15.249900372950647
2015-02-09,4490187.64,140,767,0.02348006106934097,17476,1,1,2015,2,1,0,0,9,0,19,0,4197082.23,2901454.29,4084367.08,2427966.79,2947940.87,2986179.4614285715,3254384.6989285713,3151930.4302222217,813333.1682830472,965472.0100416234,5300109.93,1779457.49,16090.0,16748.571428571428,160.0,110.14285714285714,830.0,545.2857142857143,0.016020052482026176,15.317405272198929
2015-02-10,2813867.9,118,639,0.03297422739709991,18527,1,1,2015,2,1,1,0,10,0,18,0,4490187.64,1779457.49,3116141.82,2138729.21,3705563.44,3213141.368571428,3328035.443571429,3165541.2724444447,988546.5215199142,978661.8927077655,5300109.93,1779457.49,17476.0,16972.285714285714,140.0,116.14285714285714,767.0,589.1428571428571,0.03228618852816765,14.850070927085053
2015-02-11,3311241.3,123,651,0.022954711877989684,18408,1,1,2015,2,1,2,0,11,0,17,0,2813867.9,2496729.14,4612174.41,2835456.9,4637151.61,3360914.2842857144,3352147.539642857,3166940.0563333333,797334.8677472633,956337.0636837307,5300109.93,1779457.49,18527.0,17373.14285714286,118.0,122.85714285714286,639.0,631.7142857142857,0.022295418076467836,15.0128339941599
2015-02-12,3468141.29,132,657,0.02597099497062301,16304,1,1,2015,2,1,3,0,12,0,16,0,3311241.3,2500351.24,5300109.93,2047933.05,3457342.17,3477273.1642857147,3369139.8396428567,3163046.4216666664,704193.754946396,951028.586929027,5300109.93,1779457.49,18408.0,17495.428571428572,123.0,126.28571428571429,651.0,654.8571428571429,0.03182664048431852,15.059129645452652
2015-02-13,4164849.99,152,833,0.027938345985901884,20518,1,1,2015,2,1,4,0,13,0,15,0,3468141.29,3457294.9,4336302.07,2569213.44,3190217.92,3615528.8857142855,3419861.5625,3155971.0731111118,560838.2863263349,915149.7261153645,5300109.93,1779457.49,16304.0,17510.85714285714,132.0,132.85714285714286,657.0,686.2857142857143,0.017378468351079916,15.242191056232395
2015-02-14,4312422.12,171,947,0.03382913034496725,13711,1,1,2015,2,1,5,1,14,0,14,0,4164849.99,3570886.94,4195901.17,2588700.22,2632487.0,3716608.1842857143,3476848.582142857,3165218.991333333,590541.2784947904,909882.9499410422,5300109.93,1779457.49,20518.0,17961.571428571428,152.0,138.14285714285714,833.0,722.1428571428571,0.02645695077649252,15.277010512916469
2015-02-15,4757224.49,201,1051,0.03150898603063401,17280,1,1,2015,2,1,6,1,15,0,13,0,4312422.12,4197082.23,4977201.37,3021302.7,2873057.42,3822541.7814285713,3538410.0785714285,3169504.7357777776,625518.4630325165,905869.9369977749,5300109.93,1779457.49,13711.0,17290.571428571428,171.0,142.28571428571428,947.0,760.5714285714286,0.03232869468940569,15.375175176014768
2015-02-16,4817928.66,219,1066,0.03205731153354188,17693,1,1,2015,2,1,0,0,16,0,12,0,4757224.49,4490187.64,2901454.29,2851705.68,3990264.22,3902562.1042857138,3600407.285357143,3179008.027333333,711356.5138947066,928293.8447770535,5300109.93,1779457.49,17280.0,17460.571428571428,201.0,148.14285714285714,1051.0,792.1428571428571,0.02348006106934097,15.387854862631535
2015-02-17,4293160.67,142,727,0.02545221071355804,16802,1,1,2015,2,1,1,0,17,0,11,0,4817928.66,2813867.9,1779457.49,2455411.13,3757742.25,3949382.25,3670629.534642857,3206985.899,765225.0015459906,943799.0033266665,5300109.93,1779457.49,17693.0,17491.571428571428,219.0,159.42857142857142,1066.0,834.8571428571429,0.03297422739709991,15.27253400547735
2015-02-18,3209407.04,135,579,0.019963684631289398,16725,1,1,2015,2,1,2,0,18,0,10,0,4293160.67,3311241.3,2496729.14,2603856.87,4902775.35,4160709.7885714285,3736263.446785714,3228406.1926666666,581605.7199738126,919754.3479612619,5300109.93,1779457.49,16802.0,17245.14285714286,142.0,162.85714285714286,727.0,847.4285714285714,0.022954711877989684,14.981597066885406
2015-02-19,3793775.02,153,797,0.02770924460354531,16363,1,1,2015,2,1,3,0,19,0,9,0,3209407.04,3468141.29,2500351.24,2683523.21,4469573.84,4146162.037142857,3757890.2385714287,3233932.307111111,607109.2746093126,899026.9337787478,5300109.93,1779457.49,16725.0,17004.714285714286,135.0,164.57142857142858,579.0,837.1428571428571,0.02597099497062301,15.14887239241552
2015-02-20,4760336.65,176,938,0.03067294200715825,18730,1,1,2015,2,1,4,0,20,0,8,0,3793775.02,4164849.99,3457294.9,2703262.73,3050037.65,4192681.141428571,3797542.0889285714,3246721.7329999995,556897.1052103108,874022.9298974808,5300109.93,1779457.49,16363.0,17013.14285714286,153.0,167.57142857142858,797.0,857.1428571428571,0.027938345985901884,15.375829158565793
2015-02-21,4368539.08,198,931,0.03532592410733338,15952,1,1,2015,2,1,5,1,21,0,7,0,4760336.65,4312422.12,3570886.94,4004609.82,3394380.68,4277750.664285715,3871009.0146428575,3273438.3665555557,596043.4480999688,865044.0658486655,5300109.93,1779457.49,18730.0,16757.714285714286,176.0,171.0,938.0,872.1428571428571,0.03382913034496725,15.289939433452147
2015-02-22,5784606.22,224,1167,0.02859512362796581,16431,1,1,2015,2,1,6,1,22,0,6,0,4368539.08,4757224.49,4197082.23,4665645.74,4262143.74,4285767.372857143,3884006.4882142856,3291946.7739999997,596964.1677423263,869846.5211157405,5300109.93,1779457.49,15952.0,17077.85714285714,198.0,174.85714285714286,931.0,869.8571428571429,0.03150898603063401,15.570711020021365
2015-02-23,7360399.98,275,1473,0.026070277501413722,14463,1,1,2015,2,1,0,0,23,0,5,0,5784606.22,4817928.66,4490187.64,4084367.08,3997442.72,4432536.191428571,3923969.3625000003,3322944.0528888893,817685.3285418582,930664.6916081021,5784606.22,1779457.49,16431.0,16956.571428571428,224.0,178.14285714285714,1167.0,886.4285714285714,0.03205731153354188,15.811624970199285
2015-02-24,5473140.47,212,996,0.0198437242009979,17173,1,1,2015,2,1,1,0,24,0,4,0,7360399.98,4293160.67,2813867.9,3116141.82,4743111.4,4795746.38,4040970.5375000006,3383045.153222222,1385163.245559723,1135059.4861885023,7360399.98,1779457.49,14463.0,16495.14285714286,275.0,186.14285714285714,1473.0,944.5714285714286,0.02545221071355804,15.51536331850384
2015-02-25,8502202.85,375,1942,0.03395562362993962,14450,1,1,2015,2,1,2,0,25,0,3,1,5473140.47,3209407.04,3311241.3,4612174.41,6869199.08,4964314.922857143,4125149.060714286,3410467.448,1385606.1358891,1151216.9872582823,7360399.98,1779457.49,17173.0,16548.14285714286,212.0,196.14285714285714,996.0,983.0,0.019963684631289398,15.955835964324798
2015-02-26,6528340.52,257,1305,0.023156134324929488,18508,1,1,2015,2,1,3,0,26,0,2,1,8502202.85,3793775.02,3468141.29,5300109.93,7766238.39,5720428.61,4264078.647857143,3454014.850555555,1680992.768941261,1416360.5033299827,8502202.85,1779457.49,14450.0,16223.142857142857,375.0,230.42857142857142,1942.0,1177.7142857142858,0.02770924460354531,15.691663490434108
2015-02-27,4695415.58,196,967,0.033010803273775396,14926,1,1,2015,2,1,4,0,27,0,1,1,6528340.52,4760336.65,4164849.99,4336302.07,5932389.78,6111080.824285714,4307944.026071428,3484287.342666667,1462126.5144856942,1467723.4228851255,8502202.85,1779457.49,18508.0,16529.571428571428,257.0,245.28571428571428,1305.0,1250.2857142857142,0.03067294200715825,15.36209739512287
2015-02-28,3896812.17,159,837,0.028072284530973428,15722,1,1,2015,2,1,5,1,28,0,0,1,4695415.58,4368539.08,4312422.12,4195901.17,5511196.67,6101806.385714286,4320769.508571429,3495415.034,1472292.985969422,1469548.2987881675,8502202.85,1779457.49,14926.0,15986.142857142857,196.0,248.14285714285714,967.0,1254.4285714285713,0.03532592410733338,15.17566964116492
2015-03-01,4612623.19,201,971,0.026456511831394577,21480,1,1,2015,3,1,6,1,1,1,30,0,3896812.17,5784606.22,4757224.49,4977201.37,4400079.49,6034416.827142857,4310087.758571428,3492442.135888889,1572252.857592822,1471575.1499888562,8502202.85,1779457.49,15722.0,15953.285714285714,159.0,242.57142857142858,837.0,1241.0,0.02859512362796581,15.344307491629705
2015-03-02,1204115.66,44,206,0.0,22178,0,0,2015,3,1,0,0,2,1,29,0,4612623.19,7360399.98,4817928.66,2901454.29,4943352.33,5866990.680000001,4297067.109285714,3507097.874444444,1663066.7201088613,1467059.8269484818,8502202.85,1779457.49,21480.0,16674.571428571428,201.0,239.28571428571428,971.0,1213.0,0.026070277501413722,14.001256793844721
2015-03-03,2971078.12,88,437,0.0,23311,0,0,2015,3,1,1,0,3,1,28,0,1204115.66,5473140.47,4293160.67,1779457.49,3637156.46,4987521.491428571,4236447.8725000005,3499216.1786666666,2261732.9356229603,1559046.0594936397,8502202.85,1204115.66,22178.0,17776.714285714286,44.0,206.28571428571428,206.0,1032.0,0.0198437242009979,14.904435784854204
2015-03-04,3275231.73,114,526,0.0,20723,0,0,2015,3,1,2,0,4,0,27,0,2971078.12,8502202.85,3209407.04,2496729.14,4742209.79,4630084.012857143,4279005.752142857,3513060.8804444447,2367435.4075210746,1504813.3961503315,8502202.85,1204115.66,23311.0,18653.571428571428,88.0,188.57142857142858,437.0,952.1428571428571,0.03395562362993962,15.001899487122083
2015-03-05,3623778.02,130,631,0.0,24841,0,0,2015,3,1,3,0,5,0,26,0,3275231.73,6528340.52,3793775.02,2500351.24,5310211.41,3883373.852857143,4306809.416071428,3532894.8695555553,1661715.5006590283,1477609.6535892254,8502202.85,1204115.66,20723.0,19549.714285714286,114.0,151.28571428571428,526.0,749.8571428571429,0.023156134324929488,15.103027967464653
2015-03-06,4126698.63,113,554,0.0,23903,0,0,2015,3,1,4,0,6,0,25,0,3623778.02,4695415.58,4760336.65,3457294.9,5506734.13,3468436.352857143,4346931.801071429,3552538.9124444444,1185616.5663610883,1441553.7395797197,8502202.85,1204115.66,24841.0,20454.428571428572,130.0,133.14285714285714,631.0,653.5714285714286,0.033010803273775396,15.232988524404394
2015-03-07,3652751.16,122,667,0.0,20579,0,0,2015,3,1,5,1,7,0,24,0,4126698.63,3896812.17,4368539.08,3570886.94,3167820.98,3387191.0742857144,4370839.077142857,3570630.3198888884,1104215.0673077921,1431770.8432504297,8502202.85,1204115.66,23903.0,21736.85714285714,113.0,121.28571428571429,554.0,594.5714285714286,0.028072284530973428,15.110991457869451
2015-03-08,3679065.16,124,650,0.0,23101,0,0,2015,3,1,6,1,8,0,23,0,3652751.16,4612623.19,5784606.22,4197082.23,3577664.95,3352325.215714286,4373762.7992857145,3586670.568111111,1089192.7125542262,1430159.4921612332,8502202.85,1204115.66,20579.0,22430.714285714286,122.0,116.0,667.0,570.2857142857143,0.026456511831394577,15.118169517072811
2015-03-09,4520902.2,171,822,0.0,23240,0,0,2015,3,1,0,0,9,0,22,0,3679065.16,1204115.66,7360399.98,4490187.64,3828277.38,3218959.782857143,4355262.189642857,3593884.118444444,958466.5032333623,1435868.8404247751,8502202.85,1204115.66,23101.0,22662.285714285714,124.0,105.0,650.0,524.4285714285714,0.0,15.324222354855305
2015-03-10,5042080.93,167,877,0.0,23566,0,0,2015,3,1,1,0,10,0,21,0,4520902.2,2971078.12,5473140.47,2813867.9,4725035.68,3692786.4314285717,4356359.1382142855,3607828.582888889,512481.47849314986,1435987.4634493468,8502202.85,1204115.66,23240.0,22814.0,171.0,123.14285714285714,822.0,612.4285714285714,0.0,15.433329636102146
2015-03-11,6098020.8,240,1183,0.0,22870,0,0,2015,3,1,2,0,11,0,20,0,5042080.93,3275231.73,8502202.85,3311241.3,5775004.59,3988643.9757142854,4435938.175,3634297.717111111,614116.5126024258,1408824.5163050834,8502202.85,1204115.66,23566.0,22850.428571428572,167.0,134.42857142857142,877.0,675.2857142857143,0.0,15.62347498146655
2015-03-12,4869770.72,184,990,0.0,28148,0,0,2015,3,1,3,0,12,0,19,0,6098020.8,3623778.02,6528340.52,3468141.29,6930320.53,4391899.5571428565,4535466.014285714,3674286.4923333335,918789.2987632628,1424773.5288333218,8502202.85,1204115.66,22870.0,23157.14285714286,240.0,152.42857142857142,1183.0,769.1428571428571,0.0,15.39855761921679
2015-03-13,3474969.89,135,651,0.0,21363,0,0,2015,3,1,4,0,13,0,18,0,4869770.72,4126698.63,4695415.58,4164849.99,5304893.97,4569898.514285714,4585524.208214286,3701158.591,864253.7633117811,1410435.4982809837,8502202.85,1204115.66,28148.0,23629.571428571428,184.0,160.14285714285714,990.0,820.4285714285714,0.0,15.061096659967525
2015-03-14,4711284.42,172,871,0.0,22276,0,0,2015,3,1,5,1,14,0,17,0,3474969.89,3652751.16,3896812.17,4312422.12,4544809.4,4476794.408571429,4560885.633214286,3710678.4638888887,950734.0442814691,1424016.6248658882,8502202.85,1204115.66,21363.0,23266.714285714286,135.0,163.28571428571428,651.0,834.2857142857143,0.0,15.365471341709803
2015-03-15,5040735.75,198,1022,0.0,22351,0,0,2015,3,1,6,1,15,0,16,0,4711284.42,3679065.16,4612623.19,4757224.49,4691387.16,4628013.445714286,4575130.7153571425,3731154.422111111,879321.6369563459,1423433.9574708503,8502202.85,1204115.66,22276.0,23509.14285714286,172.0,170.42857142857142,871.0,863.4285714285714,0.0,15.43306280991977
2015-03-16,5602879.7,212,1020,0.0,24269,0,0,2015,3,1,0,0,16,0,15,0,5040735.75,4520902.2,1204115.66,4817928.66,5553669.8,4822537.815714286,4585256.117500001,3746328.059111111,779337.1098937314,1425783.6504701022,8502202.85,1204115.66,22351.0,23402.0,198.0,181.0,1022.0,916.5714285714286,0.0,15.53879143415583
2015-03-17,5692241.74,238,1246,0.0,21379,0,0,2015,3,1,1,0,17,0,14,0,5602879.7,5042080.93,2971078.12,4293160.67,6623777.28,4977106.03,4613290.083214286,3768724.8736666664,815976.7221736999,1438190.857339924,8502202.85,1204115.66,24269.0,23549.0,212.0,186.85714285714286,1020.0,944.8571428571429,0.0,15.554614883101266
2015-03-18,6793794.72,274,1331,0.023391218979898765,18253,1,1,2015,3,1,2,0,18,0,13,0,5692241.74,6098020.8,3275231.73,3209407.04,5707570.51,5069986.145714285,4663257.264285714,3799187.961888889,860398.9773740161,1450904.6365399372,8502202.85,1204115.66,21379.0,23236.571428571428,238.0,197.0,1246.0,997.5714285714286,0.0,15.731520359543824
2015-03-19,6012381.06,236,1171,0.042754494007404116,23852,1,1,2015,3,1,3,0,19,0,12,0,6793794.72,4869770.72,3623778.02,3793775.02,7282983.0,5169382.42,4791271.11,3844841.3264444442,1023655.3632752375,1475792.4834184856,8502202.85,1204115.66,18253.0,22577.0,274.0,201.85714285714286,1331.0,1018.7142857142857,0.0,15.609331577403346
2015-03-20,4887915.96,208,1053,0.041911348655839,19678,1,1,2015,3,1,4,0,20,0,11,0,6012381.06,3474969.89,4126698.63,4760336.65,6459634.76,5332612.468571429,4870507.04,3873598.2426666664,1058425.9548610772,1479806.4313935747,8502202.85,1204115.66,23852.0,21963.285714285714,236.0,209.28571428571428,1171.0,1044.5714285714287,0.0,15.40227679114589
2015-03-21,4566270.71,199,966,0.08311038352783075,26207,1,1,2015,3,1,5,1,21,0,10,0,4887915.96,4711284.42,3652751.16,4368539.08,4506741.28,5534461.907142857,4875063.443928571,3884589.8534444445,728389.7394932666,1479651.0507226551,8502202.85,1204115.66,19678.0,21722.571428571428,208.0,219.71428571428572,1053.0,1102.0,0.0,15.334207611528726
2015-03-22,5271032.0,222,1116,0.12000000379432339,21331,1,1,2015,3,1,6,1,22,0,9,0,4566270.71,5040735.75,3679065.16,5784606.22,4682426.76,5513745.662857143,4882125.287857143,3886746.9881111113,757196.424872631,1477614.5055935008,8502202.85,1204115.66,26207.0,22284.14285714286,199.0,223.57142857142858,966.0,1115.5714285714287,0.0,15.477736916489345
2015-03-23,5172623.98,222,1112,0.12000000046398114,21839,1,1,2015,3,1,0,0,23,0,8,0,5271032.0,5602879.7,4520902.2,7360399.98,5239607.0,5546645.127142857,4863783.351428571,3907196.5174444444,737978.4861660675,1469160.2739504522,8502202.85,1204115.66,21331.0,22138.428571428572,222.0,227.0,1116.0,1129.0,0.0,15.458890850707222
2015-03-24,6187718.83,280,1404,0.12000002269010662,23120,1,1,2015,3,1,1,0,24,0,7,0,5172623.98,5692241.74,5042080.93,5473140.47,5516390.06,5485180.024285714,4785648.494285714,3933652.683666667,750328.5119982137,1387363.7132070544,8502202.85,1204115.66,21839.0,21791.285714285714,222.0,228.42857142857142,1112.0,1142.142857142857,0.0,15.638077213308783
2015-03-25,6763449.95,314,1553,0.1199999964515151,22944,1,1,2015,3,1,2,0,25,0,6,0,6187718.83,6793794.72,6098020.8,8502202.85,6858764.17,5555962.465714285,4811169.149999999,3973403.3724444443,795149.0842207422,1406913.1888359021,8502202.85,1204115.66,23120.0,22040.0,280.0,234.42857142857142,1404.0,1164.7142857142858,0.023391218979898765,15.727043813322746
2015-03-26,6983791.47,307,1558,0.12000000337925325,27836,1,1,2015,3,1,3,0,26,0,5,0,6763449.95,6012381.06,4869770.72,6528340.52,7966063.19,5551627.4985714285,4749070.832142857,4019955.6471111113,787320.1581100066,1269640.1412314042,6793794.72,1204115.66,22944.0,22710.14285714286,314.0,240.14285714285714,1553.0,1196.4285714285713,0.042754494007404116,15.759102660997073
2015-03-27,5007891.27,231,1177,0.11999999153336252,23381,1,1,2015,3,1,4,0,27,0,4,0,6983791.47,4887915.96,3474969.89,4695415.58,8330175.47,5690400.414285714,4765336.9375,4065081.1378888893,950721.8774818982,1295925.1189516282,6983791.47,1204115.66,27836.0,23279.285714285714,307.0,250.28571428571428,1558.0,1251.7142857142858,0.041911348655839,15.426525679949224
2015-03-28,5941997.22,253,1283,0.1200000073376002,23832,1,1,2015,3,1,5,1,28,0,3,1,5007891.27,4566270.71,4711284.42,3896812.17,5747360.19,5707539.744285715,4776496.783571429,4080998.9991111113,934791.7474113035,1296645.9310464682,6983791.47,1204115.66,23381.0,23808.285714285714,231.0,253.57142857142858,1177.0,1269.4285714285713,0.08311038352783075,15.597556035442208
2015-03-29,6087900.7,269,1372,0.11999999934295905,24705,1,1,2015,3,1,6,1,29,0,2,1,5941997.22,5271032.0,5040735.75,4612623.19,6857129.34,5904072.102857143,4849539.106785715,4052749.577,787941.8537883998,1302846.0197808624,6983791.47,1204115.66,23832.0,23469.0,253.0,261.2857142857143,1283.0,1314.7142857142858,0.12000000379432339,15.621814031875562
2015-03-30,14251354.04,613,3058,0.11999999755812676,21988,1,1,2015,3,1,0,0,30,0,1,1,6087900.7,5172623.98,5602879.7,1204115.66,12784107.1,6020767.631428571,4902227.589285715,4041905.7982222224,737432.7592274857,1322591.3037815557,6983791.47,1204115.66,24705.0,23951.0,269.0,268.0,1372.0,1351.2857142857142,0.12000000046398114,16.472362550684434
2015-03-31,14813965.34,624,3234,0.12000000467126784,23712,1,1,2015,3,1,1,0,31,0,0,1,14251354.04,6187718.83,5692241.74,2971078.12,12312523.89,7317729.068571429,5368200.388571428,4136830.366222222,3122800.1493249526,2062721.7258478312,14251354.04,2971078.12,21988.0,23972.285714285714,613.0,323.85714285714283,3058.0,1629.2857142857142,0.12000002269010662,16.511080965377822
2015-04-01,13697879.88,627,3217,0.1200000083516574,29410,1,1,2015,4,2,2,0,1,1,29,0,14813965.34,6763449.95,6793794.72,3275231.73,12163891.23,8550049.998571428,5791160.646428571,4238926.770666667,4139195.083023114,2676007.075978139,14813965.34,3275231.73,23712.0,24056.85714285714,624.0,373.0,3234.0,1890.7142857142858,0.1199999964515151,16.432751698542152
2015-04-02,11638587.41,497,2491,0.11999999491347206,30456,1,1,2015,4,2,3,0,2,1,28,0,13697879.88,6983791.47,6012381.06,3623778.02,13046471.25,9540682.845714286,6163398.080357143,4340275.878444444,4457883.546812346,3016338.1370058353,14813965.34,3474969.89,29410.0,24980.571428571428,627.0,417.7142857142857,3217.0,2128.4285714285716,0.12000000337925325,16.269836722295132
2015-04-03,10239965.04,455,2286,0.12000000050781423,31142,1,1,2015,4,2,4,0,3,1,27,0,11638587.41,5007891.27,4887915.96,4126698.63,9642469.77,10205653.694285715,6449641.272857143,4451533.290666666,4358986.134969565,3143999.746429411,14813965.34,3474969.89,30456.0,25354.85714285714,497.0,444.85714285714283,2491.0,2261.714285714286,0.11999999153336252,16.141808861163888
2015-04-04,4214414.51,147,752,0.12000000446088062,27051,1,1,2015,4,2,5,1,4,0,26,0,10239965.04,5941997.22,4566270.71,3652751.16,3027057.03,10953092.804285714,6667972.216071428,4552240.536222222,3721073.931814277,3188658.1728355167,14813965.34,3474969.89,31142.0,26463.571428571428,455.0,476.85714285714283,2286.0,2420.1428571428573,0.1200000073376002,15.254021470763506
2015-04-05,4549233.48,189,918,0.12000000492390643,34818,1,1,2015,4,2,6,1,5,0,25,0,4214414.51,6087900.7,5271032.0,3679065.16,4578612.03,10706295.274285715,6688031.621428572,4569607.361555555,4142275.7491001147,3170703.428399773,14813965.34,3474969.89,27051.0,26923.428571428572,147.0,461.7142857142857,752.0,2344.285714285714,0.11999999934295905,15.330469530618315
2015-04-06,5947351.85,227,1195,0.11999999630087464,32488,1,1,2015,4,2,0,0,6,0,24,0,4549233.48,14251354.04,5172623.98,4520902.2,4749333.13,10486485.67142857,6719109.061428571,4592848.407,4457060.2784384135,3144273.230242949,14813965.34,3474969.89,34818.0,28368.14285714286,189.0,450.2857142857143,918.0,2279.4285714285716,0.11999999755812676,15.598456779365154
2015-04-07,6969771.13,272,1283,0.11999999632699561,37841,1,1,2015,4,2,1,0,7,0,23,0,5947351.85,14813965.34,6187718.83,5042080.93,4614814.59,9300199.644285714,6770053.691785714,4640915.820666667,4392624.466128942,3118790.647570184,14813965.34,3474969.89,32488.0,29868.14285714286,227.0,395.14285714285717,1195.0,2013.2857142857142,0.12000000467126784,15.75709308923241
2015-04-08,6923568.08,268,1276,0.12000000727948355,31407,1,1,2015,4,2,2,0,8,0,22,0,6969771.13,13697879.88,6763449.95,6098020.8,6392830.04,8179600.471428571,6838899.770357142,4696342.076888889,3697070.5874631526,3100456.1854890455,14813965.34,3474969.89,37841.0,31886.571428571428,272.0,344.85714285714283,1283.0,1734.5714285714287,0.1200000083516574,15.750441957639609
2015-04-09,5334934.77,211,1068,0.1199999995501351,33264,1,1,2015,4,2,3,0,9,0,21,0,6923568.08,11638587.41,6983791.47,4869770.72,6139037.72,7211841.642857143,6868383.601785714,4758621.298333334,2786284.720358501,3097073.2770173647,14813965.34,3474969.89,31407.0,32171.85714285714,268.0,293.57142857142856,1276.0,1457.2857142857142,0.11999999491347206,15.489787403282818
2015-04-10,5286341.9,236,1103,0.12000000416166802,31701,1,1,2015,4,2,4,0,10,0,20,0,5334934.77,10239965.04,5007891.27,3474969.89,5203589.72,6311319.837142857,6884996.603571429,4794066.109111111,2034306.5944735815,3087187.272775675,14813965.34,3474969.89,33264.0,32573.0,211.0,252.71428571428572,1068.0,1254.0,0.12000000050781423,15.480637241508955
2015-04-11,7223512.23,304,1464,0.12000000310098456,32699,1,1,2015,4,2,5,1,11,0,19,0,5286341.9,4214414.51,5941997.22,4711284.42,5105964.56,5603659.388571428,6949688.461071429,4832461.827777778,1075582.2756615095,3031561.2381528267,14813965.34,4214414.51,31701.0,32652.85714285714,236.0,221.42857142857142,1103.0,1085.0,0.12000000446088062,15.79285198947201
2015-04-12,6941143.47,292,1440,0.12000000051864654,33695,1,1,2015,4,2,6,1,12,0,18,0,7223512.23,4549233.48,6087900.7,5040735.75,5687376.75,6033530.491428571,7039410.882857143,4876562.739555555,1028077.5854354843,2999869.9924932774,14813965.34,4214414.51,32699.0,33459.71428571428,304.0,243.85714285714286,1464.0,1186.7142857142858,0.12000000492390643,15.752977228108858
2015-04-13,8008850.6,332,1611,0.1200000059933694,32788,1,1,2015,4,2,0,0,13,0,17,0,6941143.47,5947351.85,14251354.04,5602879.7,4945405.38,6375231.918571428,7107282.587142857,4926709.147111111,831160.4110724165,2974365.226566388,14813965.34,4214414.51,33695.0,33299.28571428572,292.0,258.57142857142856,1440.0,1261.2857142857142,0.11999999630087464,15.896057937979451
2015-04-14,9764966.49,443,2178,0.0946678179537716,31794,1,1,2015,4,2,1,0,14,0,16,0,8008850.6,6969771.13,14813965.34,5692241.74,6921493.59,6669731.74,7193210.119285715,4991932.718111111,1001955.0391680871,2964029.834534687,14813965.34,4214414.51,32788.0,33342.142857142855,332.0,273.57142857142856,1611.0,1320.7142857142858,0.11999999632699561,16.094311793050302
2015-04-15,8464241.45,341,1679,0.08335299910424933,30748,1,1,2015,4,2,2,0,15,0,15,0,9764966.49,6923568.08,13697879.88,6793794.72,7871571.71,7069045.362857143,7338664.574642858,5068927.269111111,1549073.8275577698,2987482.502751672,14813965.34,4214414.51,31794.0,32478.285714285714,443.0,298.0,2178.0,1448.5714285714287,0.12000000727948355,15.951361077518733
2015-04-16,6025485.77,266,1301,0.06431831470411056,30162,1,1,2015,4,2,3,0,16,0,14,0,8464241.45,5334934.77,11638587.41,6012381.06,7912857.96,7289141.558571428,7398323.386428571,5140219.584666666,1632181.0803095563,2992872.8876960017,14813965.34,4214414.51,30748.0,32384.14285714286,341.0,308.42857142857144,1679.0,1506.142857142857,0.1199999995501351,15.611508825778763
2015-04-17,6481493.13,254,1285,0.030480789848495914,34071,1,1,2015,4,2,4,0,17,0,13,0,6025485.77,5286341.9,10239965.04,4887915.96,5557754.18,7387791.701428571,7398791.411785714,5178622.610555556,1510732.1237407879,2992649.1432063826,14813965.34,4214414.51,30162.0,31941.0,266.0,316.2857142857143,1301.0,1539.4285714285713,0.12000000416166802,15.684461617367269
2015-04-18,7432727.07,261,1270,0.0,34778,0,0,2015,4,2,5,1,18,0,12,0,6481493.13,7223512.23,4214414.51,4566270.71,5700339.67,7558527.591428571,7455704.882142857,5221875.865111112,1284205.3263870205,2958082.8672900037,14813965.34,4214414.51,34071.0,32279.571428571428,254.0,318.85714285714283,1285.0,1565.4285714285713,0.12000000310098456,15.82140351888646
2015-04-19,6854069.17,264,1227,0.0,34164,0,0,2015,4,2,6,1,19,0,11,0,7432727.07,6941143.47,4549233.48,5271032.0,6624958.05,7588415.425714285,7558078.323571429,5270891.6914444445,1277526.0872910654,2903478.844968193,14813965.34,4214414.51,34778.0,32576.571428571428,261.0,312.7142857142857,1270.0,1537.7142857142858,0.12000000051864654,15.740353219181618
2015-04-20,8942873.22,352,1687,0.0,33331,0,0,2015,4,2,0,0,20,0,10,0,6854069.17,8008850.6,5947351.85,5172623.98,6418388.34,7575976.24,7614615.365357144,5315362.396888889,1285279.3293997785,2872543.4699951867,14813965.34,4214414.51,34164.0,32643.571428571428,264.0,308.7142857142857,1227.0,1507.2857142857142,0.1200000059933694,16.006367596597855
2015-04-21,11246554.8,429,2111,0.0,29124,0,0,2015,4,2,1,0,21,0,9,0,8942873.22,9764966.49,6969771.13,6187718.83,8414591.83,7709408.042857142,7749267.123928571,5387445.309,1382513.2035406772,2842038.5091428002,14813965.34,4214414.51,33331.0,32721.14285714286,352.0,311.57142857142856,1687.0,1518.142857142857,0.0946678179537716,16.235572488629774
2015-04-22,9099886.14,370,1722,0.0,28703,0,0,2015,4,2,2,0,22,0,8,0,11246554.8,8464241.45,6923568.08,6763449.95,10131097.46,7921063.515714286,7929939.837142857,5483475.286,1800025.7833986278,2899313.6630722526,14813965.34,4214414.51,29124.0,32339.714285714286,429.0,309.57142857142856,2111.0,1508.5714285714287,0.08335299910424933,16.02377256921237
2015-04-23,7548994.85,291,1297,0.0,33494,0,0,2015,4,2,3,0,23,0,7,0,9099886.14,6025485.77,5334934.77,6983791.47,8191044.84,8011869.899999999,8013383.9867857145,5554768.207444444,1847404.3430645568,2898119.7360394956,14813965.34,4214414.51,28703.0,32047.571428571428,370.0,313.7142857142857,1722.0,1514.7142857142858,0.06431831470411056,15.836925112379923
2015-04-24,6578500.68,281,1304,0.0,31753,0,0,2015,4,2,4,0,24,0,6,0,7548994.85,6481493.13,5286341.9,5007891.27,6761050.63,8229514.054285714,8033569.821785714,5608609.675444445,1654003.4963373046,2892646.0623639277,14813965.34,4214414.51,33494.0,32523.571428571428,291.0,317.2857142857143,1297.0,1514.142857142857,0.030480789848495914,15.699317569165363
2015-04-25,9981817.81,381,1895,0.0,36571,0,0,2015,4,2,5,1,25,0,5,0,6578500.68,7432727.07,7223512.23,5941997.22,7297129.72,8243372.275714286,8089663.015000001,5637208.4627777785,1637237.9715849517,2846662.9491811474,14813965.34,4214414.51,31753.0,32192.428571428572,281.0,321.14285714285717,1304.0,1516.857142857143,0.0,16.116275877173937
2015-04-26,8486257.42,352,1672,0.0,30907,0,0,2015,4,2,6,1,26,0,4,0,9981817.81,6854069.17,6941143.47,6087900.7,7473782.26,8607528.095714286,8233942.321785715,5696277.041333334,1708804.1652497288,2836136.8315438167,14813965.34,4214414.51,36571.0,32448.571428571428,381.0,338.2857142857143,1895.0,1606.142857142857,0.0,15.953958756790755
2015-04-27,11233528.64,431,2239,0.0,34074,0,0,2015,4,2,0,0,27,0,3,1,8486257.42,8942873.22,8008850.6,14251354.04,9019804.81,8840697.845714286,8319597.918928571,5745186.934,1531860.606009601,2804968.36335761,14813965.34,4214414.51,30907.0,31983.285714285714,352.0,350.85714285714283,1672.0,1669.7142857142858,0.0,16.234413581872708
2015-04-28,14371525.01,555,2825,0.0,31168,0,0,2015,4,2,1,0,28,0,2,1,11233528.64,11246554.8,9764966.49,14813965.34,11814441.72,9167934.334285716,8211818.440357143,5835380.120888889,1781628.2283475178,2620516.5234704507,14813965.34,4214414.51,34074.0,32089.428571428572,431.0,362.14285714285717,2239.0,1748.5714285714287,0.0,16.480759446571497
2015-04-29,15294818.22,628,3126,0.0,35794,0,0,2015,4,2,2,0,29,0,1,1,14371525.01,9099886.14,8464241.45,13697879.88,17347427.27,9614358.650000002,8196017.0,5943817.349777778,2595085.902770077,2580256.4837287604,14371525.01,4214414.51,31168.0,32381.428571428572,555.0,380.14285714285717,2825.0,1850.5714285714287,0.0,16.543024715948416
2015-04-30,14911130.64,546,2893,0.0,28994,0,0,2015,4,2,3,0,30,0,0,1,15294818.22,7548994.85,6025485.77,11638587.41,13811054.06,10499348.947142858,8253050.512142858,6054869.664111111,3339843.0411506817,2720225.6149472035,15294818.22,4214414.51,35794.0,33394.42857142857,628.0,417.0,3126.0,2051.1428571428573,0.0,16.517618581915805
2015-05-01,11462217.29,469,2429,0.0,30846,0,0,2015,5,2,4,0,1,1,30,0,14911130.64,6578500.68,6481493.13,10239965.04,13289875.45,11551082.631428571,8369927.056071429,6172367.759333332,3414272.2857003566,2933053.187742645,15294818.22,4214414.51,28994.0,32751.571428571428,546.0,453.42857142857144,2893.0,2279.1428571428573,0.0,16.254566818581814
2015-05-02,8951414.69,360,1716,0.0,33476,0,0,2015,5,2,5,1,2,1,29,0,11462217.29,9981817.81,7432727.07,4214414.51,9037359.63,12248756.432857143,8413578.922142858,6253104.605111112,2640000.5081516155,2970768.015772083,15294818.22,4214414.51,30846.0,32622.0,469.0,480.2857142857143,2429.0,2439.8571428571427,0.0,16.007322255395902
2015-05-03,7902349.85,315,1599,0.0,24534,0,0,2015,5,2,6,1,3,1,28,0,8951414.69,8486257.42,6854069.17,4549233.48,8214103.42,12101555.987142857,8582757.5,6297262.530888889,2810675.8424829096,2855419.6480497224,15294818.22,4549233.48,33476.0,32179.85714285714,360.0,477.2857142857143,1716.0,2414.285714285714,0.0,15.882670849119675
2015-05-04,4063632.19,132,671,0.0,29719,0,0,2015,5,2,0,0,4,0,27,0,7902349.85,11233528.64,8942873.22,5947351.85,2887053.22,12018140.620000001,8702511.656071428,6352828.037111112,2941474.5094200084,2748295.5379370693,15294818.22,5286341.9,24534.0,31269.428571428572,315.0,472.0,1599.0,2403.8571428571427,0.0,15.217588005800781
2015-05-05,4993358.48,175,838,0.0,28430,0,0,2015,5,2,1,0,5,0,26,0,4063632.19,14371525.01,11246554.8,6969771.13,4251113.98,10993869.698571429,8635235.953928571,6378207.755999999,4227456.006035596,2839770.6897825035,15294818.22,4063632.19,29719.0,30647.285714285714,132.0,429.2857142857143,671.0,2179.8571428571427,0.0,15.423619483686615
2015-05-06,5912157.02,201,998,0.0,27853,0,0,2015,5,2,2,0,6,0,25,0,4993358.48,15294818.22,9099886.14,6923568.08,5130961.6,9654131.622857142,8564649.787857143,6405948.082,4458355.421724999,2906480.78832662,15294818.22,4063632.19,28430.0,30256.14285714286,175.0,375.0,838.0,1896.0,0.0,15.592521469940385
2015-05-07,6417545.13,212,998,0.0,24031,0,0,2015,5,2,3,0,7,0,24,0,5912157.02,14911130.64,7548994.85,5334934.77,6175024.0,8313751.451428571,8528527.964285715,6443857.035111111,3848599.182648078,2933788.2233677204,15294818.22,4063632.19,27853.0,29121.714285714286,201.0,314.0,998.0,1592.0,0.0,15.67454637985898
2015-05-08,4654167.53,171,810,0.0,29160,0,0,2015,5,2,4,0,8,0,23,0,6417545.13,11462217.29,6578500.68,5286341.9,6845994.59,7100382.092857143,8567192.62,6476748.704333333,2537538.9607999674,2897044.550518742,15294818.22,4063632.19,24031.0,28412.714285714286,212.0,266.2857142857143,998.0,1321.2857142857142,0.0,15.353273834049505
2015-05-09,4178643.57,160,731,0.0,31489,0,0,2015,5,2,5,1,9,0,22,0,4654167.53,8951414.69,9981817.81,7223512.23,3896896.85,6127803.555714286,8544614.963928571,6488785.155333334,1778183.538970324,2925880.198935908,15294818.22,4063632.19,29160.0,28171.85714285714,171.0,223.71428571428572,810.0,1090.0,0.0,15.245497486365258
2015-05-10,5135747.06,210,998,0.0,28854,0,0,2015,5,2,6,1,10,0,21,0,4178643.57,7902349.85,8486257.42,6941143.47,5476367.67,5445979.11,8435869.654642856,6488580.281333333,1387075.6395154062,3031478.0769332335,15294818.22,4063632.19,31489.0,27888.0,160.0,195.14285714285714,731.0,949.2857142857143,0.0,15.451736069410442
2015-05-11,6740124.2,241,1198,0.0,30303,0,0,2015,5,2,0,0,11,0,20,0,5135747.06,4063632.19,11233528.64,8008850.6,5960839.36,5050750.140000001,8371391.211428571,6495753.163777778,867267.5596233895,3083206.5773208803,15294818.22,4063632.19,28854.0,28505.14285714286,210.0,180.14285714285714,998.0,863.4285714285714,0.0,15.72358905838362
2015-05-12,6877097.83,268,1334,0.0,29164,0,0,2015,5,2,1,0,12,0,19,0,6740124.2,4993358.48,14371525.01,9764966.49,6171798.51,5433106.141428572,8326079.554285714,6539378.233777777,945967.6002591415,3098019.1032439084,15294818.22,4063632.19,30303.0,28588.571428571428,241.0,195.71428571428572,1198.0,938.7142857142857,0.0,15.743707439290755
2015-05-13,8472230.27,314,1565,0.0,28695,0,0,2015,5,2,2,0,13,0,18,0,6877097.83,5912157.02,15294818.22,8464241.45,6357034.06,5702211.762857142,8222941.387857142,6578998.861888889,1060969.473876017,3096412.540552187,15294818.22,4063632.19,29164.0,28693.428571428572,268.0,209.0,1334.0,1009.5714285714286,0.0,15.952304464049432
2015-05-14,8373161.73,310,1535,0.0,24060,0,0,2015,5,2,3,0,14,0,17,0,8472230.27,6417545.13,14911130.64,6025485.77,8953168.22,6067936.512857142,8223226.702857143,6634599.850555555,1497029.3203853064,3096435.9663032345,15294818.22,4063632.19,28695.0,28813.714285714286,314.0,225.14285714285714,1565.0,1090.5714285714287,0.0,15.940542236086687
2015-05-15,6454103.0,246,1225,0.0,27784,0,0,2015,5,2,4,0,15,0,16,0,8373161.73,4654167.53,11462217.29,6481493.13,7521179.22,6347310.312857143,8307072.272857143,6681358.869888889,1736474.8674755553,3066360.4726221394,15294818.22,4063632.19,24060.0,28817.85714285714,310.0,239.14285714285714,1535.0,1167.2857142857142,0.0,15.68022676550202
2015-05-16,6409003.84,246,1264,0.0,25165,0,0,2015,5,2,5,1,16,0,15,0,6454103.0,4178643.57,8951414.69,7432727.07,7254155.54,6604443.951428571,8306094.053928571,6705155.3241111105,1569178.0242394737,3066968.740698456,15294818.22,4063632.19,27784.0,28621.285714285714,246.0,249.85714285714286,1225.0,1226.5714285714287,0.0,15.673214565674096
2015-05-17,6593507.34,254,1259,0.0,32410,0,0,2015,5,2,6,1,17,0,14,0,6409003.84,5135747.06,7902349.85,6854069.17,6473741.19,6923066.8471428575,8269532.51,6723508.427999999,1170253.7851138187,3083821.453331243,15294818.22,4063632.19,25165.0,27717.85714285714,246.0,262.14285714285717,1264.0,1302.7142857142858,0.0,15.70159613811117
2015-05-18,7049312.68,289,1361,0.0,26179,0,0,2015,5,2,0,0,18,0,13,0,6593507.34,6740124.2,4063632.19,8942873.22,7502869.16,7131318.315714287,8260226.730357142,6743237.079999999,896983.8587864044,3088640.343229788,15294818.22,4063632.19,32410.0,28225.85714285714,254.0,268.42857142857144,1259.0,1340.0,0.0,15.768440819694987
2015-05-19,8167385.27,340,1599,0.0,29063,0,0,2015,5,2,1,0,19,0,12,0,7049312.68,6877097.83,4993358.48,11246554.8,6717427.22,7175488.098571428,8192599.568214285,6773860.991222222,881997.3126977187,3093865.6634102617,15294818.22,4063632.19,26179.0,27636.714285714286,289.0,275.2857142857143,1361.0,1363.2857142857142,0.0,15.91565949765885
2015-05-20,10886447.11,429,2160,0.0,30494,0,0,2015,5,2,2,0,20,0,11,0,8167385.27,8472230.27,5912157.02,9099886.14,6998009.98,7359814.875714286,8082629.227857143,6828949.638222221,942028.3327783336,3035466.307145595,15294818.22,4063632.19,29063.0,27622.285714285714,340.0,285.57142857142856,1599.0,1401.142857142857,0.0,16.203029281009286
2015-05-21,9585349.34,357,1753,0.0,29062,0,0,2015,5,2,3,0,21,0,10,0,10886447.11,8373161.73,6417545.13,7548994.85,9232803.8,7704702.995714285,8146434.976785714,6907757.105888888,1617175.3397916819,3076145.3403224275,15294818.22,4063632.19,30494.0,27879.285714285714,429.0,302.0,2160.0,1486.142857142857,0.0,16.075746484654637
2015-05-22,6849849.55,273,1304,0.0,27267,0,0,2015,5,2,4,0,22,0,9,0,9585349.34,6454103.0,4654167.53,6578500.68,8682669.79,7877872.654285714,8219161.922857143,6961368.358,1759337.7521132873,3085554.9724461506,15294818.22,4063632.19,29062.0,28593.85714285714,357.0,308.7142857142857,1753.0,1517.2857142857142,0.0,15.739737392482155
2015-05-23,5769728.11,242,1123,0.0,30173,0,0,2015,5,2,5,1,23,0,8,0,6849849.55,6409003.84,4178643.57,9981817.81,6481511.11,7934407.875714285,8228852.95392857,6988938.474333333,1711673.3436276494,3080633.3739452874,15294818.22,4063632.19,27267.0,28520.0,273.0,312.57142857142856,1304.0,1528.5714285714287,0.0,15.568135689375257
2015-05-24,7759286.87,289,1362,0.0,27244,0,0,2015,5,2,6,1,24,0,7,0,5769728.11,6593507.34,5135747.06,8486257.42,5624884.34,7843082.771428571,8078421.178928571,6988773.1620000005,1820235.9235788907,3094672.4272730155,15294818.22,4063632.19,30173.0,29235.428571428572,242.0,312.0,1123.0,1508.4285714285713,0.0,15.864401118618442
2015-05-25,6648911.62,257,1206,0.0,29094,0,0,2015,5,2,0,0,25,0,6,0,7759286.87,7049312.68,6740124.2,11233528.64,7834743.41,8009622.704285714,8052457.945,6993205.238555556,1738341.5014766464,3094173.57163846,15294818.22,4063632.19,27244.0,28497.428571428572,289.0,317.0,1362.0,1523.142857142857,0.0,15.7099638834724
2015-05-26,7250067.07,288,1413,0.0,27670,0,0,2015,5,2,1,0,26,0,5,0,6648911.62,8167385.27,6877097.83,14371525.01,7196331.6,7952422.552857144,7888721.622857143,7006269.362444445,1781264.6895500352,3040441.2183409864,15294818.22,4063632.19,29094.0,28913.85714285714,257.0,312.42857142857144,1206.0,1501.0,0.0,15.796521415752299
2015-05-27,11264269.11,426,2082,0.0,26401,0,0,2015,5,2,2,0,27,0,4,0,7250067.07,10886447.11,8472230.27,15294818.22,11197544.52,7821377.095714286,7634383.839285715,6992356.742666665,1796492.2876307354,2763287.8947632737,15294818.22,4063632.19,27670.0,28714.85714285714,288.0,305.0,1413.0,1474.4285714285713,0.0,16.237146337028527
2015-05-28,10886440.76,390,2029,0.0,27850,0,0,2015,5,2,3,0,28,0,3,1,11264269.11,9585349.34,8373161.73,14911130.64,14237002.33,7875351.667142858,7490435.6567857135,7044978.171444444,1906251.3687922042,2434924.4544580323,14911130.64,4063632.19,26401.0,28130.14285714286,426.0,304.57142857142856,2082.0,1463.2857142857142,0.0,16.203028697715105
2015-05-29,7443400.33,302,1529,0.0,34451,0,0,2015,5,2,4,0,29,0,2,1,10886440.76,6849849.55,6454103.0,11462217.29,12708438.64,8061221.869999999,7346696.732500001,7113767.34011111,2148778.608260526,2072454.0266893124,11462217.29,4063632.19,27850.0,27957.0,390.0,309.2857142857143,2029.0,1502.7142857142858,0.0,15.822838470350572
2015-05-30,14386454.27,581,2993,0.0,30967,0,0,2015,5,2,5,1,30,0,1,1,7443400.33,5769728.11,6409003.84,8951414.69,13573669.01,8146014.838571428,7203167.555357142,7153173.875222222,2104259.5161917,1909642.184238323,11264269.11,4063632.19,34451.0,28983.285714285714,302.0,313.42857142857144,1529.0,1534.857142857143,0.0,16.481797715648575
2015-05-31,12847323.1,526,2774,0.0,27874,0,0,2015,5,2,6,1,31,0,0,1,14386454.27,7759286.87,6593507.34,7902349.85,12424970.9,9376975.718571428,7397276.1117857145,7261771.998333334,2865220.80397571,2324985.4689564197,14386454.27,4063632.19,30967.0,29096.714285714286,581.0,361.85714285714283,2993.0,1802.0,0.0,16.36864610637515
2015-06-01,12707400.56,485,2654,0.0,29318,0,0,2015,6,2,0,0,1,1,29,0,12847323.1,6648911.62,7049312.68,4063632.19,11536710.05,10103838.037142858,7573882.2992857145,7391140.969888888,3027238.3855888057,2542415.3757206253,14386454.27,4063632.19,27874.0,29186.714285714286,526.0,395.7142857142857,2774.0,2003.7142857142858,0.0,16.357695181666855
2015-06-02,10370270.22,448,2156,0.0,30701,0,0,2015,6,2,1,0,2,1,28,0,12707400.56,7250067.07,8167385.27,4993358.48,10120772.07,10969336.457142858,7882588.3125,7499322.3303333325,2725907.8645621655,2623874.86351638,14386454.27,4178643.57,29318.0,29218.714285714286,485.0,428.2857142857143,2654.0,2210.5714285714284,0.0,16.154453734154917
2015-06-03,12915899.82,499,2606,0.0,32446,0,0,2015,6,2,2,0,3,1,27,0,10370270.22,11264269.11,10886447.11,5912157.02,7433951.35,11415079.764285715,8074620.874642857,7578156.091333333,2225554.1642401177,2601251.7726952895,14386454.27,4178643.57,30701.0,29651.714285714286,448.0,451.14285714285717,2156.0,2316.714285714286,0.0,16.37396973198288
2015-06-04,4389371.3,142,689,0.0,28794,0,0,2015,6,2,3,0,4,0,26,0,12915899.82,10886440.76,9585349.34,6417545.13,6422990.57,11651027.00857143,8324754.546071428,7681401.889111111,2293416.9303823058,2719651.7423939668,14386454.27,4178643.57,32446.0,30515.285714285714,499.0,461.57142857142856,2606.0,2391.5714285714284,0.0,15.29469679077349
2015-06-05,4689415.18,158,804,0.0,28463,0,0,2015,6,2,4,0,5,0,25,0,4389371.3,7443400.33,6849849.55,4654167.53,4701261.04,10722874.228571428,8252319.766428572,7684320.474333333,3598039.876482668,2798204.0166647853,14386454.27,4178643.57,28794.0,30650.14285714286,142.0,426.14285714285717,689.0,2200.1428571428573,0.0,15.360818650797617
2015-06-06,4504545.31,155,777,0.0,34892,0,0,2015,6,2,5,1,6,0,24,0,4689415.18,14386454.27,5769728.11,4178643.57,4455750.46,10329447.778571429,8253578.611071429,7695838.963444445,4127944.083823011,2796532.771353721,14386454.27,4178643.57,28463.0,29794.714285714286,158.0,405.57142857142856,804.0,2096.5714285714284,0.0,15.320597735851065
2015-06-07,4737477.49,163,836,0.0,32243,0,0,2015,6,2,6,1,7,0,23,0,4504545.31,12847323.1,7759286.87,5135747.06,5291724.53,8917746.498571428,8265217.958928572,7705010.965111111,4198400.840880106,2779571.2528011794,14386454.27,4389371.3,34892.0,30355.428571428572,155.0,344.7142857142857,777.0,1780.0,0.0,15.371015587993119
2015-06-08,5997977.12,199,1042,0.0,32199,0,0,2015,6,2,0,0,8,0,22,0,4737477.49,12707400.56,6648911.62,6740124.2,5672479.42,7759197.125714286,8250994.045714286,7707417.357222222,4049626.276919691,2797142.332683559,14386454.27,4389371.3,32243.0,30979.571428571428,163.0,292.85714285714283,836.0,1503.142857142857,0.0,15.60693299040181
2015-06-09,7149148.38,260,1201,0.0,27727,0,0,2015,6,2,1,0,9,0,21,0,5997977.12,10370270.22,7250067.07,6877097.83,5745736.68,6800708.062857144,8224488.792857142,7718038.426,3429847.119830184,2815445.678631012,14386454.27,4389371.3,32199.0,31391.14285714286,199.0,252.0,1042.0,1272.857142857143,0.0,15.782503939760788
2015-06-10,7033422.25,245,1240,0.0,31622,0,0,2015,6,2,2,0,10,0,20,0,7149148.38,12915899.82,11264269.11,8472230.27,8176131.42,6340547.799999999,8234204.883928572,7729717.621333333,3068129.5056532235,2811089.674713019,14386454.27,4389371.3,27727.0,30966.285714285714,260.0,225.14285714285714,1201.0,1136.4285714285713,0.0,15.766184094056655
2015-06-11,5174085.58,177,937,0.0,32332,0,0,2015,6,2,3,0,11,0,19,0,7033422.25,4389371.3,10886440.76,8373161.73,6815089.25,5500193.861428572,8182818.883214286,7753758.19388889,1209818.8296046911,2819714.771233907,14386454.27,4389371.3,31622.0,30848.571428571428,245.0,188.85714285714286,1240.0,941.2857142857143,0.0,15.459173375256446
2015-06-12,6351066.12,218,1160,0.0,24605,0,0,2015,6,2,4,0,12,0,18,0,5174085.58,4689415.18,7443400.33,6454103.0,6198469.27,5612295.901428572,8068566.163571429,7772637.257111111,1122973.8331345064,2875967.5351034454,14386454.27,4389371.3,32332.0,31354.0,177.0,193.85714285714286,937.0,976.7142857142857,0.0,15.664133407143689
2015-06-13,5087923.97,205,982,0.0,31158,0,0,2015,6,2,5,1,13,0,17,0,6351066.12,4504545.31,14386454.27,6409003.84,5808360.57,5849674.607142857,8064886.275,7790857.0537777785,1069739.332719759,2878174.8719751285,14386454.27,4389371.3,24605.0,30802.85714285714,218.0,202.42857142857142,1160.0,1027.5714285714287,0.0,15.4423806374311
2015-06-14,7257781.25,240,1237,0.0,29214,0,0,2015,6,2,6,1,14,0,16,0,5087923.97,4737477.49,12847323.1,6593507.34,6159350.48,5933014.415714285,8017704.851071429,7791381.367333333,965084.2779357631,2916892.521582487,14386454.27,4389371.3,31158.0,30269.428571428572,205.0,209.57142857142858,982.0,1056.857142857143,0.0,15.797584864927313
2015-06-15,7185781.7,270,1409,0.0,32287,0,0,2015,6,2,0,0,15,0,15,0,7257781.25,5997977.12,12707400.56,7049312.68,6251988.62,6293057.8100000005,8041428.919285715,7809769.162333332,913473.762185536,2907566.499197448,14386454.27,4389371.3,29214.0,29836.714285714286,240.0,220.57142857142858,1237.0,1114.142857142857,0.0,15.787615006844083
2015-06-16,7904688.49,311,1493,0.0,26776,0,0,2015,6,2,1,0,16,0,14,0,7185781.7,7149148.38,10370270.22,8167385.27,7506669.47,6462744.178571428,8046302.812857143,7826364.050777778,958726.1487360498,2905955.7742551877,14386454.27,4389371.3,32287.0,29849.285714285714,270.0,230.71428571428572,1409.0,1166.5714285714287,0.0,15.88296674765182
2015-06-17,8476249.0,300,1593,0.0,35371,0,0,2015,6,2,2,0,17,0,13,0,7904688.49,7033422.25,12915899.82,10886447.11,7985873.38,6570678.4799999995,8036920.785000001,7838707.314888889,1083315.8161534944,2905974.4397344803,14386454.27,4389371.3,26776.0,29713.428571428572,311.0,238.0,1493.0,1208.2857142857142,0.0,15.95277869298019
2015-06-18,6561476.72,220,1142,0.0,30266,0,0,2015,6,2,3,0,18,0,12,0,8476249.0,5174085.58,4389371.3,9585349.34,6928139.58,6776796.587142857,7950842.281071429,7866083.625333333,1301352.7216287975,2853667.5800766894,14386454.27,4389371.3,35371.0,30249.0,300.0,245.85714285714286,1593.0,1258.7142857142858,0.0,15.696726397747675
2015-06-19,5300940.37,206,958,0.0,35795,0,0,2015,6,2,4,0,19,0,11,0,6561476.72,6351066.12,4689415.18,6849849.55,5160401.64,6974995.321428572,7842846.830357143,7884678.74488889,1107836.8066797585,2846729.5244477293,14386454.27,4389371.3,30266.0,29953.85714285714,220.0,252.0,1142.0,1288.0,0.0,15.483394979731454
2015-06-20,5709630.01,218,1045,0.0,29012,0,0,2015,6,2,5,1,20,0,10,0,5300940.37,5087923.97,4504545.31,5769728.11,5726955.46,6824977.357142857,7787528.645357144,7892841.741111112,1266191.7275933255,2881576.372948372,14386454.27,4389371.3,35795.0,31552.428571428572,206.0,250.28571428571428,958.0,1259.142857142857,0.0,15.557664957827832
2015-06-21,5755437.59,228,1100,0.0,34568,0,0,2015,6,2,6,1,21,0,9,0,5709630.01,7257781.25,4737477.49,7759286.87,5534870.9,6913792.505714287,7785382.2846428575,7897715.0523333335,1139508.4661699838,2883156.9590291805,14386454.27,4389371.3,29012.0,31245.85714285714,218.0,252.14285714285714,1045.0,1268.142857142857,0.0,15.565655807486221
2015-06-22,8091120.75,269,1308,0.0,30368,0,0,2015,6,2,0,0,22,0,8,0,5755437.59,7185781.7,5997977.12,6648911.62,6871043.81,6699171.9828571435,7713816.238928571,7904190.75911111,1203598.8631033641,2908586.434604241,14386454.27,4389371.3,34568.0,32010.714285714286,228.0,250.42857142857142,1100.0,1248.5714285714287,0.0,15.906277938260498
2015-06-23,8014615.36,318,1524,0.033279392462322734,34822,1,1,2015,6,2,1,0,23,0,7,0,8091120.75,7904688.49,7149148.38,7250067.07,7520898.79,6828506.132857143,7765323.707857142,7925339.669333332,1308659.7747709544,2901791.7746271384,14386454.27,4389371.3,30368.0,31736.571428571428,269.0,250.28571428571428,1308.0,1234.142857142857,0.0,15.89677747762756
2015-06-24,8106694.48,290,1398,0.04961589843953266,27399,1,1,2015,6,2,2,0,24,0,6,0,8014615.36,8476249.0,7033422.25,11264269.11,8318751.36,6844209.971428571,7792629.003928571,7939241.507222222,1324292.4397383004,2900360.5094979033,14386454.27,4389371.3,34822.0,32886.0,318.0,251.28571428571428,1524.0,1238.5714285714287,0.0,15.90820088066413
2015-06-25,6395417.81,247,1122,0.0690777495895925,31624,1,1,2015,6,2,3,0,25,0,5,0,8106694.48,6561476.72,5174085.58,10886440.76,7464560.81,6791416.468571429,7679858.481428572,7951718.207333333,1253881.2052771118,2820669.280000902,14386454.27,4389371.3,27399.0,31747.14285714286,290.0,249.85714285714286,1398.0,1210.7142857142858,0.0,15.671092481077428
2015-06-26,5791488.27,243,1189,0.11988803872687462,30769,1,1,2015,6,2,4,0,26,0,4,0,6395417.81,5300940.37,6351066.12,7443400.33,5465498.81,6767693.767142857,7519464.804642857,7967135.168888889,1260509.932881589,2758582.6761990828,14386454.27,4389371.3,31624.0,31941.14285714286,247.0,253.71428571428572,1122.0,1207.857142857143,0.0,15.571900030637636
2015-06-27,5907901.77,267,1337,0.18000000531491575,29801,1,1,2015,6,2,5,1,27,0,3,1,5791488.27,5709630.01,5087923.97,14386454.27,6215342.27,6837772.038571428,7460467.945357143,7965462.847222222,1176190.6478894628,2777866.7259655097,14386454.27,4389371.3,30769.0,31223.14285714286,243.0,259.0,1189.0,1240.857142857143,0.0,15.591801465152011
2015-06-28,7048110.81,324,1708,0.17999999492062468,24381,1,1,2015,6,2,6,1,28,0,2,1,5907901.77,5755437.59,7257781.25,12847323.1,6715989.51,6866096.5757142855,7157662.498928571,7963462.859111112,1146508.101803701,2435999.2934682714,12915899.82,4389371.3,29801.0,31335.85714285714,267.0,266.0,1337.0,1282.5714285714287,0.0,15.768270310547233
2015-06-29,10266326.47,525,2649,0.18000001221469045,34732,1,1,2015,6,2,0,0,29,0,1,1,7048110.81,8091120.75,7185781.7,12707400.56,10967240.25,7050764.178571428,6950547.774285714,7883426.823222221,1036640.0772953039,2165890.1225557015,12915899.82,4389371.3,24381.0,29880.571428571428,324.0,279.7142857142857,1708.0,1369.4285714285713,0.0,16.14437992009354
2015-06-30,10954727.42,557,2706,0.17999999766310934,33102,1,1,2015,6,2,1,0,30,0,0,1,10266326.47,8014615.36,7904688.49,10370270.22,8960784.4,7361507.852857143,6863366.556785715,7832897.502444445,1582682.5084705388,1965436.3305210934,12915899.82,4389371.3,34732.0,30504.0,525.0,316.2857142857143,2649.0,1561.0,0.033279392462322734,16.209281740197795
2015-07-01,9503954.04,458,2404,0.17999999819022694,20602,1,1,2015,7,3,2,0,1,1,30,0,10954727.42,8106694.48,8476249.0,12915899.82,9836345.7,7781523.861428572,6884240.028214285,7802418.030666668,2092808.5931481991,2006729.78796331,12915899.82,4389371.3,33102.0,30258.285714285714,557.0,350.42857142857144,2706.0,1729.857142857143,0.04961589843953266,16.067218589933642
2015-07-02,8552727.69,386,1933,0.17999999366284045,27231,1,1,2015,7,3,3,0,2,1,29,0,9503954.04,6395417.81,6561476.72,4389371.3,8037264.4,7981132.369999999,6762384.821785715,7778699.882111111,2193217.2615187336,1708304.9670667944,10954727.42,4389371.3,20602.0,29287.285714285714,458.0,374.42857142857144,2404.0,1873.5714285714287,0.0690777495895925,15.961760935026241
2015-07-03,6047919.06,274,1363,0.17999999821426182,24958,1,1,2015,7,3,4,0,3,1,28,0,8552727.69,5791488.27,5300940.37,4689415.18,6599126.14,8289319.495714285,6911076.121428572,7759952.800444444,2082009.73221389,1674971.9486022538,10954727.42,4504545.31,27231.0,28659.714285714286,386.0,394.2857142857143,1933.0,1989.4285714285713,0.11988803872687462,15.61522497916156
2015-07-04,1184319.43,42,219,0.1799999853080178,24138,1,1,2015,7,3,5,1,4,0,27,0,6047919.06,5907901.77,5709630.01,4504545.31,1539342.27,8325952.465714285,6959594.117142857,7780325.073222223,2032400.4038668924,1627229.964636753,10954727.42,4504545.31,24958.0,27829.571428571428,274.0,398.7142857142857,1363.0,2014.2857142857142,0.18000000531491575,13.984679691257409
2015-07-05,2966146.59,115,551,0.18000000128112348,26737,1,1,2015,7,3,6,1,5,0,26,0,1184319.43,7048110.81,5755437.59,4737477.49,2247607.0,7651154.988571428,6841014.621428572,7742937.139333333,3335475.983361357,1909290.2599978158,10954727.42,1184319.43,24138.0,27020.571428571428,42.0,366.57142857142856,219.0,1854.5714285714287,0.17999999492062468,14.90277456106236
2015-07-06,2490899.57,122,543,0.1800000230438837,26606,1,1,2015,7,3,0,0,6,0,25,0,2966146.59,10266326.47,8091120.75,5997977.12,2992177.47,7068017.242857143,6777752.803571428,7709812.636444444,3785007.5784495054,2008345.4328988777,10954727.42,1184319.43,26737.0,27357.14285714286,115.0,336.7142857142857,551.0,1689.2857142857142,0.18000001221469045,14.728154877751157
2015-07-07,4185006.32,161,814,0.1799999934050279,26622,1,1,2015,7,3,1,0,7,0,24,0,2490899.57,10954727.42,8014615.36,7149148.38,3321041.63,5957241.971428572,6652500.033928571,7660047.396888889,3830617.1514729946,2162243.147279462,10954727.42,1184319.43,26606.0,26196.285714285714,122.0,279.14285714285717,543.0,1388.4285714285713,0.17999999766310934,15.247019011008126
2015-07-08,4333446.86,192,941,0.17999997581601818,22401,1,1,2015,7,3,2,0,8,0,23,0,4185006.32,9503954.04,8106694.48,7033422.25,4389991.98,4990138.957142858,6546637.817500001,7629618.93288889,3153323.835806222,2209081.0185432606,10954727.42,1184319.43,26622.0,25270.571428571428,161.0,222.57142857142858,814.0,1118.142857142857,0.17999999819022694,15.281874055639225
2015-07-09,6011409.46,227,1099,0.18000000286122583,22941,1,1,2015,7,3,3,0,9,0,22,0,4333446.86,8552727.69,6395417.81,5174085.58,5089459.45,4251495.074285714,6450210.125,7618491.289444444,2446026.0863022697,2245670.355159592,10954727.42,1184319.43,22401.0,25527.571428571428,192.0,184.57142857142858,941.0,909.1428571428571,0.17999999366284045,15.609169964501177
2015-07-10,3936544.23,164,778,0.17999997932196485,20649,1,1,2015,7,3,4,0,10,0,21,0,6011409.46,6047919.06,5791488.27,6351066.12,5277348.24,3888449.612857143,6480114.5492857145,7626547.5956666665,1806116.6569161434,2233590.091126601,10954727.42,1184319.43,22941.0,24914.714285714286,227.0,161.85714285714286,1099.0,790.0,0.17999999821426182,15.185814051442847
2015-07-11,3965266.87,168,831,0.17999998824795366,26986,1,1,2015,7,3,5,1,11,0,20,0,3936544.23,1184319.43,5907901.77,5087923.97,3680744.54,3586824.637142857,6393881.624642856,7590025.728999998,1542428.0473532504,2284779.3633464477,10954727.42,1184319.43,20649.0,24299.14285714286,164.0,146.14285714285714,778.0,706.4285714285714,0.1799999853080178,15.193083969407187
2015-07-12,4444033.83,194,930,0.17999998438355722,23368,1,1,2015,7,3,6,1,12,0,19,0,3965266.87,2966146.59,7048110.81,7257781.25,3635150.5,3984102.8428571434,6353786.728214285,7556960.433444444,1121077.096046792,2318152.867552989,10954727.42,1184319.43,26986.0,24706.0,168.0,164.14285714285714,831.0,793.8571428571429,0.18000000128112348,15.307073267244698
2015-07-13,4008119.02,188,922,0.1799999991018231,24986,1,1,2015,7,3,0,0,13,0,18,0,4444033.83,2490899.57,10266326.47,7185781.7,4538183.38,4195229.591428571,6253295.748928571,7517351.358222222,1033131.4198551194,2338412.5445632646,10954727.42,1184319.43,23368.0,24224.714285714286,194.0,175.42857142857142,930.0,848.0,0.1800000230438837,15.203832866408272
2015-07-14,4541662.42,215,1034,0.17999999216146056,25268,1,1,2015,7,3,1,0,14,0,17,0,4008119.02,4185006.32,10954727.42,7904688.49,4180514.48,4411975.227142857,6139807.796071428,7453386.386333333,730933.425370196,2368397.9523138967,10954727.42,1184319.43,24986.0,23993.285714285714,188.0,184.85714285714286,922.0,902.1428571428571,0.1799999934050279,15.328803894982832
2015-07-15,6195528.74,269,1342,0.17999999948349846,28980,1,1,2015,7,3,2,0,15,0,16,0,4541662.42,4333446.86,9503954.04,8476249.0,4729914.86,4462926.098571428,6019699.7221428575,7409802.174888889,724880.9072331218,2360843.2064709673,10954727.42,1184319.43,25268.0,23799.85714285714,215.0,192.57142857142858,1034.0,933.5714285714286,0.17999997581601818,15.639338580285415
2015-07-16,5351713.45,245,1107,0.17999999420746265,25987,1,1,2015,7,3,3,0,16,0,15,0,6195528.74,6011409.46,8552727.69,6561476.72,5725200.44,4728937.795714286,5938245.427142857,7411691.541222223,969753.0146703323,2311782.8974840464,10954727.42,1184319.43,28980.0,24739.714285714286,269.0,203.57142857142858,1342.0,990.8571428571429,0.18000000286122583,15.492927525480434
2015-07-17,3953465.4,178,867,0.1799999944352618,23621,1,1,2015,7,3,4,0,17,0,14,0,5351713.45,3936544.23,6047919.06,5300940.37,5475110.93,4634695.508571428,5895039.596071429,7399138.433666666,848868.8691279105,2311008.423034055,10954727.42,1184319.43,25987.0,25174.85714285714,245.0,206.14285714285714,1107.0,992.0,0.17999997932196485,15.190103321658471
2015-07-18,4352743.94,182,882,0.1799999955889893,22256,1,1,2015,7,3,5,1,18,0,13,0,3953465.4,3965266.87,1184319.43,5709630.01,4518235.32,4637112.818571429,5846915.49,7360479.9706666665,846570.3840779033,2337713.575793065,10954727.42,1184319.43,23621.0,25599.428571428572,178.0,208.14285714285714,867.0,1004.7142857142857,0.17999998824795366,15.286317224744682
2015-07-19,4734057.3,200,910,0.09132085283378383,25777,1,1,2015,7,3,6,1,19,0,12,0,4352743.94,4444033.83,2966146.59,5755437.59,4203668.56,4692466.685714285,5798455.273214286,7332687.468111111,807065.5505617565,2354667.3501853417,10954727.42,1184319.43,22256.0,24923.714285714286,182.0,210.14285714285714,882.0,1012.0,0.17999998438355722,15.370293384147113
2015-07-20,4593431.52,201,954,0.06510441239798868,21426,1,1,2015,7,3,0,0,20,0,11,0,4734057.3,4008119.02,2490899.57,8091120.75,4322625.55,4733898.61,5761977.405714286,7285922.846777777,799596.0941176803,2363254.2665053657,10954727.42,1184319.43,25777.0,25267.85714285714,200.0,211.0,910.0,1009.1428571428571,0.1799999991018231,15.34013812826247
2015-07-21,6205610.6,240,1165,0.042137516653075205,26411,1,1,2015,7,3,1,0,21,0,10,0,4593431.52,4541662.42,4185006.32,8014615.36,4796649.21,4817514.681428572,5637059.933214285,7211999.254777777,739386.7887957311,2327754.2661034367,10954727.42,1184319.43,21426.0,24759.285714285714,201.0,212.85714285714286,954.0,1013.7142857142857,0.17999999216146056,15.640964537436412
2015-07-22,7003315.42,262,1328,0.018280071983392116,25454,1,1,2015,7,3,2,0,22,0,9,0,6205610.6,6195528.74,4333446.86,8106694.48,6208113.76,5055221.564285713,5572452.620357143,7179840.637666667,888382.5015714233,2284014.3594895396,10954727.42,1184319.43,26411.0,24922.571428571428,240.0,216.42857142857142,1165.0,1032.4285714285713,0.17999999948349846,15.7618943691097
2015-07-23,6241579.84,241,1135,0.0,25169,0,0,2015,7,3,3,0,23,0,8,0,7003315.42,5351713.45,6011409.46,6395417.81,7566031.17,5170619.661428572,5533046.225357143,7173777.532888889,1090633.8359341577,2247904.286587116,10954727.42,1184319.43,25454.0,24418.85714285714,262.0,215.42857142857142,1328.0,1030.4285714285713,0.17999999420746265,15.646744048004106
2015-07-24,4815209.73,183,912,0.0,27430,0,0,2015,7,3,4,0,24,0,7,0,6241579.84,3953465.4,3936544.23,5791488.27,5905615.09,5297743.431428572,5527552.012142857,7170033.968,1164612.2786890818,2245905.5693944856,10954727.42,1184319.43,25169.0,24302.0,241.0,214.85714285714286,1135.0,1034.4285714285713,0.1799999944352618,15.387290367573408
2015-07-25,4869837.46,173,872,0.0,26582,0,0,2015,7,3,5,1,25,0,6,0,4815209.73,4352743.94,3965266.87,5907901.77,4437108.92,5420849.764285714,5492684.921428571,7112627.211555555,1037432.7063273727,2249232.03771045,10954727.42,1184319.43,27430.0,24846.14285714286,183.0,215.57142857142858,912.0,1040.857142857143,0.1799999955889893,15.39857132407741
2015-07-26,5323996.74,191,911,0.0,25938,0,0,2015,7,3,6,1,26,0,5,0,4869837.46,4734057.3,4444033.83,7048110.81,4875867.56,5494720.267142857,5455611.196071429,7072444.767555556,964552.2510644554,2250689.2567590163,10954727.42,1184319.43,26582.0,25464.14285714286,173.0,214.28571428571428,872.0,1039.4285714285713,0.09132085283378383,15.487735034004187
2015-07-27,5603376.79,207,1041,0.0,24503,0,0,2015,7,3,0,0,27,0,4,0,5323996.74,4593431.52,4008119.02,10266326.47,4695097.96,5578997.329999999,5394035.693571428,7006783.302000001,911316.4726621042,2228987.161434696,10954727.42,1184319.43,25938.0,25487.14285714286,191.0,213.0,911.0,1039.5714285714287,0.06510441239798868,15.53888015065309
2015-07-28,6826651.55,281,1330,0.0,24684,0,0,2015,7,3,1,0,28,0,3,1,5603376.79,6205610.6,4541662.42,10954727.42,5659848.32,5723275.225714286,5227501.776428571,6909359.43288889,802758.5662325629,2015444.3374309917,10954727.42,1184319.43,24503.0,25926.714285714286,207.0,213.85714285714286,1041.0,1052.0,0.042137516653075205,15.73634500159424
2015-07-29,9470985.24,367,1758,0.0,23935,0,0,2015,7,3,2,0,29,0,2,1,6826651.55,7003315.42,6195528.74,9503954.04,8325936.32,5811995.361428572,5080070.495357143,6815268.69211111,894075.0300634133,1708605.5349393869,9503954.04,1184319.43,24684.0,25680.0,281.0,219.71428571428572,1330.0,1075.5714285714287,0.018280071983392116,16.063743603351096
2015-07-30,10296776.67,471,2354,0.002486214940893731,28283,1,1,2015,7,3,3,0,30,0,1,1,9470985.24,6241579.84,5351713.45,8552727.69,9849002.97,6164519.621428571,5078893.038214286,6754822.632111111,1627639.9544847705,1705452.426749982,9470985.24,1184319.43,23935.0,25463.0,367.0,234.71428571428572,1758.0,1137.0,0.0,16.147341556680036
2015-07-31,8227312.7,419,1987,0.0028806489876092834,27777,1,1,2015,7,3,4,0,31,0,0,1,10296776.67,4815209.73,3953465.4,6047919.06,12499623.55,6743833.454285714,5141180.501785715,6741873.291888889,2258895.3549694647,1861714.5172115809,10296776.67,1184319.43,28283.0,25907.85714285714,471.0,267.57142857142856,2354.0,1311.142857142857,0.0,15.92297011596988
2015-08-01,7969399.16,403,2016,0.0043039631108149935,25416,1,1,2015,8,3,5,1,1,1,30,0,8227312.7,4869837.46,4352743.94,1184319.43,10268362.3,7231276.735714286,5219015.988928571,6733827.714222222,2138284.5103234113,1944735.4237202897,10296776.67,1184319.43,27777.0,25957.428571428572,419.0,301.2857142857143,1987.0,1464.7142857142858,0.0,15.89111978570068
2015-08-02,5808782.79,357,1658,0.0068172630018413895,25347,1,1,2015,8,3,6,1,2,1,29,0,7969399.16,5323996.74,4734057.3,2966146.59,9437585.35,7674071.264285713,5461340.265,6734572.706555556,1872143.3430319068,1843462.2234904566,10296776.67,2490899.57,25416.0,25790.85714285714,403.0,334.14285714285717,2016.0,1628.142857142857,0.0,15.574881776450699
2015-08-03,4720575.96,298,1538,0.010623703638061996,28461,1,1,2015,8,3,0,0,3,1,28,0,5808782.79,5603376.79,4593431.52,2490899.57,8311634.97,7743326.414285715,5562862.986428572,6753963.268777778,1777282.620235541,1778072.8523605762,10296776.67,2490899.57,25347.0,25706.428571428572,357.0,357.85714285714283,1658.0,1734.857142857143,0.0,15.367441587379504
2015-08-04,2658117.34,181,837,0.0098566002357142,26191,1,1,2015,8,3,1,0,4,0,27,0,4720575.96,6826651.55,6205610.6,4185006.32,7920532.02,7617212.01,5642494.286071428,6750932.351888889,1974787.0385931649,1682773.2733710406,10296776.67,3936544.23,28461.0,26271.85714285714,298.0,370.85714285714283,1538.0,1805.857142857143,0.0,14.793129039461384
2015-08-05,2978173.12,180,921,0.009267426334168242,29226,1,1,2015,8,3,2,0,5,0,26,0,2658117.34,9470985.24,7003315.42,4333446.86,4783590.74,7021707.122857143,5587962.536785714,6714776.355444444,2735079.361968713,1754946.1285009845,10296776.67,2658117.34,26191.0,26487.14285714286,181.0,356.57142857142856,837.0,1735.4285714285713,0.0,14.906820959287847
2015-08-06,2558707.18,148,744,0.00955560690614078,24693,1,1,2015,8,3,3,0,6,0,25,0,2978173.12,10296776.67,6241579.84,6011409.46,5768372.14,6094162.534285715,5539559.903214285,6676561.110888889,2863936.27397192,1808694.6600081655,10296776.67,2658117.34,29226.0,27243.0,180.0,329.85714285714283,921.0,1615.857142857143,0.002486214940893731,14.755013071906145
2015-08-07,1981109.04,115,579,0.008252953103479857,26800,1,1,2015,8,3,4,0,7,0,24,0,2558707.18,8227312.7,4815209.73,3936544.23,4368310.48,4988724.035714285,5416249.107500001,6653278.218111111,2432293.3265338917,1891151.3988649508,10296776.67,2558707.18,24693.0,26730.14285714286,148.0,283.7142857142857,744.0,1385.857142857143,0.0028806489876092834,14.499167871841152
2015-08-08,1709563.14,106,521,0.008540193490601347,26294,1,1,2015,8,3,5,1,8,0,23,0,1981109.04,7969399.16,4869837.46,3965266.87,2772020.29,4096409.227142857,5346412.136428571,6628861.167777778,2178685.2442334015,1981753.3076156443,10296776.67,1981109.04,26800.0,26590.571428571428,115.0,240.28571428571428,579.0,1184.7142857142858,0.0043039631108149935,14.35174900710026
2015-08-09,2122689.02,122,635,0.009657561614936888,23894,1,1,2015,8,3,6,1,9,0,22,0,1709563.14,5808782.79,5323996.74,4444033.83,3001539.63,3202146.9385714284,5265851.28892857,6590792.457555555,1504386.0485821299,2083228.740683624,10296776.67,1709563.14,26294.0,26716.0,106.0,197.85714285714286,521.0,971.1428571428571,0.0068172630018413895,14.568194719662149
2015-08-10,2341717.61,144,710,0.009010480132145397,28341,1,1,2015,8,3,0,0,10,0,21,0,2122689.02,4720575.96,5603376.79,4008119.02,3823485.27,2675562.1142857145,5182946.117142857,6539487.622222222,1000724.9201494661,2161852.491327981,10296776.67,1709563.14,23894.0,26508.428571428572,122.0,164.28571428571428,635.0,825.0,0.010623703638061996,14.666395666476358
2015-08-11,2434219.28,164,777,0.009797802603880454,25098,1,1,2015,8,3,1,0,11,0,20,0,2341717.61,2658117.34,6826651.55,4541662.42,4332284.65,2335725.207142857,5123431.781071429,6489094.508666666,433906.4520017648,2217610.9366640355,10296776.67,1709563.14,28341.0,26491.285714285714,144.0,142.28571428571428,710.0,706.7142857142857,0.0098566002357142,14.70513704966716
2015-08-12,3555473.95,260,1166,0.009998666985030224,27210,1,1,2015,8,3,2,0,12,0,19,0,2434219.28,2978173.12,9470985.24,6195528.74,4968367.41,2303739.77,5048165.954642857,6422005.497666666,413974.99366262584,2273155.2800097414,10296776.67,1709563.14,25098.0,26335.14285714286,164.0,139.85714285714286,777.0,698.1428571428571,0.009267426334168242,15.083999212858306
2015-08-13,2921138.79,191,915,0.008318673554021718,23810,1,1,2015,8,3,3,0,13,0,18,0,3555473.95,2558707.18,10296776.67,5351713.45,5893608.69,2386211.317142857,4953878.283571429,6368475.633444444,590567.3816253506,2278548.1608205778,10296776.67,1709563.14,27210.0,26047.14285714286,260.0,151.28571428571428,1166.0,733.1428571428571,0.00955560690614078,14.887484437123096
2015-08-14,2842163.51,160,796,0.008901669418730945,27482,1,1,2015,8,3,4,0,14,0,17,0,2921138.79,1981109.04,8227312.7,3953465.4,5049141.59,2437987.2614285713,4867072.045714286,6329220.475555555,623196.9101745585,2308926.914927276,10296776.67,1709563.14,23810.0,25921.0,191.0,157.42857142857142,915.0,757.5714285714286,0.008252953103479857,14.860076471255942
2015-08-15,2655077.08,169,836,0.009754895703442252,24803,1,1,2015,8,3,5,1,15,0,16,0,2842163.51,1709563.14,7969399.16,4352743.94,4964547.64,2560995.0428571426,4827382.692500001,6289588.916333333,602626.288805426,2334621.430811493,10296776.67,1709563.14,27482.0,26018.428571428572,160.0,163.85714285714286,796.0,788.5714285714286,0.008540193490601347,14.79198462088865
2015-08-16,2851597.29,186,868,0.009152765045586082,30678,1,1,2015,8,3,6,1,16,0,15,0,2655077.08,2122689.02,5808782.79,4734057.3,4183136.08,2696068.462857143,4766751.733214286,6245828.5801111115,471725.9103075579,2369193.046235841,10296776.67,1709563.14,24803.0,25805.428571428572,169.0,172.85714285714286,836.0,833.5714285714286,0.009657561614936888,14.863390198562083
2015-08-17,2804909.03,177,882,0.008021650527468265,25286,1,1,2015,8,3,0,0,17,0,14,0,2851597.29,2341717.61,4720575.96,4593431.52,4553293.21,2800198.215714286,4699521.018571428,6199187.2979999995,398889.3328781011,2396704.7757950868,10296776.67,1709563.14,30678.0,26774.571428571428,186.0,182.0,868.0,866.8571428571429,0.009010480132145397,14.846882021558214
2015-08-18,3797369.86,234,1150,0.008900897528059067,26259,1,1,2015,8,3,1,0,18,0,13,0,2804909.03,2434219.28,2658117.34,6205610.6,3852897.93,2866368.4185714284,4635645.2153571425,6139604.228666667,344926.1889727612,2423322.5463425536,10296776.67,1709563.14,25286.0,26338.14285714286,177.0,186.71428571428572,882.0,891.4285714285714,0.009797802603880454,15.14981950629055
2015-08-19,3996506.07,269,1295,0.008620029444869578,28515,1,1,2015,8,3,2,0,19,0,12,0,3797369.86,3555473.95,2978173.12,7003315.42,5491853.95,3061104.2157142856,4549636.617500001,6060836.703666667,433666.73959536984,2408227.204663528,10296776.67,1709563.14,26259.0,26504.0,234.0,196.71428571428572,1150.0,944.7142857142857,0.009998666985030224,15.200931305094564
2015-08-20,3542649.14,231,1120,0.009809043635633643,26047,1,1,2015,8,3,3,0,20,0,11,0,3996506.07,2921138.79,2558707.18,6241579.84,6252896.94,3124108.804285714,4442250.569285714,5998738.445111112,537151.3122860447,2361344.545063338,10296776.67,1709563.14,28515.0,26690.428571428572,269.0,198.0,1295.0,963.1428571428571,0.008318673554021718,15.080385632147095
2015-08-21,2826694.43,172,876,0.009162645854154104,27624,1,1,2015,8,3,4,0,21,0,10,0,3542649.14,2842163.51,1981109.04,4815209.73,5420386.94,3212895.9971428565,4345860.187142857,5961991.773888889,549239.8110656003,2340165.739453986,10296776.67,1709563.14,26047.0,27010.0,231.0,203.71428571428572,1120.0,992.4285714285714,0.008901669418730945,14.85461889475575
2015-08-22,2330134.4,150,781,0.009720469342884256,28267,1,1,2015,8,3,5,1,22,0,9,0,2826694.43,2655077.08,1709563.14,4869837.46,3980335.94,3210686.1285714284,4274841.783571429,5929291.399666666,551008.3346561112,2355517.541632174,10296776.67,1709563.14,27624.0,27030.285714285714,172.0,205.42857142857142,876.0,1003.8571428571429,0.009754895703442252,14.661436935441452
2015-08-23,2980880.01,201,1003,0.009493840713165775,26494,1,1,2015,8,3,6,1,23,0,8,0,2330134.4,2851597.29,2122689.02,5323996.74,3604919.44,3164265.745714286,4184138.1028571427,5868967.483333333,615527.8327563609,2380522.8536992627,10296776.67,1709563.14,28267.0,27525.14285714286,150.0,202.71428571428572,781.0,996.0,0.009152765045586082,14.907729455728013
2015-08-24,2905862.72,199,936,0.010065857481388522,26670,1,1,2015,8,3,0,0,24,0,7,0,2980880.01,2804909.03,2341717.61,5603376.79,3975022.95,3182734.7057142854,4100455.3625000003,5828211.576555556,606455.2916836768,2380153.110815718,10296776.67,1709563.14,26494.0,26927.428571428572,201.0,204.85714285714286,1003.0,1015.2857142857143,0.008021650527468265,14.882241225935628
2015-08-25,3470416.25,227,1116,0.009191980933122935,29244,1,1,2015,8,3,1,0,25,0,6,0,2905862.72,3797369.86,2434219.28,6826651.55,4982068.72,3197156.6614285717,4004115.5742857144,5779942.639333333,597101.0565592232,2371644.836825142,10296776.67,1709563.14,26670.0,27125.14285714286,199.0,208.0,936.0,1023.0,0.008900897528059067,15.059785389650969
2015-08-26,4027164.09,267,1280,0.009795975311251844,24536,1,1,2015,8,3,2,0,26,0,5,0,3470416.25,3996506.07,3555473.95,9470985.24,5315751.01,3150449.0028571435,3884250.027857143,5693344.274222221,553522.313896369,2307658.007281704,10296776.67,1709563.14,29244.0,27551.571428571428,227.0,207.0,1116.0,1018.1428571428571,0.008620029444869578,15.208573234771782
2015-08-27,3564052.29,245,1202,0.009974601130220792,26269,1,1,2015,8,3,3,0,27,0,4,0,4027164.09,3542649.14,2921138.79,10296776.67,7880420.55,3154828.72,3689827.8439285713,5617130.089,561397.693498545,2032450.8323795476,10296776.67,1709563.14,24536.0,26983.14285714286,267.0,206.71428571428572,1280.0,1016.0,0.009809043635633643,15.086409019761838
2015-08-28,8506950.72,599,3018,0.00940407469528635,26954,1,1,2015,8,3,4,0,28,0,3,1,3564052.29,2826694.43,2842163.51,8227312.7,13900846.53,3157886.312857143,3449373.401785714,5574026.221888889,563914.5963041043,1566764.2479992467,8227312.7,1709563.14,26269.0,27014.85714285714,245.0,208.71428571428572,1202.0,1027.7142857142858,0.009162645854154104,15.956394236615715
2015-08-29,7794439.44,541,2802,0.009160376515799833,28818,1,1,2015,8,3,5,1,29,0,2,1,8506950.72,2330134.4,2655077.08,7969399.16,12683009.27,3969351.497142858,3459360.4739285717,5508698.404666667,2073703.200512159,1598909.8979206055,8506950.72,1709563.14,26954.0,26919.14285714286,599.0,269.7142857142857,3018.0,1333.7142857142858,0.009720469342884256,15.868921273420156
2015-08-30,7344062.69,512,2575,0.017389136693221775,27508,2,1,2015,8,3,6,1,30,0,1,1,7794439.44,2980880.01,2851597.29,5808782.79,11574198.37,4749966.502857143,3453111.9125000006,5452555.252888889,2362209.9946126644,1580871.943073342,8506950.72,1709563.14,28818.0,26997.85714285714,541.0,325.57142857142856,2802.0,1622.4285714285713,0.009493840713165775,15.80940288363048
2015-08-31,7854391.23,509,2544,0.021329987913016143,27293,2,1,2015,8,3,0,0,31,0,0,1,7344062.69,2905862.72,2804909.03,4720575.96,11951398.65,5373278.314285715,3507943.3375,5392962.609888889,2393054.570382201,1688560.0461563612,8506950.72,1709563.14,27508.0,27142.714285714286,512.0,370.0,2575.0,1847.0,0.010065857481388522,15.876583453031005
2015-09-01,6760812.85,446,2259,0.025240861385476748,17480,2,1,2015,9,3,1,0,1,1,29,0,7854391.23,3470416.25,3797369.86,2658117.34,10306541.25,6080210.958571429,3619865.311428572,5365008.39888889,2270453.9304459705,1866406.0771475676,8506950.72,1709563.14,27293.0,27231.714285714286,509.0,414.2857142857143,2544.0,2076.714285714286,0.009191980933122935,15.726653832784445
2015-09-02,2200298.26,99,497,0.08011645203046246,20702,2,1,2015,9,3,2,0,2,1,28,0,6760812.85,4027164.09,3996506.07,2978173.12,1980913.22,6550267.615714286,3766390.151071429,5296618.543666666,1959391.2315191126,1947393.1282212068,8506950.72,1709563.14,17480.0,25551.14285714286,446.0,445.57142857142856,2259.0,2240.0,0.009795975311251844,14.6041039363504
2015-09-03,2827263.54,123,562,0.09999999151122643,19328,1,1,2015,9,3,3,0,3,1,27,0,2200298.26,3564052.29,3542649.14,2558707.18,2013419.84,6289286.782857143,3738608.9060714287,5272295.509888889,2419183.3683178336,1964527.3418806482,8506950.72,1709563.14,20702.0,25003.428571428572,99.0,421.57142857142856,497.0,2128.1428571428573,0.009974601130220792,14.854820208526963
2015-09-04,3174821.93,125,635,0.10000001165419692,21904,1,1,2015,9,3,4,0,4,0,26,0,2827263.54,8506950.72,2826694.43,1981109.04,2079554.62,6184031.247142858,3748200.2046428574,5251604.936111111,2568911.5663937307,1959201.7816008162,8506950.72,1709563.14,19328.0,24011.85714285714,123.0,404.14285714285717,562.0,2036.7142857142858,0.00940407469528635,14.97076241867498
2015-09-05,4060108.04,178,836,0.09999999162583861,19156,1,1,2015,9,3,5,1,5,0,25,0,3174821.93,7794439.44,2330134.4,1709563.14,3009749.32,5422298.562857144,3790832.807857143,5236830.231888889,2555828.922174613,1932126.0036879482,8506950.72,1709563.14,21904.0,23290.428571428572,125.0,336.42857142857144,635.0,1696.2857142857142,0.009160376515799833,15.216720388360127
2015-09-06,5806076.99,227,1142,0.10000000878390006,19448,1,1,2015,9,3,6,1,6,0,24,0,4060108.04,7344062.69,2980880.01,2122689.02,2651615.67,4888822.648571429,3874780.84,5229303.904666667,2360434.4126394144,1888929.7012870498,8506950.72,2122689.02,19156.0,21910.14285714286,178.0,284.57142857142856,836.0,1415.4285714285713,0.017389136693221775,15.574415856132369
2015-09-07,5427754.58,236,1104,0.10000000405324147,17684,1,1,2015,9,3,0,0,7,0,23,0,5806076.99,7854391.23,2905862.72,2341717.61,3257294.39,4669110.405714286,4006330.4103571433,5227171.681,2156584.5402874276,1890649.7727980942,8506950.72,2200298.26,19448.0,20758.714285714286,227.0,243.85714285714286,1142.0,1210.7142857142858,0.021329987913016143,15.507036269446253
2015-09-08,4280040.71,177,841,0.10000000911206286,19746,1,1,2015,9,3,1,0,8,0,22,0,5427754.58,6760812.85,3470416.25,2434219.28,3789247.34,4322448.027142857,4116546.0164285717,5208045.0832222225,1707505.2316678336,1879937.042594628,8506950.72,2200298.26,17684.0,19386.0,236.0,204.85714285714286,1104.0,1005.0,0.025240861385476748,15.269473312837597
2015-09-09,3647303.9,178,855,0.10000000822525372,18587,1,1,2015,9,3,2,0,9,0,21,0,4280040.71,2200298.26,4027164.09,3555473.95,3050893.58,3968052.0071428567,4182468.210357143,5177451.955,1333569.4142223042,1850898.0336850942,8506950.72,2200298.26,19746.0,19709.714285714286,177.0,166.42857142857142,841.0,802.4285714285714,0.08011645203046246,15.109499069257623
2015-09-10,3721441.58,176,828,0.10000000859881832,17610,1,1,2015,9,3,3,0,10,0,20,0,3647303.9,2827263.54,3564052.29,2921138.79,2734213.18,4174767.0985714286,4185747.8514285716,5160487.714111111,1106740.8933307438,1849826.9509351812,8506950.72,2200298.26,18587.0,19407.571428571428,178.0,177.71428571428572,855.0,853.5714285714286,0.09999999151122643,15.129621941400677
2015-09-11,5440903.55,229,1097,0.10000000827068513,18890,1,1,2015,9,3,4,0,11,0,19,0,3721441.58,3174821.93,8506950.72,2842163.51,3603376.76,4302506.818571429,4214330.093928572,5131269.6636666665,968225.9174033073,1835692.250028426,8506950.72,2200298.26,17610.0,19162.14285714286,176.0,185.28571428571428,828.0,891.5714285714286,0.10000001165419692,15.50945588258307
2015-09-12,4950740.04,239,1153,0.10000002545074049,15341,1,1,2015,9,3,5,1,12,0,18,0,5440903.55,4060108.04,7794439.44,2655077.08,3387921.49,4626232.764285714,4307142.238214286,5135191.659,905119.9789257717,1829431.5011269844,8506950.72,2200298.26,18890.0,18731.571428571428,229.0,200.14285714285714,1097.0,957.5714285714286,0.09999999162583861,15.415047828390696
2015-09-13,6063850.75,259,1261,0.09999998763162171,20180,1,1,2015,9,3,6,1,13,0,17,0,4950740.04,5806076.99,7344062.69,2851597.29,4488375.88,4753465.907142857,4389130.201071429,5109557.867777778,874351.466093426,1803913.5622461964,8506950.72,2200298.26,15341.0,18186.571428571428,239.0,208.85714285714286,1153.0,1002.8571428571429,0.10000000878390006,15.617855758446131
2015-09-14,5951627.11,245,1212,0.09999999815176591,19576,1,1,2015,9,3,0,0,14,0,16,0,6063850.75,5427754.58,7854391.23,2804909.03,4664595.04,4790290.7299999995,4503853.538928571,5097091.968333333,929746.2726594801,1804654.1969657755,8506950.72,2200298.26,20180.0,18291.14285714286,259.0,213.42857142857142,1261.0,1019.8571428571429,0.10000000405324147,15.599175372024197
2015-09-15,4289955.17,191,960,0.10000000303033471,22012,1,1,2015,9,3,1,0,15,0,15,0,5951627.11,4280040.71,6760812.85,3797369.86,3434401.74,4865129.662857143,4616236.3275,5075391.286333333,1007447.6624537789,1792876.5601980288,8506950.72,2200298.26,19576.0,18561.428571428572,245.0,214.71428571428572,1212.0,1035.2857142857142,0.10000000911206286,15.271787074068792
2015-09-16,4578098.38,208,987,0.1000000157270539,19650,1,1,2015,9,3,2,0,16,0,14,0,4289955.17,3647303.9,2200298.26,3996506.07,3499018.93,4866546.014285714,4633828.66,5028876.910444444,1006494.5212319769,1786950.880177247,8506950.72,2200298.26,22012.0,18885.14285714286,191.0,216.71428571428572,960.0,1052.2857142857142,0.10000000822525372,15.336794487428536
2015-09-17,4322042.75,197,1011,0.10000001735290563,20086,1,1,2015,9,3,3,0,17,0,13,0,4578098.38,3721441.58,2827263.54,3542649.14,2159581.94,4999516.654285714,4654599.8139285715,5006839.373333334,870925.7234290988,1782643.3612026656,8506950.72,2200298.26,19650.0,19037.0,208.0,221.0,987.0,1071.142857142857,0.10000000859881832,15.279238938626147
2015-09-18,4626830.39,208,1042,0.10000000237743749,17602,1,1,2015,9,3,4,0,18,0,12,0,4322042.75,5440903.55,3174821.93,2826694.43,3245614.46,5085316.821428572,4682435.3,4995962.733111111,744427.4096118556,1770682.3714688157,8506950.72,2200298.26,20086.0,19390.714285714286,197.0,224.0,1011.0,1097.2857142857142,0.10000000827068513,15.347382826766987
2015-09-19,4866373.41,233,1146,0.10000002856336501,20896,1,1,2015,9,3,5,1,19,0,11,0,4626830.39,4950740.04,4060108.04,2330134.4,3152106.06,4969020.6557142865,4746725.87,4983931.626222222,743205.5915915364,1733088.8673705775,8506950.72,2200298.26,17602.0,19206.714285714286,208.0,221.0,1042.0,1089.4285714285713,0.10000002545074049,15.39785974346749
2015-09-20,5970375.19,271,1243,0.10000000016749366,18429,1,1,2015,9,3,6,1,20,0,10,0,4866373.41,6063850.75,5806076.99,2980880.01,3934660.56,4956968.28,4837305.834642857,4974053.135333333,744234.8157735433,1667130.9171259324,8506950.72,2200298.26,20896.0,20000.285714285714,233.0,220.14285714285714,1146.0,1088.4285714285713,0.09999998763162171,15.60232049678386
2015-09-21,5429549.96,229,1128,0.10000001178734896,19819,1,1,2015,9,3,0,0,21,0,9,0,5970375.19,5951627.11,5427754.58,2905862.72,4973677.98,4943614.628571428,4944073.519642858,4950489.295777778,721557.2613976425,1639332.9289521486,8506950.72,2200298.26,18429.0,19750.14285714286,271.0,221.85714285714286,1243.0,1085.857142857143,0.09999999815176591,15.507366992358008
2015-09-22,3989413.65,182,885,0.10000000626658508,19877,1,1,2015,9,3,1,0,22,0,8,0,5429549.96,4289955.17,4280040.71,3470416.25,4691002.44,4869032.178571428,5034205.206785714,4921766.346888889,619808.5026216801,1591808.383733598,8506950.72,2200298.26,19819.0,19784.85714285714,229.0,219.57142857142858,1128.0,1073.857142857143,0.10000000303033471,15.199155073843272
2015-09-23,4492195.74,195,965,0.10000000578781545,17652,1,1,2015,9,3,2,0,23,0,7,0,3989413.65,4578098.38,3647303.9,4027164.09,3267077.04,4826097.675714285,5052740.828214286,4876018.782111111,674594.9961191247,1575866.4833530688,8506950.72,2200298.26,19877.0,19479.85714285714,182.0,218.28571428571428,885.0,1063.142857142857,0.1000000157270539,15.317852391744239
2015-09-24,4990183.49,215,1104,0.10000000420826208,20962,1,1,2015,9,3,3,0,24,0,6,0,4492195.74,4322042.75,3721441.58,3564052.29,3651189.03,4813825.87,5069349.101428571,4854871.870222222,680612.8518015106,1567083.507877431,8506950.72,2200298.26,17652.0,19194.428571428572,195.0,216.42857142857142,965.0,1060.0,0.10000001735290563,15.422983438988144
2015-09-25,5455949.84,246,1218,0.09999999926685543,19659,1,1,2015,9,3,4,0,25,0,5,0,4990183.49,4626830.39,5440903.55,8506950.72,3991936.34,4909274.547142857,5120282.35857143,4845968.483777777,646127.0963029389,1539275.691311237,8506950.72,2200298.26,20962.0,19319.571428571428,215.0,219.0,1104.0,1073.2857142857142,0.10000000237743749,15.512217468200912
2015-09-26,6622087.86,310,1507,0.10000001117472337,21009,1,1,2015,9,3,5,1,26,0,4,0,5455949.84,4866373.41,4950740.04,7794439.44,4802241.84,5027720.182857143,5011318.041428572,4840946.795666667,661532.9345592192,1391557.620405882,7854391.23,2200298.26,19659.0,19613.428571428572,246.0,224.42857142857142,1218.0,1098.4285714285713,0.10000002856336501,15.705921415905971
2015-09-27,9527329.68,466,2349,0.10000000965643083,21844,1,1,2015,9,3,6,1,27,0,3,1,6622087.86,5970375.19,6063850.75,7344062.69,5922266.1,5278536.532857143,4969448.342142857,4836213.207333333,885190.0511429233,1320541.5440150988,7854391.23,2200298.26,21009.0,19629.571428571428,310.0,235.42857142857142,1507.0,1150.0,0.10000000016749366,16.069675139858774
2015-09-28,8161672.8,376,1903,0.09999999877476098,18337,1,1,2015,9,3,0,0,28,0,2,1,9527329.68,5429549.96,5951627.11,7854391.23,6894981.49,5786672.888571428,5047422.163214286,4828002.131888889,1846959.3547032573,1515948.0653543377,9527329.68,2200298.26,21844.0,20117.428571428572,466.0,263.2857142857143,2349.0,1308.0,0.10000001178734896,15.914959828454556
2015-09-29,7149980.42,343,1753,0.08892167427781571,19122,1,1,2015,9,3,1,0,29,0,1,1,8161672.8,3989413.65,4289955.17,6760812.85,6358369.55,6176976.151428571,5058396.505,4796968.191666666,2037739.126325671,1537973.2932330233,9527329.68,2200298.26,18337.0,19905.714285714286,376.0,284.2857142857143,1903.0,1418.7142857142858,0.10000000626658508,15.782620316065415
2015-09-30,6245594.21,284,1412,0.0886645756000853,17523,1,1,2015,9,3,2,0,30,0,0,1,7149980.42,4492195.74,4578098.38,2200298.26,5625701.93,6628485.6899999995,5072295.346785715,4770812.929222222,1809630.0748498305,1555585.6685830562,9527329.68,2200298.26,19122.0,19797.85714285714,343.0,307.2857142857143,1753.0,1542.7142857142858,0.10000000578781545,15.647387006847998
2015-10-01,5328206.77,230,1157,0.06858952660352555,15491,1,1,2015,10,4,3,0,1,1,30,0,6245594.21,4990183.49,4322042.75,2827263.54,4131059.59,6878971.185714285,5216770.202142858,4745178.112777778,1570150.5393246547,1464135.217657421,9527329.68,2827263.54,17523.0,19779.428571428572,284.0,320.0,1412.0,1606.5714285714287,0.10000000420826208,15.488525486312914
2015-10-02,2171539.56,92,404,0.0,15982,0,0,2015,10,4,4,0,2,1,29,0,5328206.77,5455949.84,4626830.39,3174821.93,2166020.29,6927260.225714286,5306089.603214285,4737181.309555555,1506279.344982429,1387229.7939045113,9527329.68,3174821.93,15491.0,18997.85714285714,230.0,322.14285714285717,1157.0,1614.142857142857,0.09999999926685543,14.590947409115525
2015-10-03,4071748.88,124,667,0.0,15008,0,0,2015,10,4,5,1,3,1,28,0,2171539.56,6622087.86,4866373.41,4060108.04,2713373.58,6458058.757142857,5270258.090000001,4748150.422111111,2328244.670101928,1455591.1168170318,9527329.68,2171539.56,15982.0,18472.571428571428,92.0,300.14285714285717,404.0,1497.857142857143,0.10000001117472337,15.21958341096445
2015-10-04,3492367.73,141,767,0.0,16759,0,0,2015,10,4,6,1,4,0,27,0,4071748.88,9527329.68,5970375.19,5806076.99,3061013.56,6093724.617142857,5270673.834285714,4760434.892,2492078.5563904555,1455234.2922724872,9527329.68,2171539.56,15008.0,17615.285714285714,124.0,273.57142857142856,667.0,1377.857142857143,0.10000000965643083,15.06609078315061
2015-10-05,4507541.9,180,913,0.0,14395,0,0,2015,10,4,0,0,5,0,26,0,3492367.73,8161672.8,5429549.96,5427754.58,3514973.01,5231587.195714286,5188041.360714287,4771562.316,2122780.432198203,1489004.3077328538,9527329.68,2171539.56,16759.0,16888.85714285714,141.0,227.14285714285714,767.0,1151.857142857143,0.09999999877476098,15.3212627514852
2015-10-06,4188998.54,153,776,0.0,15319,0,0,2015,10,4,1,0,6,0,25,0,4507541.9,7149980.42,3989413.65,4280040.71,4584954.57,4709568.495714285,5155176.622142857,4775146.0446666675,1686638.4645055209,1493665.487706181,9527329.68,2171539.56,14395.0,16325.714285714286,180.0,199.14285714285714,913.0,1010.4285714285714,0.08892167427781571,15.247972490117755
2015-10-07,3426493.43,129,619,0.0,15755,0,0,2015,10,4,2,0,7,0,24,0,4188998.54,6245594.21,4492195.74,3647303.9,3826571.36,4286571.084285715,5151925.116071428,4773541.0633333335,1299448.0179270199,1495738.751017373,9527329.68,2171539.56,15319.0,15782.42857142857,153.0,172.0,776.0,870.8571428571429,0.0886645756000853,15.047048264441248
2015-10-08,3233949.18,118,565,0.0,16564,0,0,2015,10,4,3,0,8,0,23,0,3426493.43,5328206.77,4990183.49,3721441.58,3298742.48,3883842.4014285714,5144039.0278571425,4744819.774111112,991465.2564188367,1504521.7927789998,9527329.68,2171539.56,15755.0,15529.857142857143,129.0,149.85714285714286,619.0,757.5714285714286,0.06858952660352555,14.98921491392941
2015-10-09,3267999.74,125,649,0.0,16177,0,0,2015,10,4,4,0,9,0,22,0,3233949.18,2171539.56,5455949.84,5440903.55,2480246.09,3584662.7457142854,5126628.585,4737013.162444444,775417.4825452433,1524284.769049637,9527329.68,2171539.56,16564.0,15683.142857142857,118.0,133.85714285714286,565.0,673.0,0.0,14.999688961400194
2015-10-10,3378102.79,123,597,0.0,13914,0,0,2015,10,4,5,1,10,0,21,0,3267999.74,4071748.88,6622087.86,4950740.04,3324677.65,3741299.9142857147,5049024.8774999995,4729265.749888889,506498.6897908409,1562525.2185387036,9527329.68,2171539.56,16177.0,15711.0,125.0,138.57142857142858,649.0,708.0,0.0,15.032825101159101
2015-10-11,3286486.34,130,589,0.0,15458,0,0,2015,10,4,6,1,11,0,20,0,3378102.79,3492367.73,9527329.68,6063850.75,3249272.4,3642207.6157142855,4992859.261428571,4717422.071666666,498869.753084177,1594133.796543094,9527329.68,2171539.56,13914.0,15554.714285714286,123.0,138.42857142857142,597.0,698.0,0.0,15.005329874556029
2015-10-12,4956524.37,165,833,0.0,13664,0,0,2015,10,4,0,0,12,0,19,0,3286486.34,4507541.9,8161672.8,5951627.11,3964814.61,3612795.988571428,4893667.675357142,4709403.930777778,514984.87214354146,1611340.4099514794,9527329.68,2171539.56,15458.0,15368.857142857143,130.0,136.85714285714286,589.0,672.5714285714286,0.0,15.41621552297321
2015-10-13,5498991.17,207,1044,0.0,15985,0,0,2015,10,4,1,0,13,0,18,0,4956524.37,4188998.54,7149980.42,4289955.17,5257692.13,3676936.3414285714,4858128.291785714,4714013.508,654152.6751208056,1598061.2236544169,9527329.68,2171539.56,13664.0,15264.42857142857,165.0,134.71428571428572,833.0,661.1428571428571,0.0,15.520075391593684
2015-10-14,3411355.27,118,609,0.0,16989,0,0,2015,10,4,2,0,14,0,17,0,5498991.17,3426493.43,6245594.21,4578098.38,5353820.23,3864078.1457142862,4901308.148928571,4706274.201666667,946926.2601475123,1598474.617129357,9527329.68,2171539.56,15985.0,15359.57142857143,207.0,142.42857142857142,1044.0,699.4285714285714,0.0,15.042620503322672
2015-10-15,3768908.71,157,763,0.0,16071,0,0,2015,10,4,3,0,15,0,16,0,3411355.27,3233949.18,5328206.77,4322042.75,3174858.73,3861915.551428572,4859638.752142857,4684714.666333334,948108.7256578816,1622242.9293406396,9527329.68,2171539.56,16989.0,15535.857142857143,118.0,140.85714285714286,609.0,698.0,0.0,15.142296316005837
2015-10-16,3821540.36,157,763,0.0,14652,0,0,2015,10,4,4,0,16,0,15,0,3768908.71,3267999.74,2171539.56,4626830.39,3035433.21,3938338.341428571,4839883.965000001,4682664.036444444,909843.0581790234,1632368.2274147447,9527329.68,2171539.56,16071.0,15465.42857142857,157.0,146.42857142857142,763.0,726.2857142857143,0.0,15.15616439658178
2015-10-17,3662021.88,156,789,0.0,17243,0,0,2015,10,4,5,1,17,0,14,0,3821540.36,3378102.79,4071748.88,4866373.41,3041887.24,4017415.5728571424,4811123.606785715,4676761.774444444,864812.2928596585,1643318.3935411742,9527329.68,2171539.56,14652.0,15247.57142857143,157.0,151.0,763.0,742.5714285714286,0.0,15.113526252149013
2015-10-18,4235369.07,163,820,0.0,16988,0,0,2015,10,4,6,1,18,0,13,0,3662021.88,3286486.34,3492367.73,5970375.19,3295901.64,4057975.442857143,4768111.052142858,4664850.269777778,836009.3632354701,1657518.8312501968,9527329.68,2171539.56,17243.0,15723.142857142857,156.0,155.71428571428572,789.0,770.0,0.0,15.25898126595776
2015-10-19,6150586.07,234,1093,0.0,14648,0,0,2015,10,4,0,0,19,0,12,0,4235369.07,4956524.37,4507541.9,5429549.96,3906454.96,4193530.118571429,4706146.547857143,4660871.798111111,763884.5358726037,1643278.34502124,9527329.68,2171539.56,16988.0,15941.714285714286,163.0,160.42857142857142,820.0,803.0,0.0,15.63205809376341
2015-10-20,5151254.9,213,994,0.0,15301,0,0,2015,10,4,1,0,20,0,11,0,6150586.07,5498991.17,4188998.54,3989413.65,4406719.83,4364110.361428572,4731897.8375,4660260.414444445,1044456.9513554539,1660592.7750805435,9527329.68,2171539.56,14648.0,16082.285714285714,234.0,170.28571428571428,1093.0,840.1428571428571,0.0,15.454751106987578
2015-10-21,3861128.76,148,690,0.0,15121,0,0,2015,10,4,2,0,21,0,10,0,5151254.9,3411355.27,3426493.43,4492195.74,4158469.93,4314433.7514285715,4773392.167857143,4639681.964222223,988239.9890107508,1655861.794175501,9527329.68,2171539.56,15301.0,15984.57142857143,213.0,171.14285714285714,994.0,833.0,0.0,15.16647038255525
2015-10-22,3503062.58,138,692,0.0,15219,0,0,2015,10,4,3,0,22,0,9,0,3861128.76,3768908.71,3233949.18,4990183.49,3185076.38,4378687.107142857,4750854.061428571,4613232.5077777775,932804.4517181078,1664105.1831694618,9527329.68,2171539.56,15121.0,15717.714285714286,148.0,175.42857142857142,690.0,844.5714285714286,0.0,15.06914845217192
2015-10-23,4220053.16,152,789,0.0,16428,0,0,2015,10,4,4,0,23,0,8,0,3503062.58,3821540.36,3267999.74,5455949.84,3397945.31,4340709.088571428,4697742.600357143,4598653.095,966569.2922669393,1679840.8817836496,9527329.68,2171539.56,15219.0,15596.0,138.0,172.71428571428572,692.0,834.4285714285714,0.0,15.255358520053061
2015-10-24,3836294.44,151,753,0.0,15087,0,0,2015,10,4,5,1,24,0,7,0,4220053.16,3662021.88,3378102.79,6622087.86,2910624.78,4397639.488571429,4653603.433214285,4591433.269444444,942326.144158196,1675411.7571518014,9527329.68,2171539.56,16428.0,15849.714285714286,152.0,172.0,789.0,838.1428571428571,0.0,15.160017729746551
2015-10-25,4371735.18,174,913,0.0,17383,0,0,2015,10,4,6,1,25,0,6,0,3836294.44,4235369.07,3286486.34,9527329.68,3710088.5,4422535.568571429,4554110.8110714285,4574903.243888889,921729.1418582132,1636448.505168638,9527329.68,2171539.56,15087.0,15541.714285714286,151.0,171.28571428571428,753.0,833.0,0.0,15.290670783365442
2015-10-26,5670407.54,246,1313,0.0,17645,0,0,2015,10,4,0,0,26,0,5,0,4371735.18,6150586.07,4956524.37,8161672.8,3332635.64,4442016.441428571,4369982.4360714285,4561218.337111112,918549.6281407134,1314535.319770502,8161672.8,2171539.56,17383.0,15598.142857142857,174.0,172.85714285714286,913.0,846.2857142857143,0.0,15.5507717260183
2015-10-27,5227347.01,208,1042,0.0,14318,0,0,2015,10,4,1,0,27,0,4,0,5670407.54,5151254.9,5498991.17,7149980.42,5247620.14,4373419.508571428,4281008.676785714,4548371.181444445,776659.1119592095,1118011.0694212888,7149980.42,2171539.56,17645.0,16026.285714285714,246.0,174.57142857142858,1313.0,877.7142857142857,0.0,15.469414634778545
2015-10-28,7029977.95,328,1564,0.0,15923,0,0,2015,10,4,2,0,28,0,3,1,5227347.01,3861128.76,3411355.27,6245594.21,6122484.1,4384289.8100000005,4212343.197857142,4501219.645555555,789781.973553543,986598.254386092,6245594.21,2171539.56,14318.0,15885.857142857143,208.0,173.85714285714286,1042.0,884.5714285714286,0.0,15.765694269472265
2015-10-29,7420192.54,286,1520,0.0,14579,0,0,2015,10,4,3,0,29,0,2,1,7029977.95,3503062.58,3768908.71,5328206.77,6191276.35,4836982.551428571,4240356.9028571425,4464921.882,1227055.1887483564,1055218.7335731674,7029977.95,2171539.56,15923.0,16000.42857142857,328.0,199.57142857142858,1564.0,1009.4285714285714,0.0,15.819715698361344
2015-10-30,7246849.63,269,1428,0.0,16283,0,0,2015,10,4,4,0,30,0,1,1,7420192.54,4220053.16,3821540.36,2171539.56,6250389.79,5396572.545714286,4315070.680357143,4455953.880222222,1398548.7263798413,1199317.3170740458,7420192.54,2171539.56,14579.0,15909.0,286.0,220.71428571428572,1520.0,1127.7142857142858,0.0,15.796077536591573
2015-10-31,5833943.99,226,1112,0.0,16765,0,0,2015,10,4,5,1,31,0,0,1,7246849.63,3836294.44,3662021.88,4071748.88,4687679.79,5828972.041428572,4496331.754285715,4447925.552111111,1441421.3700814939,1245977.53861406,7420192.54,3233949.18,16283.0,15888.285714285714,269.0,237.42857142857142,1428.0,1219.0,0.0,15.579204000157258
2015-11-01,5794071.48,240,1279,0.0,12648,0,0,2015,11,4,6,1,1,1,29,0,5833943.99,4371735.18,4235369.07,3492367.73,4474322.51,6114350.548571429,4559267.293928572,4448205.121,1149300.3558273744,1268046.7904896867,7420192.54,3233949.18,16765.0,16128.0,226.0,248.14285714285714,1112.0,1270.2857142857142,0.0,15.572345966725768
2015-11-02,2770297.66,92,440,0.0,12291,0,0,2015,11,4,0,0,2,1,28,0,5794071.48,5670407.54,6150586.07,4507541.9,3503909.61,6317541.448571429,4641470.999285715,4460132.849,885269.4894318507,1270924.2775337487,7420192.54,3233949.18,12648.0,15451.57142857143,240.0,257.57142857142856,1279.0,1322.5714285714287,0.0,14.834465691846002
2015-11-03,2095237.3,82,363,0.0,14430,0,0,2015,11,4,1,0,3,1,27,0,2770297.66,5227347.01,5151254.9,4188998.54,2511155.37,5903240.037142858,4579426.562142857,4461379.296999999,1615799.5439238548,1319192.7433378857,7420192.54,2770297.66,12291.0,14686.714285714286,92.0,235.57142857142858,440.0,1197.857142857143,0.0,14.55517785188638
2015-11-04,2658412.16,96,454,0.0,12298,0,0,2015,11,4,2,0,4,0,26,0,2095237.3,7029977.95,3861128.76,3426493.43,1758772.81,5455795.792857143,4504649.375,4451568.898999999,2172074.9678822258,1399066.7923275467,7420192.54,2095237.3,14430.0,14702.714285714286,82.0,217.57142857142858,363.0,1100.857142857143,0.0,14.79323994635634
2015-11-05,2550367.78,101,501,0.0,13451,0,0,2015,11,4,3,0,5,0,25,0,2658412.16,7420192.54,3503062.58,3233949.18,2080412.08,4831286.394285714,4477217.901071428,4452676.732111111,2270267.2309585456,1428215.3461525012,7420192.54,2095237.3,12298.0,14184.857142857143,96.0,184.42857142857142,454.0,942.2857142857143,0.0,14.751748526286045
2015-11-06,3113759.4,111,524,0.0,14154,0,0,2015,11,4,4,0,6,0,24,0,2550367.78,7246849.63,4220053.16,3267999.74,2338580.92,4135597.1428571427,4452804.279642858,4459001.829222222,2083144.6481857717,1455830.1768505108,7420192.54,2095237.3,13451.0,14023.714285714286,101.0,158.0,501.0,796.7142857142857,0.0,14.951341685577036
2015-11-07,2523233.52,113,562,0.0,13272,0,0,2015,11,4,5,1,7,0,23,0,3113759.4,5833943.99,3836294.44,3378102.79,2391118.65,3545155.681428571,4447295.696071428,4474604.009888889,1579074.7422645679,1460762.7427973216,7420192.54,2095237.3,14154.0,13719.57142857143,111.0,135.42857142857142,524.0,667.5714285714286,0.0,14.741052176137275
2015-11-08,4183206.42,147,762,0.0,12234,0,0,2015,11,4,6,1,8,0,22,0,2523233.52,5794071.48,4371735.18,3286486.34,2603594.99,3072197.042857143,4416764.650714286,4479054.504333333,1238332.6233230992,1492525.7251290863,7420192.54,2095237.3,13272.0,13220.57142857143,113.0,119.28571428571429,562.0,589.0,0.0,15.246588835616198
2015-11-09,3409517.01,138,658,0.0,14367,0,0,2015,11,4,0,0,9,0,21,0,4183206.42,2770297.66,5670407.54,4956524.37,3896973.5,2842073.4628571426,4448790.367857142,4499515.491111112,665313.1425553281,1476913.6283137721,7420192.54,2095237.3,12234.0,13161.42857142857,147.0,106.0,762.0,515.1428571428571,0.0,15.04208149322835
2015-11-10,3237404.66,118,603,0.0,14088,0,0,2015,11,4,1,0,10,0,20,0,3409517.01,2095237.3,5227347.01,5498991.17,3578790.21,2933390.512857143,4393540.1049999995,4510352.132555556,696935.9432442426,1486123.6813666844,7420192.54,2095237.3,14367.0,13458.0,138.0,112.57142857142857,658.0,546.2857142857143,0.0,14.990282844797019
2015-11-11,2928494.89,118,581,0.0,13290,0,0,2015,11,4,2,0,11,0,19,0,3237404.66,2658412.16,7029977.95,3411355.27,3265211.84,3096557.2785714283,4312769.158214285,4506818.0293333335,594120.9603718616,1485275.5540207524,7420192.54,2095237.3,14088.0,13409.142857142857,118.0,117.71428571428571,603.0,580.5714285714286,0.0,14.889999501062125
2015-11-12,3900732.76,144,779,0.0,13903,0,0,2015,11,4,3,0,12,0,18,0,2928494.89,2550367.78,7420192.54,3768908.71,2687977.35,3135140.5257142857,4295524.144642857,4506899.763777778,569170.660716517,1498870.1305761766,7420192.54,2095237.3,13290.0,13550.857142857143,118.0,120.85714285714286,581.0,598.7142857142857,0.0,15.176675236992834
2015-11-13,3144926.75,138,637,0.0,14681,0,0,2015,11,4,4,0,13,0,17,0,3900732.76,3113759.4,7246849.63,3821540.36,3661668.42,3328049.8085714285,4300232.146428572,4518661.644333334,566775.3539842825,1497361.022284358,7420192.54,2095237.3,13903.0,13615.42857142857,144.0,127.0,779.0,638.4285714285714,0.0,14.961301474879821
2015-11-14,4369752.69,167,881,0.0,14789,0,0,2015,11,4,5,1,14,0,16,0,3144926.75,2523233.52,5833943.99,3662021.88,4104922.66,3332502.287142857,4276067.374642857,4524104.418444444,564930.7796419095,1510772.0047327583,7420192.54,2095237.3,14681.0,13690.714285714286,138.0,130.85714285714286,637.0,654.5714285714286,0.0,15.290217201638878
2015-11-15,4297274.47,194,977,0.0,12535,0,0,2015,11,4,6,1,15,0,15,0,4369752.69,4183206.42,5794071.48,4235369.07,3332537.35,3596290.7399999998,4301343.475,4540972.811777778,555091.9954460944,1506031.1067506685,7420192.54,2095237.3,14789.0,13907.42857142857,167.0,138.57142857142858,881.0,700.1428571428571,0.0,15.273491768219206
2015-11-16,4316238.63,163,889,0.0,12803,0,0,2015,11,4,0,0,16,0,14,0,4297274.47,3409517.01,2770297.66,6150586.07,3926705.12,3612586.1757142856,4303554.382142858,4557554.65,576456.4346315897,1505976.1055001887,7420192.54,2095237.3,12535.0,13950.42857142857,194.0,145.28571428571428,977.0,730.8571428571429,0.0,15.277895125134945
2015-11-17,3035948.85,130,671,0.0,11316,0,0,2015,11,4,1,0,17,0,13,0,4316238.63,3237404.66,2095237.3,5151254.9,3901928.25,3742117.8357142857,4238041.973571428,4563319.858555555,623197.7561912601,1461905.0373774345,7420192.54,2095237.3,12803.0,13727.0,163.0,148.85714285714286,889.0,763.8571428571429,0.0,14.926034898915903
2015-11-18,3208924.12,132,723,0.041982610046883875,14680,1,1,2015,11,4,2,0,18,0,12,0,3035948.85,2928494.89,2658412.16,3861128.76,2299920.21,3713338.4342857143,4162495.3289285717,4552647.000555555,654267.291065606,1467610.2632388507,7420192.54,2095237.3,11316.0,13331.0,130.0,150.57142857142858,671.0,773.5714285714286,0.0,14.981446585447665
2015-11-19,2934934.24,151,756,0.09288968600536684,14557,1,1,2015,11,4,3,0,19,0,11,0,3208924.12,3900732.76,2550367.78,3503062.58,2365334.24,3753399.7528571426,4139202.306071428,4548938.944777778,604926.1904948349,1477711.460241326,7420192.54,2095237.3,14680.0,13529.57142857143,132.0,152.57142857142858,723.0,793.8571428571429,0.0,14.892195946264959
2015-11-20,3389498.76,167,892,0.14771688838145497,13750,1,1,2015,11,4,4,0,20,0,10,0,2934934.24,3144926.75,3113759.4,4220053.16,2712056.74,3615428.535714286,4118912.008214286,4550141.609333334,672128.5292639495,1490613.8636456982,7420192.54,2095237.3,14557.0,13623.0,151.0,153.57142857142858,756.0,790.5714285714286,0.0,15.036192905046251
2015-11-21,2291920.41,126,641,0.19129137647497976,14699,1,1,2015,11,4,5,1,21,0,9,0,3389498.76,4369752.69,2523233.52,3836294.44,2642726.69,3650367.3942857147,4089249.3510714285,4561912.324444444,649572.657653884,1496777.7655744194,7420192.54,2095237.3,13750.0,13490.0,167.0,157.71428571428572,892.0,827.0,0.0,14.644901067398177
2015-11-22,3070301.17,141,714,0.20000000521121516,14679,1,1,2015,11,4,6,1,22,0,8,0,2291920.41,4297274.47,4183206.42,4371735.18,2355839.63,3353534.2114285715,4034093.135714286,4554257.217777778,735159.9895871244,1534425.9712755394,7420192.54,2095237.3,14699.0,13477.142857142857,126.0,151.85714285714286,641.0,792.7142857142857,0.0,14.937286541429886
2015-11-23,2329823.55,122,603,0.20000000858434108,11714,1,1,2015,11,4,0,0,23,0,7,0,3070301.17,4316238.63,3409517.01,5670407.54,2702782.41,3178252.3114285716,3987613.3496428574,4556084.3116666665,607902.1755970232,1543503.7713004705,7420192.54,2095237.3,14679.0,13783.42857142857,141.0,144.28571428571428,714.0,755.1428571428571,0.0,14.661303522277478
2015-11-24,1994420.05,109,596,0.19999995988808877,12523,1,1,2015,11,4,1,0,24,0,6,0,2329823.55,3035948.85,3237404.66,5227347.01,2994851.12,2894478.7285714285,3868306.7785714283,4543411.059444444,423949.0355070078,1537709.0005009505,7420192.54,2095237.3,11714.0,13627.857142857143,122.0,138.42857142857142,603.0,714.2857142857143,0.0,14.505864365688534
2015-11-25,1994246.64,125,641,0.1999999909740352,12747,1,1,2015,11,4,2,0,25,0,5,0,1994420.05,3208924.12,2928494.89,7029977.95,1951300.95,2745688.9,3752845.1014285716,4520825.014555556,534403.0386413168,1553180.776342259,7420192.54,1994420.05,12523.0,13800.285714285714,109.0,135.42857142857142,596.0,703.5714285714286,0.041982610046883875,14.505777414370394
2015-11-26,3361942.92,189,963,0.1999999809633889,12460,1,1,2015,11,4,3,0,26,0,4,0,1994246.64,2934934.24,3900732.76,7420192.54,3005133.94,2572163.5457142857,3572997.554642857,4503382.729555556,555700.8948556157,1447621.4088015324,7420192.54,1994246.64,12747.0,13524.142857142857,125.0,134.42857142857142,641.0,691.8571428571429,0.09288968600536684,15.028029912264282
2015-11-27,5242225.8,345,1881,0.20000000572275997,12408,1,1,2015,11,4,4,0,27,0,3,1,3361942.92,3389498.76,3144926.75,7246849.63,4582936.62,2633164.785714286,3428060.0682142857,4446215.976222223,621680.75029228,1235836.069843063,7246849.63,1994246.64,12460.0,13224.57142857143,189.0,139.85714285714286,963.0,721.4285714285714,0.14771688838145497,15.47225692785858
2015-11-28,5114979.4,329,1782,0.20000000586512626,14692,1,1,2015,11,4,5,1,28,0,2,1,5242225.8,2291920.41,4369752.69,5833943.99,3803816.23,2897840.077142857,3356466.36,4417858.046888889,1159289.2188794715,1050597.2992963407,5833943.99,1994246.64,12408.0,13032.857142857143,345.0,165.28571428571428,1881.0,862.7142857142857,0.19129137647497976,15.447684125493465
2015-11-29,5018236.03,341,1827,0.19999999681162864,14441,1,1,2015,11,4,6,1,29,0,1,1,5114979.4,3070301.17,4297274.47,5794071.48,3693923.36,3301134.2185714287,3330789.053214286,4393090.454777778,1382856.5809232092,995124.9341470345,5794071.48,1994246.64,14692.0,13031.857142857143,329.0,194.28571428571428,1782.0,1025.7142857142858,0.20000000521121516,15.4285892407435
2015-11-30,4031497.64,269,1412,0.20000000049609357,12771,1,1,2015,11,4,0,0,30,0,0,1,5018236.03,2329823.55,4316238.63,2770297.66,4164373.0,3579410.6271428573,3303080.6442857147,4361577.619222223,1518049.425959863,932849.2385953276,5242225.8,1994246.64,14441.0,12997.857142857143,341.0,222.85714285714286,1827.0,1184.7142857142858,0.20000000858434108,15.209648735763736
2015-12-01,3221463.05,199,1081,0.20000000310417965,13668,1,1,2015,12,4,1,0,1,1,30,0,4031497.64,1994420.05,3035948.85,2095237.3,3293606.72,3822506.9257142856,3348123.500714286,4331251.894666667,1417514.7553094588,936611.969819887,5242225.8,1994246.64,12771.0,13148.857142857143,269.0,243.85714285714286,1412.0,1300.2857142857142,0.19999995988808877,14.985346488100772
2015-12-02,953639.35,44,209,0.20000002097228894,14048,1,1,2015,12,4,2,0,2,1,29,0,3221463.05,1994246.64,3208924.12,2658412.16,1913468.28,3997798.782857143,3388345.8489285717,4342598.170111111,1215205.7410325576,904444.8493273213,5242225.8,1994246.64,13668.0,13312.42857142857,199.0,256.7142857142857,1081.0,1369.5714285714287,0.1999999909740352,13.768041887736965
2015-12-03,1852279.15,84,412,0.20000000539875432,15464,1,1,2015,12,4,3,0,3,1,28,0,953639.35,3361942.92,2934934.24,2550367.78,1725054.96,3849140.598571428,3327461.1057142853,4321780.123555556,1525250.8335489554,1006971.090811892,5242225.8,953639.35,14048.0,13498.285714285714,44.0,245.14285714285714,209.0,1307.857142857143,0.1999999809633889,14.431927951646763
2015-12-04,2076429.7,102,543,0.20000001444787657,13738,1,1,2015,12,4,4,0,4,0,27,0,1852279.15,5242225.8,3389498.76,3113759.4,1490172.71,3633474.345714286,3302529.368928571,4307085.203777778,1702099.2514091718,1035171.0218759016,5242225.8,953639.35,15464.0,13927.42857142857,84.0,230.14285714285714,412.0,1229.142857142857,0.20000000572275997,14.546160968031074
2015-12-05,2287846.3,119,624,0.200000013112769,14548,1,1,2015,12,4,5,1,5,0,26,0,2076429.7,5114979.4,2291920.41,2523233.52,1855814.16,3181217.7600000002,3265481.8796428577,4285044.333333333,1622107.9814916477,1060431.254662969,5242225.8,953639.35,13738.0,14117.42857142857,102.0,195.42857142857142,543.0,1038.0,0.20000000586512626,14.643121889744156
2015-12-06,2028034.94,119,627,0.1999999911244133,13375,1,1,2015,12,4,6,1,6,0,25,0,2287846.3,5018236.03,3070301.17,4183206.42,2498471.96,2777341.602857143,3257075.193214286,4245952.881222222,1396678.957071683,1067443.2921190257,5242225.8,953639.35,14548.0,14096.857142857143,119.0,165.42857142857142,624.0,872.5714285714286,0.19999999681162864,14.522578365429672
2015-12-07,2286683.02,155,768,0.2000000069970345,14667,1,1,2015,12,4,0,0,7,0,24,0,2028034.94,4031497.64,2329823.55,3409517.01,2209128.82,2350170.0185714285,3180104.783214286,4208178.218555556,997229.1912440049,1075857.7348706115,5242225.8,953639.35,13375.0,13944.57142857143,119.0,133.71428571428572,627.0,701.1428571428571,0.20000000049609357,14.642613299926445
2015-12-08,2785090.6,144,748,0.1999999964094525,15215,1,1,2015,12,4,1,0,8,0,23,0,2286683.02,3221463.05,1994420.05,3237404.66,3029845.63,2100910.787142857,3140003.569285714,4186029.799777778,671944.0994181754,1087849.2516161965,5242225.8,953639.35,14667.0,14215.42857142857,155.0,117.42857142857143,768.0,609.1428571428571,0.20000000310417965,14.83979132128738
2015-12-09,1648123.41,102,519,0.19999999878649866,16326,1,1,2015,12,4,2,0,9,0,22,0,2785090.6,953639.35,1994246.64,2928494.89,3265900.4,2038571.8657142855,3123849.495714286,4176449.6520000002,561888.9111900794,1089706.065927601,5242225.8,953639.35,15215.0,14436.42857142857,144.0,109.57142857142857,748.0,561.5714285714286,0.20000002097228894,14.315148478107067
2015-12-10,2450848.03,124,690,0.20000000163208811,13711,1,1,2015,12,4,3,0,10,0,21,0,1648123.41,1852279.15,3361942.92,3900732.76,2659858.85,2137783.8742857142,3078121.942857143,4153412.783444444,365327.5164178831,1124515.6517327046,5242225.8,953639.35,16326.0,14761.857142857143,102.0,117.85714285714286,519.0,605.8571428571429,0.20000000539875432,14.711945065345946
2015-12-11,2027594.98,131,693,0.19999999704082913,15391,1,1,2015,12,4,4,0,11,0,20,0,2450848.03,2076429.7,5242225.8,3144926.75,2499031.03,2223293.714285714,3026340.345357143,4120189.9443333335,357327.5468339519,1118599.717148712,5242225.8,953639.35,13711.0,14511.42857142857,124.0,123.57142857142857,690.0,645.5714285714286,0.20000001444787657,14.522361402938792
2015-12-12,2888573.7,159,962,0.20000000346191615,15008,1,1,2015,12,4,5,1,12,0,19,0,2027594.98,2287846.3,5114979.4,4369752.69,2451281.84,2216317.3257142855,2986435.639285714,4087710.5547777778,361129.27516441135,1134035.8379621832,5242225.8,953639.35,15391.0,14747.57142857143,131.0,127.71428571428571,693.0,667.0,0.200000013112769,14.876273755042682
2015-12-13,3442735.4,191,1051,0.20000001742800216,14700,1,1,2015,12,4,6,1,13,0,18,0,2888573.7,2028034.94,5018236.03,4297274.47,2618181.33,2302135.525714286,2933536.389642857,4052429.6986666666,443047.216206764,1101188.9912025912,5242225.8,953639.35,15008.0,14813.285714285714,159.0,133.42857142857142,962.0,715.2857142857143,0.1999999911244133,15.051777178251164
2015-12-14,3272227.86,225,1246,0.2000000055008394,12967,1,1,2015,12,4,0,0,14,0,17,0,3442735.4,2286683.02,4031497.64,4316238.63,2868448.18,2504235.5914285714,2903017.137142857,4024553.1241111113,594091.8701305165,1073486.6425020741,5242225.8,953639.35,14700.0,15002.57142857143,191.0,143.71428571428572,1051.0,775.8571428571429,0.2000000069970345,15.000981919246513
2015-12-15,3089177.63,198,1120,0.20000001100616543,16132,1,1,2015,12,4,1,0,15,0,16,0,3272227.86,2785090.6,3221463.05,3035948.85,3675108.42,2645027.7114285715,2865731.038214286,4013245.042888889,648253.6742154147,1040197.2910296563,5242225.8,953639.35,12967.0,14759.714285714286,225.0,153.71428571428572,1246.0,844.1428571428571,0.1999999964094525,14.943415798004736
2015-12-16,2310884.14,174,967,0.20000000519281766,13212,1,1,2015,12,4,2,0,16,0,15,0,3089177.63,1648123.41,953639.35,3208924.12,3587166.39,2688468.715714286,2867632.0660714284,3996701.4790000003,669058.8723773728,1040568.4700219771,5242225.8,953639.35,16132.0,14890.714285714286,198.0,161.42857142857142,1120.0,897.2857142857143,0.19999999878649866,14.653141186593407
2015-12-17,2671287.02,175,958,0.19999997604151123,15145,1,1,2015,12,4,3,0,17,0,14,0,2310884.14,2450848.03,1852279.15,2934934.24,2950563.8,2783148.8200000003,2835559.2096428573,3974355.2722222223,529676.0251801744,1043495.1823606887,5242225.8,953639.35,13212.0,14445.857142857143,174.0,171.71428571428572,967.0,961.2857142857143,0.20000000163208811,14.798071318551173
2015-12-18,2923802.97,201,1101,0.19999997469049702,14745,1,1,2015,12,4,4,0,18,0,13,0,2671287.02,2027594.98,2076429.7,3389498.76,2684991.91,2814640.104285714,2826143.2375,3952627.0125555554,512914.4649722938,1043754.7381524147,5242225.8,953639.35,15145.0,14650.714285714286,175.0,179.0,958.0,999.5714285714286,0.19999999704082913,14.888396055880744
2015-12-19,2965218.72,222,1248,0.19999999865102697,16727,1,1,2015,12,4,5,1,19,0,12,0,2923802.97,2888573.7,2287846.3,2291920.41,3424258.6,2942669.817142857,2809511.2450000006,3931042.8965555555,377761.55226896895,1038140.5969141779,5242225.8,953639.35,14745.0,14558.42857142857,201.0,189.0,1101.0,1057.857142857143,0.20000000346191615,14.902461692221475
2015-12-20,3613917.61,274,1510,0.2000000022136642,15075,1,1,2015,12,4,6,1,20,0,11,0,2965218.72,3442735.4,2028034.94,3070301.17,3898670.99,2953619.1057142853,2833557.6132142856,3897652.269111111,377042.3488426182,1033495.0310434465,5242225.8,953639.35,16727.0,14804.0,222.0,198.0,1248.0,1098.7142857142858,0.20000001742800216,15.100303229128086
2015-12-21,5050481.76,346,1870,0.1999999877239434,15716,1,1,2015,12,4,0,0,21,0,10,0,3613917.61,3272227.86,2286683.02,2329823.55,4372128.59,2978073.7071428574,2852972.4860714287,3877478.5763333333,417440.36892181874,1043167.9564886763,5242225.8,953639.35,15075.0,14857.57142857143,274.0,209.85714285714286,1510.0,1164.2857142857142,0.2000000055008394,15.434994392722137
2015-12-22,3719442.83,263,1429,0.19999999838685517,13743,1,1,2015,12,4,1,0,22,0,9,0,5050481.76,3089177.63,2785090.6,1994420.05,3430574.36,3232109.978571429,2950138.8507142854,3889268.222,894627.1337945075,1116747.7439719934,5242225.8,953639.35,15716.0,15250.285714285714,346.0,227.14285714285714,1870.0,1253.4285714285713,0.20000001100616543,15.129084707007369
2015-12-23,3656481.63,266,1497,0.20000000929855621,14154,1,1,2015,12,4,2,0,23,0,8,0,3719442.83,2310884.14,1648123.41,1994246.64,2791569.02,3322147.864285714,3011746.807142857,3880682.0785555555,909437.7527621421,1109630.305422654,5242225.8,953639.35,13743.0,14909.0,263.0,236.42857142857142,1429.0,1297.5714285714287,0.20000000519281766,15.112012213237445
2015-12-24,2398336.72,159,805,0.20000000250173375,14389,1,1,2015,12,4,3,0,24,0,7,0,3656481.63,2671287.02,2450848.03,3361942.92,2610156.84,3514376.077142857,3071112.3425000003,3865863.169,795081.2435433962,1097577.1487071675,5242225.8,953639.35,14154.0,15043.57142857143,266.0,249.57142857142858,1497.0,1373.2857142857142,0.19999997604151123,14.690286438681772
2015-12-25,3229207.58,216,1159,0.199999998141959,16343,1,1,2015,12,4,4,0,25,0,6,0,2398336.72,2923802.97,2027594.98,5242225.8,2573745.23,3475383.177142857,3036697.835357143,3831889.6898888885,848236.0783484763,1103212.8787856603,5242225.8,953639.35,14389.0,14935.57142857143,159.0,247.28571428571428,805.0,1351.4285714285713,0.19999997469049702,14.9877476435043
2015-12-26,3645783.09,286,1537,0.20000000329147394,14081,1,1,2015,12,4,5,1,26,0,5,0,3229207.58,2965218.72,2888573.7,5114979.4,2922497.3,3519012.4071428576,2964804.3275,3794191.020111111,822603.9751318325,1016331.5871772716,5114979.4,953639.35,16343.0,15163.857142857143,216.0,249.42857142857142,1159.0,1359.7142857142858,0.19999999865102697,15.109082014145823
2015-12-27,5096354.17,355,2000,0.2000000090260603,16176,1,1,2015,12,4,6,1,27,0,4,0,3645783.09,3613917.61,3442735.4,5018236.03,3575283.76,3616235.888571429,2912333.0307142856,3728840.5024444447,785629.2934267526,935958.5256026259,5050481.76,953639.35,14081.0,14785.857142857143,286.0,258.57142857142856,1537.0,1401.0,0.2000000022136642,15.444036169645369
2015-12-28,8179976.67,562,3107,0.20000000317849317,14045,1,1,2015,12,4,0,0,28,0,3,1,5096354.17,5050481.76,3272227.86,4031497.64,8484445.21,3828012.5399999996,2915122.964285714,3694781.4065555558,964371.9564318168,942561.4964617053,5096354.17,953639.35,16176.0,14943.142857142857,355.0,270.14285714285717,2000.0,1471.0,0.1999999877239434,15.917199978746353
2015-12-29,7760149.23,521,2876,0.19999998891773887,16001,1,1,2015,12,4,1,0,29,0,2,1,8179976.67,3719442.83,3089177.63,3221463.05,7063840.79,4275083.241428571,3063282.9296428566,3706225.809333333,1898514.109004778,1358718.7909960416,8179976.67,953639.35,14045.0,14704.42857142857,562.0,301.0,3107.0,1647.7142857142858,0.19999999838685517,15.86451225150809
2015-12-30,5941753.52,413,2253,0.19986638052263064,15819,1,1,2015,12,4,2,0,30,0,1,1,7760149.23,3656481.63,2310884.14,953639.35,5708142.92,4852327.012857144,3225378.864642857,3723054.1984444447,2277813.681612794,1623268.1009491065,8179976.67,953639.35,16001.0,15027.0,521.0,337.85714285714283,2876.0,1854.4285714285713,0.20000000929855621,15.597515021461968
2015-12-31,6375571.66,402,2272,0.16758807476096974,15303,1,1,2015,12,4,3,0,31,0,0,1,5941753.52,2398336.72,2671287.02,1852279.15,5625288.94,5178794.425714285,3403525.799285714,3729871.384555556,2241329.5214379607,1638362.5004856342,8179976.67,1648123.41,15819.0,15264.857142857143,413.0,358.85714285714283,2253.0,1962.4285714285713,0.20000000250173375,15.667984473993988
2016-01-01,5846204.33,327,1775,0.12719839711794678,11641,1,1,2016,1,1,4,0,1,1,30,0,6375571.66,3229207.58,2923802.97,2076429.7,4576460.18,5746970.845714286,3565071.960357143,3776582.852333334,1896615.7459866274,1701526.8234170533,8179976.67,1648123.41,15303.0,15395.42857142857,402.0,393.57142857142856,2272.0,2172.0,0.199999998141959,15.581303347197661
2016-01-02,2558616.91,98,489,0.0012225120485113968,10947,1,1,2016,1,1,5,1,2,1,29,0,5846204.33,3645783.09,2965218.72,2287846.3,1625420.31,6120827.524285714,3699706.7685714285,3796299.024,1542467.797447892,1728306.7238495764,8179976.67,1648123.41,11641.0,14723.714285714286,327.0,409.42857142857144,1775.0,2260.0,0.20000000329147394,14.754977791762405
2016-01-03,2744446.82,101,564,0.0,13218,0,0,2016,1,1,6,1,3,1,28,0,2558616.91,5096354.17,3613917.61,2028034.94,1176312.94,5965518.069999999,3709377.1475,3785924.014888889,1856066.349374842,1720855.8291154534,8179976.67,1648123.41,10947.0,14276.0,98.0,382.57142857142856,489.0,2110.285714285714,0.2000000090260603,14.825090454220744
2016-01-04,2387838.0,90,471,0.0,12375,0,0,2016,1,1,0,0,4,0,27,0,2744446.82,8179976.67,5050481.76,2286683.02,2651400.23,5629531.305714285,3734963.286071428,3766334.0695555555,2217338.4244696368,1700132.4337172646,8179976.67,1648123.41,13218.0,13853.42857142857,101.0,346.2857142857143,564.0,1905.142857142857,0.20000000317849317,14.68589933078626
2016-01-05,1557710.07,56,267,0.0,11134,0,0,2016,1,1,1,0,5,0,26,0,2387838.0,7760149.23,3719442.83,2785090.6,2457539.39,4802082.9242857145,3738575.9639285714,3746321.174666667,2187488.906500703,1697045.6164422075,8179976.67,1648123.41,12375.0,13614.857142857143,90.0,278.85714285714283,471.0,1528.5714285714287,0.19999998891773887,14.258728038921017
2016-01-06,2337143.16,73,408,0.0,12757,0,0,2016,1,1,2,0,6,0,25,0,1557710.07,5941753.52,3656481.63,1648123.41,1621284.62,3916020.187142857,3694740.945,3725556.9151111115,2040861.5429900342,1737945.388851594,8179976.67,1557710.07,11134.0,12919.57142857143,56.0,212.42857142857142,267.0,1155.857142857143,0.19986638052263064,14.664440297540619
2016-01-07,2503287.51,83,416,0.0,11373,0,0,2016,1,1,3,0,7,0,24,0,2337143.16,6375571.66,2398336.72,2450848.03,1981408.07,3401075.85,3719348.7932142853,3715592.4037777777,1894015.9478577266,1712586.6924027717,8179976.67,1557710.07,12757.0,12482.142857142857,73.0,163.85714285714286,408.0,892.2857142857143,0.16758807476096974,14.733115829452515
2016-01-08,2738103.45,97,532,0.0,9490,0,0,2016,1,1,4,0,8,0,23,0,2503287.51,5846204.33,3229207.58,2027594.98,1318438.15,2847892.3999999994,3721221.631785714,3707095.601222222,1374778.3784239213,1711176.2088675157,8179976.67,1557710.07,11373.0,11920.714285714286,83.0,118.28571428571429,416.0,627.1428571428571,0.12719839711794678,14.822776432386323
2016-01-09,3026961.32,106,545,0.0,13256,0,0,2016,1,1,5,1,9,0,22,0,2738103.45,2558616.91,3645783.09,2888573.7,2144901.8,2403877.9885714287,3746596.9342857148,3699984.497444445,404604.98014716845,1690271.3921560072,8179976.67,1557710.07,9490.0,11613.42857142857,97.0,85.42857142857143,532.0,449.57142857142856,0.0012225120485113968,14.923070139958094
2016-01-10,4122392.05,140,715,0.0,13236,0,0,2016,1,1,6,1,10,0,21,0,3026961.32,2744446.82,5096354.17,3442735.4,1830727.22,2470784.3328571427,3751539.3492857143,3697100.886111111,468185.26096671924,1687870.1987847437,8179976.67,1557710.07,13256.0,11943.285714285714,106.0,86.57142857142857,545.0,457.57142857142856,0.0,15.23194439008361
2016-01-11,3434076.67,121,598,0.0,12641,0,0,2016,1,1,0,0,11,0,20,0,4122392.05,2387838.0,8179976.67,3272227.86,3254430.17,2667633.6514285714,3775812.801071428,3687832.7492222222,784947.3386180381,1688151.8609078648,8179976.67,1557710.07,13236.0,11945.857142857143,140.0,92.14285714285714,715.0,479.14285714285717,0.0,15.04925893812204
2016-01-12,2627637.47,92,442,0.0,11876,0,0,2016,1,1,1,0,12,0,19,0,3434076.67,1557710.07,7760149.23,3089177.63,2427966.79,2817096.318571429,3781593.1157142855,3664889.254777777,821546.2675643624,1686640.110698935,8179976.67,1557710.07,12641.0,11983.857142857143,121.0,96.57142857142857,598.0,497.2857142857143,0.0,14.781596080630074
2016-01-13,2268324.18,81,404,0.0,10067,0,0,2016,1,1,2,0,13,0,18,0,2627637.47,2337143.16,5941753.52,2310884.14,2138729.21,2969943.09,3765109.5385714285,3656181.279222222,623957.210332014,1695887.7047913522,8179976.67,1557710.07,11876.0,12089.857142857143,92.0,101.71428571428571,442.0,522.2857142857143,0.0,14.634552310977263
2016-01-14,3247398.41,115,575,0.0,13932,0,0,2016,1,1,3,0,14,0,17,0,2268324.18,2503287.51,6375571.66,2671287.02,2835456.9,2960111.807142857,3763589.54,3639508.117777778,636015.2470073755,1697257.8985680286,8179976.67,1557710.07,10067.0,11705.57142857143,81.0,102.85714285714286,404.0,521.7142857142857,0.0,14.993365052451326
2016-01-15,3532606.36,124,602,0.0,12653,0,0,2016,1,1,4,0,15,0,16,0,3247398.41,2738103.45,5846204.33,2923802.97,2047933.05,3066413.3642857145,3784164.9467857145,3633128.7627777774,608527.9195072986,1686986.716078474,8179976.67,1557710.07,13932.0,12071.142857142857,115.0,107.42857142857143,575.0,544.4285714285714,0.0,15.077546785152592
2016-01-16,3856871.3,143,700,0.0,11445,0,0,2016,1,1,5,1,16,0,15,0,3532606.36,3026961.32,2558616.91,2965218.72,2569213.44,3179913.7800000003,3805907.925,3631690.8125555557,611175.0256381633,1679393.3501110272,8179976.67,1557710.07,12653.0,12523.0,124.0,111.28571428571429,602.0,554.4285714285714,0.0,15.165367128008608
2016-01-17,4229318.34,158,775,0.0,10008,0,0,2016,1,1,6,1,17,0,14,0,3856871.3,4122392.05,2744446.82,3613917.61,2588700.22,3298472.3485714286,3837752.6599999997,3627485.2817777777,655450.6797330909,1671296.0057081059,8179976.67,1557710.07,11445.0,12264.285714285714,143.0,116.57142857142857,700.0,576.5714285714286,0.0,15.2575516255451
2016-01-18,4105149.52,130,667,0.0,11770,0,0,2016,1,1,0,0,18,0,13,0,4229318.34,3434076.67,2387838.0,5050481.76,3021302.7,3313747.532857143,3859731.2575,3606137.8625555555,678686.3325507574,1672289.5710171987,8179976.67,1557710.07,10008.0,11803.142857142857,158.0,119.14285714285714,775.0,585.1428571428571,0.0,15.227752967675114
2016-01-19,2818234.03,116,538,0.0,10942,0,0,2016,1,1,1,0,19,0,12,0,4105149.52,2627637.47,1557710.07,3719442.83,2851705.68,3409615.0828571427,3825969.3917857143,3594514.4694444444,742876.6970314673,1656830.3321370194,8179976.67,1557710.07,11770.0,11678.714285714286,130.0,120.42857142857143,667.0,595.0,0.0,14.851621371085697
2016-01-20,2842888.66,110,513,0.0,12385,0,0,2016,1,1,2,0,20,0,11,0,2818234.03,2268324.18,2337143.16,3656481.63,2455411.13,3436843.1628571427,3793783.3632142856,3582926.750222222,712302.3358845551,1667694.3337817797,8179976.67,1557710.07,10942.0,11545.285714285714,116.0,123.85714285714286,538.0,608.7142857142857,0.0,14.860331578764947
2016-01-21,3981191.66,136,714,0.0,11496,0,0,2016,1,1,3,0,21,0,10,0,2842888.66,3247398.41,2503287.51,2398336.72,2603856.87,3518923.802857143,3764726.471428571,3575591.4844444445,575098.8935488528,1677235.6781634884,8179976.67,1557710.07,12385.0,11876.42857142857,110.0,128.0,513.0,624.2857142857143,0.0,15.197091995687119
2016-01-22,3322730.4,133,690,0.0,12866,0,0,2016,1,1,4,0,22,0,9,0,3981191.66,3532606.36,2738103.45,3229207.58,2683523.21,3623751.41,3821257.005,3572937.4677777775,584162.672322936,1656016.9040284175,8179976.67,1557710.07,11496.0,11528.42857142857,136.0,131.0,714.0,644.1428571428571,0.0,15.016297713494982
2016-01-23,3998813.29,146,744,0.0,12386,0,0,2016,1,1,5,1,23,0,8,0,3322730.4,3856871.3,3026961.32,3645783.09,2703262.73,3593769.13,3824597.1057142853,3567231.2006666665,594907.5327220707,1654872.463611896,8179976.67,1557710.07,12866.0,11558.857142857143,133.0,132.28571428571428,690.0,656.7142857142857,0.0,15.20150844764085
2016-01-24,4734624.57,175,882,0.0,12224,0,0,2016,1,1,6,1,24,0,7,0,3998813.29,4229318.34,4122392.05,5096354.17,4004609.82,3614046.557142857,3837205.327142857,3563087.624111111,607652.5372649833,1654804.4894687831,8179976.67,1557710.07,12386.0,11693.285714285714,146.0,132.71428571428572,744.0,663.0,0.0,15.370413204390024
2016-01-25,5007306.32,166,839,0.0,11670,0,0,2016,1,1,0,0,25,0,6,0,4734624.57,4105149.52,3434076.67,8179976.67,4665645.74,3686233.1614285717,3824286.4128571427,3552690.0355555555,713688.658954073,1645998.9153406252,8179976.67,1557710.07,12224.0,12009.857142857143,175.0,135.14285714285714,882.0,678.2857142857143,0.0,15.426408867499227
2016-01-26,3544741.3,137,673,0.0,13357,0,0,2016,1,1,1,0,26,0,5,0,5007306.32,2818234.03,2627637.47,7760149.23,4084367.08,3815112.7042857143,3710976.7575000003,3550245.1390000004,866947.0216769952,1430092.4587019186,7760149.23,1557710.07,11670.0,11995.57142857143,166.0,140.28571428571428,839.0,702.8571428571429,0.0,15.080976021370914
2016-01-27,4728554.45,146,820,0.0,10112,0,0,2016,1,1,2,0,27,0,4,0,3544741.3,2842888.66,2268324.18,5941753.52,3116141.82,3918899.457142857,3560426.4742857143,3511520.287333333,765235.7594119891,1189719.0074306517,6375571.66,1557710.07,13357.0,12340.57142857143,137.0,143.28571428571428,673.0,722.1428571428571,0.0,15.36913031213219
2016-01-28,6717660.92,255,1308,0.0,14033,0,0,2016,1,1,3,0,28,0,3,1,4728554.45,3981191.66,3247398.41,6375571.66,4612174.41,4188280.2842857144,3517097.936071429,3481613.197444445,645922.3852448518,1119819.4939869803,6375571.66,1557710.07,10112.0,12015.857142857143,146.0,148.42857142857142,820.0,766.0,0.0,15.720250723386716
2016-01-29,5013253.01,203,990,0.0,10947,0,0,2016,1,1,4,0,29,0,2,1,6717660.92,3322730.4,3532606.36,5846204.33,5300109.93,4579204.464285715,3529315.409642857,3475733.322888889,1139328.9740763768,1153520.1485383853,6717660.92,1557710.07,14033.0,12378.285714285714,255.0,165.42857142857142,1308.0,850.8571428571429,0.0,15.427595765219277
2016-01-30,6920879.78,249,1328,0.0,12513,0,0,2016,1,1,5,1,30,0,1,1,5013253.01,3998813.29,3856871.3,2558616.91,4336302.07,4820707.694285714,3499567.1482142853,3466614.534222222,999151.9288985861,1101106.4043871355,6717660.92,1557710.07,10947.0,12104.142857142857,203.0,175.42857142857142,990.0,893.7142857142857,0.0,15.750053599841218
2016-01-31,6449751.32,256,1333,0.0,11419,0,0,2016,1,1,6,1,31,0,0,1,6920879.78,4734624.57,4229318.34,2744446.82,4195901.17,5238145.764285714,3655362.2507142858,3479134.6264444445,1190606.1512209286,1260160.5872795095,6920879.78,1557710.07,12513.0,12122.285714285714,249.0,190.14285714285714,1328.0,977.1428571428571,0.0,15.679552288034657
2016-02-01,5200767.32,201,1013,0.0,17175,0,0,2016,2,1,0,0,1,1,28,0,6449751.32,5007306.32,4105149.52,2387838.0,4977201.37,5483163.871428572,3787694.554285715,3520017.4448888893,1244954.842802101,1352153.8226582655,6920879.78,1557710.07,11419.0,12007.285714285714,256.0,201.71428571428572,1333.0,1041.5714285714287,0.0,15.464316926483285
2016-02-02,2966994.87,84,425,0.0,16623,0,0,2016,2,1,1,0,2,1,27,0,5200767.32,3544741.3,2818234.03,1557710.07,2901454.29,5510801.157142857,3888156.3157142857,3554523.334,1234735.8712003962,1348788.5285453342,6920879.78,1557710.07,17175.0,12793.714285714286,201.0,206.71428571428572,1013.0,1066.4285714285713,0.0,14.90306050729356
2016-02-03,2273911.2,79,390,0.0,19714,0,0,2016,2,1,2,0,3,1,26,0,2966994.87,4728554.45,2842888.66,2337143.16,1779457.49,5428265.952857143,3938487.915714286,3557952.0307777775,1396740.8895226743,1283309.5308604336,6920879.78,2268324.18,16623.0,13260.285714285714,84.0,199.14285714285714,425.0,1031.0,0.0,14.637012342169031
2016-02-04,2819439.59,93,491,0.0,16103,0,0,2016,2,1,3,0,4,0,25,0,2273911.2,6717660.92,3981191.66,2503287.51,2496729.14,5077602.631428571,3936229.631428572,3554880.291,1839606.6173443233,1286284.0295182203,6920879.78,2268324.18,19714.0,14632.0,79.0,189.57142857142858,390.0,969.5714285714286,0.0,14.852049050895475
2016-02-05,3680939.41,128,648,0.0,15709,0,0,2016,2,1,4,0,5,0,24,0,2819439.59,5013253.01,3322730.4,2738103.45,2500351.24,4520713.87,3947520.777142857,3551610.070888889,1850385.0285362257,1274573.9372083964,6920879.78,2268324.18,16103.0,14927.714285714286,93.0,166.42857142857142,491.0,852.8571428571429,0.0,15.118678823694399
2016-02-06,4735761.79,157,773,0.0,16126,0,0,2016,2,1,5,1,6,0,23,0,3680939.41,6920879.78,3998813.29,3026961.32,3457294.9,4330383.355714286,3981193.4899999998,3564473.4696666664,1859775.7449732362,1253722.9445794863,6920879.78,2268324.18,15709.0,15608.0,128.0,155.71428571428572,648.0,804.0,0.0,15.370653367720658
2016-02-07,4032333.88,171,784,0.0,18608,0,0,2016,2,1,6,1,7,0,22,0,4735761.79,6449751.32,4734624.57,4122392.05,3570886.94,4018223.6428571427,4042222.0782142854,3570612.9737777775,1501341.0158906823,1247125.607629393,6920879.78,2268324.18,16126.0,16124.142857142857,157.0,142.57142857142858,773.0,724.7142857142857,0.0,15.209856140839975
2016-02-08,3848593.44,153,814,0.0,18097,0,0,2016,2,1,0,0,8,0,21,0,4032333.88,5200767.32,5007306.32,3434076.67,4197082.23,3672878.2942857146,4039005.7150000003,3577533.1612222223,1062793.2898416799,1247027.316889267,6920879.78,2268324.18,18608.0,17151.14285714286,171.0,130.42857142857142,784.0,646.2857142857143,0.0,15.163218559086369
2016-02-09,3979641.11,125,608,0.0,17145,0,0,2016,2,1,1,0,9,0,20,0,3848593.44,2966994.87,3544741.3,2627637.47,4490187.64,3479710.597142857,4053809.885357143,3584324.147666667,837895.3877219111,1242030.3508092184,6920879.78,2268324.18,18097.0,17282.85714285714,153.0,123.57142857142857,814.0,617.8571428571429,0.0,15.196702451106832
2016-02-10,3448601.24,123,615,0.0,19010,0,0,2016,2,1,2,0,10,0,19,0,3979641.11,2273911.2,4728554.45,2268324.18,2813867.9,3624374.345714286,4102095.7296428573,3596003.550111111,821885.2296564624,1210410.3100559325,6920879.78,2268324.18,17145.0,17357.428571428572,125.0,129.42857142857142,608.0,644.0,0.0,15.0534795590869
2016-02-11,3717348.88,121,602,0.0,20506,0,0,2016,2,1,3,0,11,0,18,0,3448601.24,2819439.59,6717660.92,3247398.41,3311241.3,3792187.208571429,4144248.481785714,3590979.8665555557,586371.5208157281,1163839.4192080093,6920879.78,2273911.2,19010.0,17256.85714285714,123.0,135.71428571428572,615.0,676.1428571428571,0.0,15.128521574523939
2016-02-12,4035900.93,146,783,0.0,18330,0,0,2016,2,1,4,0,12,0,17,0,3717348.88,3680939.41,5013253.01,3532606.36,3468141.29,3920459.964285714,4161032.4271428576,3597340.1124444446,409710.2450756575,1153771.8309912365,6920879.78,2273911.2,20506.0,17885.85714285714,121.0,139.71428571428572,602.0,692.0,0.0,15.210740361349712
2016-02-13,4701818.64,169,894,0.0,18473,0,0,2016,2,1,5,1,13,0,16,0,4035900.93,4735761.79,6920879.78,3856871.3,4164849.99,3971168.7528571426,4179007.2332142857,3593630.6484444444,396890.363007799,1147522.3998962662,6920879.78,2273911.2,18330.0,18260.285714285714,146.0,142.28571428571428,783.0,711.2857142857143,0.0,15.36346014920099
2016-02-14,4925684.12,195,997,0.0,19163,0,0,2016,2,1,6,1,14,0,15,0,4701818.64,4032333.88,6449751.32,4229318.34,4312422.12,3966319.731428571,4209183.923928572,3598125.583666667,386051.3600467348,1149844.9052608646,6920879.78,2273911.2,18473.0,18595.571428571428,169.0,144.0,894.0,728.5714285714286,0.0,15.409973933573234
2016-02-15,4588032.77,161,783,0.0,18698,0,0,2016,2,1,0,0,15,0,14,0,4925684.12,3848593.44,5200767.32,4105149.52,4757224.49,4093941.194285714,4234054.1303571435,3604897.2002222226,531699.3845740365,1157799.9194150015,6920879.78,2273911.2,19163.0,18674.85714285714,195.0,147.42857142857142,997.0,759.0,0.0,15.338962117709977
2016-02-16,3941056.12,144,688,0.0,15627,0,0,2016,2,1,1,0,16,0,13,0,4588032.77,3979641.11,2966994.87,2818234.03,4817928.66,4199575.3842857145,4251299.960714286,3622142.577111111,548033.8042065401,1159403.9720009018,6920879.78,2273911.2,18698.0,18760.714285714286,161.0,148.57142857142858,783.0,754.5714285714286,0.0,15.18695954985541
2016-02-17,2962078.99,126,565,0.0,17990,0,0,2016,2,1,2,0,17,0,12,0,3941056.12,3448601.24,2273911.2,2842888.66,4293160.67,4194063.2428571424,4291400.749642857,3630277.3771111113,550801.6494767568,1126966.1276115417,6920879.78,2273911.2,15627.0,18543.85714285714,144.0,151.28571428571428,688.0,766.0,0.0,14.901402278846998
2016-02-18,4009498.5,156,818,0.0,20773,0,0,2016,2,1,3,0,18,0,11,0,2962078.99,3717348.88,2819439.59,3981191.66,3209407.04,4124560.064285714,4295657.547142858,3630578.985444444,676824.8790198439,1121504.0054234222,6920879.78,2273911.2,17990.0,18398.14285714286,126.0,151.71428571428572,565.0,758.8571428571429,0.0,15.204176978525384
2016-02-19,4571419.08,150,764,0.0,15561,0,0,2016,2,1,4,0,19,0,10,0,4009498.5,4035900.93,3680939.41,3322730.4,3793775.02,4166295.7242857143,4296668.505714285,3637467.8714444446,656223.6228248739,1121222.760302071,6920879.78,2273911.2,20773.0,18436.285714285714,156.0,156.71428571428572,818.0,789.7142857142857,0.0,15.335334454206961
2016-02-20,5176883.79,175,857,0.0,18344,0,0,2016,2,1,5,1,20,0,9,0,4571419.08,4701818.64,4735761.79,3998813.29,4760336.65,4242798.317142857,4341264.53,3662795.634444444,669568.3015809203,1105776.7306209274,6920879.78,2273911.2,15561.0,18040.714285714286,150.0,157.28571428571428,764.0,787.0,0.0,15.459714041435134
2016-02-21,4758472.96,193,954,0.0,18371,0,0,2016,2,1,6,1,21,0,8,0,5176883.79,4925684.12,4032333.88,4734624.57,4368539.08,4310664.767142857,4383338.476428571,3686202.1080000005,743808.3636987661,1114640.9391357815,6920879.78,2273911.2,18344.0,18022.285714285714,175.0,158.14285714285714,857.0,781.7142857142857,0.0,15.375437578166858
2016-02-22,4721935.01,171,830,0.0,16624,0,0,2016,2,1,0,0,22,0,7,0,4758472.96,4588032.77,3848593.44,5007306.32,5784606.22,4286777.458571428,4384190.204642857,3713187.1014444446,723163.7020844667,1114928.3829385554,6920879.78,2273911.2,18371.0,17909.14285714286,193.0,157.85714285714286,954.0,775.5714285714286,0.0,15.367729445074529
2016-02-23,4550216.22,160,780,0.0,19443,0,0,2016,2,1,1,0,23,0,6,0,4721935.01,3941056.12,3979641.11,3544741.3,7360399.98,4305906.35,4373998.372142857,3743492.823222222,734148.0743652752,1110316.145818299,6920879.78,2273911.2,16624.0,17612.85714285714,171.0,159.28571428571428,830.0,782.2857142857143,0.0,15.330685530446925
2016-02-24,5790273.07,181,1026,0.0,18131,0,0,2016,2,1,2,0,24,0,5,0,4550216.22,2962078.99,3448601.24,4728554.45,5473140.47,4392929.221428571,4409908.190714286,3771892.4852222223,719652.8250659138,1098701.7843497335,6920879.78,2273911.2,19443.0,18158.0,160.0,161.57142857142858,780.0,795.4285714285714,0.0,15.571690183489359
2016-02-25,7677182.49,281,1455,0.0,17420,0,0,2016,2,1,3,0,25,0,4,0,5790273.07,4009498.5,3717348.88,6717660.92,8502202.85,4796956.947142857,4447826.712857143,3798873.9313333333,558266.6262776151,1128035.7305807606,6920879.78,2273911.2,18131.0,18178.14285714286,181.0,169.42857142857142,1026.0,861.2857142857143,0.0,15.85376330478792
2016-02-26,7096236.89,258,1295,0.0,18006,0,0,2016,2,1,4,0,26,0,3,1,7677182.49,4571419.08,4035900.93,5013253.01,6528340.52,5320911.802857143,4482095.3403571425,3825929.0056666667,1127229.4421912231,1211064.0313345985,7677182.49,2273911.2,17420.0,17699.14285714286,281.0,187.28571428571428,1455.0,952.2857142857143,0.0,15.775075326930475
2016-02-27,6837275.28,245,1338,0.0,15907,0,0,2016,2,1,5,1,27,0,2,1,7096236.89,5176883.79,4701818.64,6920879.78,4695415.58,5681600.061428571,4556487.621785714,3847942.9777777777,1245207.143168048,1305216.0885992055,7677182.49,2273911.2,18006.0,18048.428571428572,258.0,202.71428571428572,1295.0,1028.142857142857,0.0,15.737900005615835
2016-02-28,5117740.12,204,1022,0.0,18438,0,0,2016,2,1,6,1,28,0,1,1,6837275.28,4758472.96,4925684.12,6449751.32,3896812.17,5918798.845714286,4553501.746785714,3868154.525,1290364.8598806867,1299690.795931473,7677182.49,2273911.2,15907.0,17700.285714285714,245.0,212.71428571428572,1338.0,1096.857142857143,0.0,15.44822371216385
2016-02-29,3529083.59,153,788,0.0,18504,0,0,2016,2,1,0,0,29,0,0,1,5117740.12,4721935.01,4588032.77,5200767.32,4612623.19,5970122.725714286,4505929.918214286,3880223.8858888885,1242789.1190159067,1251185.1085065848,7677182.49,2273911.2,18438.0,17709.85714285714,204.0,214.28571428571428,1022.0,1106.5714285714287,0.0,15.076549072333295
2016-03-01,709982.79,26,105,0.0,26992,0,0,2016,3,1,1,0,1,1,30,0,3529083.59,4550216.22,3941056.12,2966994.87,1204115.66,5799715.38,4446226.927857143,3883641.8918888886,1498030.7968675059,1256673.4152725684,7677182.49,2273911.2,18504.0,17978.428571428572,153.0,211.71428571428572,788.0,1100.5714285714287,0.0,13.472997417770952
2016-03-02,1479744.0,45,222,0.0,24782,0,0,2016,3,1,2,0,2,1,29,0,709982.79,5790273.07,2962078.99,2273911.2,2971078.12,5251110.604285714,4365619.353571429,3880934.596777778,2439328.353512249,1417204.0610718857,7677182.49,709982.79,26992.0,19056.85714285714,26.0,192.57142857142858,105.0,1004.1428571428571,0.0,14.207380333598117
2016-03-03,2251060.05,84,393,0.0,27680,0,0,2016,3,1,3,0,3,1,28,0,1479744.0,7677182.49,4009498.5,2819439.59,3275231.73,4635320.737142857,4337256.239285714,3876795.317333333,2798215.701527444,1467665.404534013,7677182.49,709982.79,24782.0,20007.0,45.0,173.14285714285714,222.0,889.2857142857143,0.0,14.626912240800525
2016-03-04,2778579.79,81,392,0.0,26344,0,0,2016,3,1,4,0,4,0,27,0,2251060.05,7096236.89,4571419.08,3680939.41,3623778.02,3860160.3885714286,4316956.97,3878735.654555555,2556225.3360644365,1493145.2813264881,7677182.49,709982.79,27680.0,21472.714285714286,84.0,145.0,393.0,737.5714285714286,0.0,14.837450848119412
2016-03-05,3472294.22,115,548,0.0,21768,0,0,2016,3,1,5,1,5,0,26,0,2778579.79,6837275.28,5176883.79,4735761.79,4126698.63,3243352.231428571,4284729.840714285,3884188.2488888884,2130734.895191038,1516929.6718501574,7677182.49,709982.79,26344.0,22663.85714285714,81.0,119.71428571428571,392.0,608.5714285714286,0.0,15.060326379949478
2016-03-06,3501407.51,114,572,0.0,23121,0,0,2016,3,1,6,1,6,0,25,0,3472294.22,5117740.12,4758472.96,4032333.88,3652751.16,2762640.651428572,4239605.998928571,3900235.5742222215,1458237.1408978696,1521800.2411856551,7677182.49,709982.79,21768.0,23501.14285714286,115.0,101.14285714285714,548.0,495.7142857142857,0.0,15.068675876934405
2016-03-07,4275566.76,148,717,0.0,26576,0,0,2016,3,1,0,0,7,0,24,0,3501407.51,3529083.59,4721935.01,3848593.44,3679065.16,2531735.992857143,4220644.342857143,3913732.5130000003,1109414.078810079,1527774.456576279,7677182.49,709982.79,23121.0,24170.14285714286,114.0,88.28571428571429,572.0,431.42857142857144,0.0,15.26842746089134
2016-03-08,4693887.34,163,818,0.0,23750,0,0,2016,3,1,1,0,8,0,23,0,4275566.76,709982.79,4550216.22,3979641.11,4520902.2,2638376.445714285,4235893.39,3930293.359222222,1248428.0650202,1526053.2852670797,7677182.49,709982.79,26576.0,25323.285714285714,148.0,87.57142857142857,717.0,421.2857142857143,0.0,15.361771867295941
2016-03-09,5050829.68,198,938,0.0,30824,0,0,2016,3,1,2,0,9,0,22,0,4693887.34,1479744.0,5790273.07,3448601.24,5042080.93,3207505.6671428573,4261402.183928571,3964135.1806666665,1124759.400310531,1527579.987154048,7677182.49,709982.79,23750.0,24860.14285714286,163.0,107.14285714285714,818.0,523.1428571428571,0.0,15.435063278813475
2016-03-10,7374516.48,246,1366,0.0,25094,0,0,2016,3,1,3,0,10,0,21,0,5050829.68,2251060.05,7677182.49,3717348.88,6098020.8,3717660.7642857144,4318624.628214286,3993023.865666666,1015002.2764722501,1526013.732677004,7677182.49,709982.79,30824.0,25723.285714285714,198.0,129.0,938.0,625.4285714285714,0.0,15.813541031609077
2016-03-11,6281759.31,207,1067,0.0,24168,0,0,2016,3,1,4,0,11,0,20,0,7374516.48,2778579.79,7096236.89,4035900.93,4869770.72,4449583.111428572,4449237.756785714,4052434.1045555556,1508480.5568375897,1625886.1061551005,7677182.49,709982.79,25094.0,25353.85714285714,246.0,152.14285714285714,1366.0,764.4285714285714,0.0,15.653160803306642
2016-03-12,4673863.75,176,771,0.0,24644,0,0,2016,3,1,5,1,12,0,19,0,6281759.31,3472294.22,6837275.28,4701818.64,3474969.89,4950037.328571429,4529446.984642857,4090136.1668888894,1441325.6687471287,1659783.5798141984,7677182.49,709982.79,24168.0,25043.0,207.0,170.14285714285714,1067.0,860.8571428571429,0.0,15.357496856991322
2016-03-13,4655322.31,165,802,0.0,23591,0,0,2016,3,1,6,1,13,0,18,0,4673863.75,3501407.51,5117740.12,4925684.12,4711284.42,5121690.118571429,4528448.595714285,4103815.370777778,1300692.9235797916,1659684.4597900903,7677182.49,709982.79,24644.0,25453.85714285714,176.0,178.85714285714286,771.0,892.7142857142857,0.0,15.353521920631623
2016-03-14,5214530.57,191,972,0.0,23186,0,0,2016,3,1,0,0,14,0,17,0,4655322.31,4275566.76,3529083.59,4588032.77,5040735.75,5286535.089999999,4518792.816785714,4119183.086888889,1121960.9795427353,1658073.4915089859,7677182.49,709982.79,23591.0,25521.0,165.0,186.14285714285714,802.0,925.5714285714286,0.0,15.46695981879682
2016-03-15,5319085.92,201,1052,0.0,26245,0,0,2016,3,1,1,0,15,0,16,0,5214530.57,4693887.34,709982.79,3941056.12,5602879.7,5420672.777142857,4541167.738214286,4142798.1195555553,1033598.5592862904,1663261.4880797032,7677182.49,709982.79,23186.0,25036.714285714286,191.0,192.28571428571428,972.0,962.0,0.0,15.486812215008495
2016-03-16,6412758.35,233,1147,0.0,24017,0,0,2016,3,1,2,0,16,0,15,0,5319085.92,5050829.68,1479744.0,2962078.99,5692241.74,5509986.859999999,4590383.088214286,4176222.583777778,986257.2070439771,1665233.2671987398,7677182.49,709982.79,26245.0,25393.14285714286,201.0,197.71428571428572,1052.0,995.4285714285714,0.0,15.673800212087752
2016-03-17,8569336.81,315,1542,0.0,22714,0,0,2016,3,1,3,0,17,0,14,0,6412758.35,7374516.48,2251060.05,4009498.5,6793794.72,5704548.098571428,4713621.636785714,4217794.487444445,1014512.3778616717,1667949.175058343,7677182.49,709982.79,24017.0,24420.714285714286,233.0,202.71428571428572,1147.0,1025.2857142857142,0.0,15.963701019210545
2016-03-18,6917674.02,259,1256,0.014434704455761563,24107,1,1,2016,3,1,4,0,18,0,13,0,8569336.81,6281759.31,2778579.79,4571419.08,6012381.06,5875236.717142858,4876473.005,4280522.641222222,1377781.424585429,1812953.8447188095,8569336.81,709982.79,22714.0,24080.714285714286,315.0,212.57142857142858,1542.0,1050.4285714285713,0.0,15.749590291371218
2016-03-19,5852909.53,206,1070,0.014533250439632201,25702,1,1,2016,3,1,5,1,19,0,12,0,6917674.02,4673863.75,3472294.22,5176883.79,4887915.96,5966081.675714285,4960267.824285715,4324438.811222222,1429063.5156164218,1852130.745334529,8569336.81,709982.79,24107.0,24072.0,259.0,220.0,1256.0,1077.4285714285713,0.0,15.582449621978494
2016-03-20,4759469.17,189,971,0.05495032337818463,22946,1,1,2016,3,1,6,1,20,0,11,0,5852909.53,4655322.31,3501407.51,4758472.96,4566270.71,6134516.787142857,4984411.600714286,4349316.499222223,1316417.0596541187,1859450.8245896697,8569336.81,709982.79,25702.0,24223.14285714286,206.0,224.28571428571428,1070.0,1120.142857142857,0.0,15.375646911188786
2016-03-21,5534732.74,217,1070,0.08388801985766706,25412,1,1,2016,3,1,0,0,21,0,10,0,4759469.17,5214530.57,4275566.76,4721935.01,5271032.0,6149394.910000001,4984447.179642856,4346083.026000001,1297363.5694561766,1859446.350865187,8569336.81,709982.79,22946.0,24131.0,189.0,227.71428571428572,971.0,1144.2857142857142,0.0,15.526554018180088
2016-03-22,5449314.63,242,1125,0.120000000807441,26309,1,1,2016,3,1,1,0,22,0,9,0,5534732.74,5319085.92,4693887.34,4550216.22,5172623.98,6195138.077142857,5013475.67,4366252.913888888,1264127.1412689001,1861539.6557170942,8569336.81,709982.79,25412.0,24449.0,217.0,231.42857142857142,1070.0,1158.2857142857142,0.0,15.51100058627748
2016-03-23,6046593.49,250,1323,0.12000000846757766,25486,1,1,2016,3,1,2,0,23,0,8,0,5449314.63,6412758.35,5050829.68,5790273.07,6187718.83,6213742.178571428,5045586.3275,4386173.280555556,1249964.4674882924,1861007.1214536743,8569336.81,709982.79,26309.0,24458.14285714286,242.0,237.28571428571428,1125.0,1168.7142857142858,0.0,15.615005777307724
2016-03-24,7933448.72,347,1681,0.12000000045377492,27354,1,1,2016,3,1,3,0,24,0,7,0,6046593.49,8569336.81,7374516.48,7677182.49,6763449.95,6161432.912857143,5054740.628214286,4426709.466888889,1247907.8793821165,1865431.0714749412,8569336.81,709982.79,25486.0,24668.0,250.0,239.71428571428572,1323.0,1193.857142857143,0.0,15.886598520454216
2016-03-25,7008643.3,294,1480,0.12000000057072387,25460,1,1,2016,3,1,4,0,25,0,6,0,7933448.72,6917674.02,6281759.31,7096236.89,6983791.47,6070591.757142857,5063892.993571429,4478978.81288889,1051024.7766213426,1879350.8211569854,8569336.81,709982.79,27354.0,25330.85714285714,347.0,244.28571428571428,1681.0,1213.7142857142858,0.014434704455761563,15.762654845157734
2016-03-26,5197781.65,202,1002,0.11999999076529118,19929,1,1,2016,3,1,5,1,26,0,5,0,7008643.3,5852909.53,4673863.75,6837275.28,5007891.27,6083587.368571429,5060764.651071429,4516343.926333333,1063729.9643257158,1875912.2695352293,8569336.81,709982.79,25460.0,25524.14285714286,294.0,249.28571428571428,1480.0,1245.7142857142858,0.014533250439632201,15.463742679150045
2016-03-27,6141114.6,245,1196,0.11999999641758843,27557,1,1,2016,3,1,6,1,27,0,4,0,5197781.65,4759469.17,4655322.31,5117740.12,5941997.22,5989997.671428571,5002211.3071428565,4517470.898333333,1114992.8929514259,1843718.5710538516,8569336.81,709982.79,19929.0,24699.428571428572,202.0,248.71428571428572,1002.0,1236.0,0.05495032337818463,15.630516977430078
2016-03-28,5291170.65,223,1033,0.11999999092828352,22971,1,1,2016,3,1,0,0,28,0,3,1,6141114.6,5534732.74,5214530.57,3529083.59,6087900.7,6187375.589999999,5038760.395714286,4494816.875333333,974267.6345242483,1856194.8429923584,8569336.81,709982.79,27557.0,25358.14285714286,245.0,256.7142857142857,1196.0,1268.142857142857,0.08388801985766706,15.481550263242484
2016-03-29,7521778.94,284,1503,0.1200000062751113,24782,1,1,2016,3,1,1,0,29,0,2,1,5291170.65,5449314.63,5319085.92,709982.79,14251354.04,6152581.005714285,5101692.076428571,4467383.78,1005315.0837128804,1832839.2945210836,8569336.81,709982.79,22971.0,25009.428571428572,223.0,257.57142857142856,1033.0,1262.857142857143,0.120000000807441,15.833313362067319
2016-03-30,14545392.64,604,3061,0.12000000709503018,28423,1,1,2016,3,1,2,0,30,0,1,1,7521778.94,6046593.49,6412758.35,1479744.0,14813965.34,6448647.335714286,5344970.510357143,4484939.618,1066964.7753454745,1673471.039250898,8569336.81,1479744.0,24782.0,24791.285714285714,284.0,263.57142857142856,1503.0,1316.857142857143,0.12000000846757766,16.492784913140962
2016-03-31,14231299.73,654,3211,0.1199999959525833,27301,1,1,2016,3,1,3,0,31,0,0,1,14545392.64,7933448.72,8569336.81,2251060.05,13697879.88,7662761.5,5811600.818928571,4575715.406666666,3212154.204246556,2270785.5334369396,14545392.64,2251060.05,28423.0,25210.85714285714,604.0,314.14285714285717,3061.0,1565.142857142857,0.12000000045377492,16.470954373478214
2016-04-01,12298083.49,524,2634,0.12000000660265481,35280,1,1,2016,4,2,4,0,1,1,29,0,14231299.73,7008643.3,6917674.02,2778579.79,11638587.41,8562454.501428572,6239466.521785714,4668883.133333334,4068453.8058357495,2668836.2900558133,14545392.64,2778579.79,27301.0,25203.285714285714,654.0,358.0,3211.0,1783.7142857142858,0.12000000057072387,16.32495407569475
2016-04-02,13123488.4,547,2732,0.1200000001523985,31285,1,1,2016,4,2,5,1,2,1,28,0,12298083.49,5197781.65,5852909.53,3472294.22,10239965.04,9318088.814285714,6579448.796785714,4777099.428666666,4220142.383232212,2814020.406732558,14545392.64,3472294.22,35280.0,26606.14285714286,524.0,390.85714285714283,2634.0,1948.5714285714287,0.11999999076529118,16.389914266484883
2016-04-03,10576481.39,434,2242,0.119999997466076,39853,1,1,2016,4,2,6,1,3,1,27,0,13123488.4,6141114.6,4759469.17,3501407.51,4214414.51,10450332.635714287,6924134.303214286,4892422.112888888,3987227.7919473746,3004001.1031432543,14545392.64,3501407.51,31285.0,28228.428571428572,547.0,440.14285714285717,2732.0,2195.714285714286,0.11999999641758843,16.1741434517959
2016-04-04,4230255.21,165,755,0.1200000342296133,31700,1,1,2016,4,2,0,0,4,0,26,0,10576481.39,5291170.65,5534732.74,4275566.76,4549233.48,11083956.462857144,7176815.513214285,4983407.039444445,3512456.6933957986,3002995.129928133,14545392.64,4275566.76,39853.0,29985.0,434.0,467.14285714285717,2242.0,2345.1428571428573,0.11999999092828352,15.25777311892814
2016-04-05,4598444.87,186,880,0.11999999686850654,33961,1,1,2016,4,2,1,0,5,0,25,0,4230255.21,7521778.94,5449314.63,4693887.34,5947351.85,10932397.114285713,7175197.243571429,5013101.985444444,3814013.063137183,3004628.2399373977,14545392.64,4230255.21,31700.0,31232.0,165.0,458.85714285714283,755.0,2305.4285714285716,0.1200000062751113,15.34122895002586
2016-04-06,5873076.02,216,1062,0.11999998937524396,34563,1,1,2016,4,2,2,0,6,0,24,0,4598444.87,14545392.64,6046593.49,5050829.68,6969771.13,10514777.961428571,7171788.583928571,5038227.5600000005,4369324.28564911,3007600.137506215,14545392.64,4230255.21,33961.0,32543.285714285714,186.0,444.85714285714283,880.0,2216.4285714285716,0.12000000709503018,15.585889248670325
2016-04-07,5504606.21,219,1018,0.12000001358861963,32223,1,1,2016,4,2,3,0,7,0,23,0,5873076.02,14231299.73,7933448.72,7374516.48,6923568.08,9275875.587142857,7201154.524642858,5075669.654555555,4264218.507023481,2990087.4721920695,14545392.64,4230255.21,34563.0,33420.42857142857,216.0,389.42857142857144,1062.0,1930.857142857143,0.1199999959525833,15.52109597409464
2016-04-08,4323869.8,159,764,0.12000000092509724,40960,1,1,2016,4,2,4,0,8,0,22,0,5504606.21,12298083.49,7008643.3,6281759.31,5334934.77,8029205.084285714,7134372.015,5106408.574111111,3827276.876456565,3006906.66683439,14545392.64,4230255.21,32223.0,34123.57142857143,219.0,327.2857142857143,1018.0,1617.5714285714287,0.12000000660265481,15.279661577553847
2016-04-09,4537873.44,183,871,0.11999999497562013,32292,1,1,2016,4,2,5,1,9,0,21,0,4323869.8,13123488.4,5197781.65,4673863.75,5286341.9,6890031.700000001,7064447.389642857,5120818.668333333,3519243.869173671,3049925.545950679,14545392.64,4230255.21,40960.0,34935.0,159.0,275.14285714285717,764.0,1350.4285714285713,0.1200000001523985,15.327969275362676
2016-04-10,4898415.28,197,937,0.12000000130654499,29930,1,1,2016,4,2,6,1,10,0,20,0,4537873.44,10576481.39,6141114.6,4655322.31,7223512.23,5663515.277142857,7059590.592857143,5125435.1282222215,2253025.1058240966,3053978.9642204912,14545392.64,4230255.21,32292.0,35078.857142857145,183.0,223.14285714285714,871.0,1084.5714285714287,0.119999997466076,15.404422502674574
2016-04-11,6193751.24,247,1229,0.12000000019374366,31917,1,1,2016,4,2,0,0,11,0,19,0,4898415.28,4230255.21,5291170.65,5214530.57,6941143.47,4852362.975714286,7068272.484642857,5141705.557222223,619017.8176753509,3047229.0091614383,14545392.64,4230255.21,29930.0,33661.28571428572,197.0,189.28571428571428,937.0,898.1428571428571,0.1200000342296133,15.639051638715264
2016-04-12,5962850.28,250,1219,0.11999999268806058,37526,1,1,2016,4,2,1,0,12,0,18,0,6193751.24,4598444.87,7521778.94,5319085.92,8008850.6,5132862.408571429,7103244.651428572,5181329.043555556,725791.8930573368,3030740.6989666163,14545392.64,4230255.21,31917.0,33692.28571428572,247.0,201.0,1229.0,965.8571428571429,0.11999999686850654,15.601059327328016
2016-04-13,8636899.06,355,1776,0.11999998874596086,38617,1,1,2016,4,2,2,0,13,0,17,0,5962850.28,5873076.02,14545392.64,6412758.35,9764966.49,5327777.467142858,7126236.235714287,5222379.333555555,741392.5897645811,3019124.1295434586,14545392.64,4230255.21,37526.0,34201.57142857143,250.0,210.14285714285714,1219.0,1014.2857142857143,0.11999998937524396,15.971554287048088
2016-04-14,7184576.35,303,1493,0.10591723059634547,33689,1,1,2016,4,2,3,0,14,0,16,0,8636899.06,5504606.21,14231299.73,8569336.81,8464241.45,5722609.33,7205669.8325000005,5282262.674111111,1463993.8318416076,3028900.079896346,14545392.64,4230255.21,38617.0,34780.71428571428,355.0,230.0,1776.0,1116.2857142857142,0.12000001358861963,15.787447251826306
2016-04-15,5910167.4,240,1168,0.10612549993084797,36113,1,1,2016,4,2,4,0,15,0,15,0,7184576.35,4323869.8,12298083.49,6917674.02,6025485.77,5962605.064285713,7156214.101785715,5322840.118444445,1557043.361520601,3017091.662554821,14545392.64,4230255.21,33689.0,34990.142857142855,303.0,242.0,1493.0,1184.142857142857,0.12000000092509724,15.592184883054166
2016-04-16,7075518.69,264,1288,0.06236997163525265,32898,1,1,2016,4,2,5,1,16,0,14,0,5910167.4,4537873.44,13123488.4,5852909.53,6481493.13,6189219.007142857,7120231.722500001,5345654.519555556,1384685.4917557754,3026036.4935869495,14545392.64,4230255.21,36113.0,34297.71428571428,240.0,253.57142857142858,1168.0,1241.857142857143,0.11999999497562013,15.772151453212894
2016-04-17,9065525.85,308,1522,0.02647721532888244,39389,1,1,2016,4,2,6,1,17,0,13,0,7075518.69,4898415.28,10576481.39,4759469.17,7432727.07,6551739.757142858,7163896.335357144,5377278.967888889,1200191.606433462,3015876.042459952,14545392.64,4230255.21,32898.0,34384.28571428572,264.0,265.14285714285717,1288.0,1301.4285714285713,0.12000000130654499,16.019989519621785
2016-04-18,7930420.94,295,1427,0.0,33200,0,0,2016,4,2,0,0,18,0,12,0,9065525.85,6193751.24,4230255.21,5534732.74,6854069.17,7147041.267142857,7317684.073928572,5432394.260444445,1274605.2220317977,2998465.2265014783,14545392.64,4230255.21,39389.0,35735.57142857143,308.0,281.0,1522.0,1385.0,0.12000000019374366,15.88621680026615
2016-04-19,9299472.01,372,1735,0.0,25488,0,0,2016,4,2,1,0,19,0,11,0,7930420.94,5962850.28,4598444.87,5449314.63,8942873.22,7395136.938571429,7403244.366785714,5489196.337222222,1226225.4029411403,2979827.1483329744,14545392.64,4230255.21,33200.0,35918.857142857145,295.0,287.85714285714283,1427.0,1413.2857142857142,0.11999999268806058,16.045468290926532
2016-04-20,11470503.55,455,2174,0.0,35982,0,0,2016,4,2,2,0,20,0,10,0,9299472.01,8636899.06,5873076.02,6046593.49,11246554.8,7871797.185714285,7540749.9875,5560936.152222222,1225179.203655268,2975152.688858855,14545392.64,4230255.21,25488.0,34199.142857142855,372.0,305.2857142857143,1735.0,1487.0,0.11999998874596086,16.255289476804165
2016-04-21,9681621.65,358,1731,0.0,33532,0,0,2016,4,2,3,0,21,0,9,0,11470503.55,7184576.35,5504606.21,7933448.72,9099886.14,8276597.827142856,7734461.0610714285,5644150.728777778,1835966.8746841217,3049900.9885382163,14545392.64,4230255.21,35982.0,33822.71428571428,455.0,319.57142857142856,2174.0,1543.857142857143,0.10591723059634547,16.085740074336798
2016-04-22,6442191.99,264,1211,0.0,35570,0,0,2016,4,2,4,0,22,0,8,0,9681621.65,5910167.4,4323869.8,7008643.3,7548994.85,8633318.584285716,7796895.808571429,5714805.075999999,1831005.158186942,3071939.2150871227,14545392.64,4230255.21,33532.0,33800.28571428572,358.0,327.42857142857144,1731.0,1577.857142857143,0.10612549993084797,15.678379566512097
2016-04-23,8225755.2,292,1408,0.0,28997,0,0,2016,4,2,5,1,23,0,7,0,6442191.99,7075518.69,4537873.44,5197781.65,6578500.68,8709322.097142857,7776665.404642857,5741953.728222222,1705897.9540497228,3079179.2165861106,14545392.64,4230255.21,35570.0,33722.71428571428,264.0,330.85714285714283,1211.0,1584.0,0.06236997163525265,15.922780789599287
2016-04-24,8005992.5,327,1549,0.0,34414,0,0,2016,4,2,6,1,24,0,6,0,8225755.2,9065525.85,4898415.28,6141114.6,9981817.81,8873641.598571429,7884807.317142858,5780744.068555555,1572473.8502732362,3038151.8192001306,14545392.64,4230255.21,28997.0,33165.42857142857,292.0,334.85714285714283,1408.0,1601.142857142857,0.02647721532888244,15.895701006643245
2016-04-25,11068078.01,381,1904,0.0,31532,0,0,2016,4,2,0,0,25,0,5,0,8005992.5,7930420.94,6193751.24,5291170.65,8486257.42,8722279.691428572,7951410.099285714,5814062.803888888,1601648.4457440954,3018890.588266657,14545392.64,4230255.21,34414.0,32454.714285714286,327.0,337.57142857142856,1549.0,1605.0,0.0,16.219575758461232
2016-04-26,11387120.36,462,2199,0.0,29524,0,0,2016,4,2,1,0,26,0,4,0,11068078.01,9299472.01,5962850.28,7521778.94,11233528.64,9170516.415714284,8157728.219285714,5897655.434,1772991.0135482305,3027740.72131158,14545392.64,4230255.21,31532.0,32216.428571428572,381.0,349.85714285714283,1904.0,1673.142857142857,0.0,16.247993569503578
2016-04-27,16379722.53,593,2887,0.0,33081,0,0,2016,4,2,2,0,27,0,3,1,11387120.36,11470503.55,8636899.06,14545392.64,14371525.01,9468751.894285714,8295776.127142857,5971639.499666667,1963630.7995017378,3085243.9393001506,14545392.64,4230255.21,29524.0,32793.0,462.0,362.7142857142857,2199.0,1739.4285714285713,0.0,16.611554757736375
2016-04-28,17388183.19,677,3231,0.0,34354,0,0,2016,4,2,3,0,28,0,2,1,16379722.53,9681621.65,7184576.35,14231299.73,15294818.22,10170068.891428573,8361287.908928571,6078995.739777778,3251836.9737655194,3238529.7711432897,16379722.53,4230255.21,33081.0,32378.571428571428,593.0,382.42857142857144,2887.0,1841.2857142857142,0.0,16.671301463972373
2016-04-29,16966030.5,655,3303,0.0,30530,0,0,2016,4,2,4,0,29,0,1,1,17388183.19,6442191.99,5910167.4,12298083.49,14911130.64,11271006.254285714,8474033.746785715,6216494.964,4219494.717078678,3495234.328428598,17388183.19,4230255.21,34354.0,32496.0,677.0,428.0,3231.0,2055.5714285714284,0.0,16.64672375600258
2016-04-30,12874790.56,498,2428,0.0,35212,0,0,2016,4,2,5,1,30,0,0,1,16966030.5,8225755.2,7075518.69,13123488.4,11462217.29,12774411.755714286,8640746.14,6328107.749777778,4084912.7133259918,3783797.5686176973,17388183.19,4230255.21,30530.0,31776.0,655.0,483.85714285714283,3303.0,2354.4285714285716,0.0,16.370781814868458
2016-05-01,11553720.73,455,2218,0.0,34863,0,0,2016,5,2,6,1,1,1,30,0,12874790.56,8005992.5,9065525.85,10576481.39,8951414.69,13438559.664285716,8631864.074285714,6399497.074666667,3567240.380280967,3773162.0206393437,17388183.19,4230255.21,35212.0,32663.85714285714,498.0,513.2857142857143,2428.0,2500.1428571428573,0.0,16.262518170733507
2016-05-02,8891959.72,310,1542,0.0,28519,0,0,2016,5,2,0,0,2,1,29,0,11553720.73,11068078.01,7930420.94,4230255.21,7902349.85,13945377.982857144,8666765.479285715,6470085.445888889,2845844.975330689,3796264.718279489,17388183.19,4230255.21,34863.0,32728.0,455.0,531.5714285714286,2218.0,2595.714285714286,0.0,16.000658136602578
2016-05-03,6609488.85,265,1207,0.0,34982,0,0,2016,5,2,1,0,3,1,28,0,8891959.72,11387120.36,9299472.01,4598444.87,4063632.19,13634503.941428572,8833254.92607143,6535918.388666665,3295822.7111457568,3695371.7869161754,17388183.19,4323869.8,28519.0,32297.571428571428,310.0,521.4285714285714,1542.0,2544.0,0.0,15.704017030332055
2016-05-04,6041365.35,212,983,0.0,35348,0,0,2016,5,2,2,0,4,0,27,0,6609488.85,16379722.53,11470503.55,5873076.02,4993358.48,12951985.154285714,8905077.925357142,6584091.473666667,4207413.3952055145,3628962.4142814265,17388183.19,4323869.8,34982.0,33077.28571428572,265.0,493.2857142857143,1207.0,2402.285714285714,0.0,15.614140761215232
2016-05-05,6026491.95,221,1053,0.0,29771,0,0,2016,5,2,3,0,5,0,26,0,6041365.35,17388183.19,9681621.65,5504606.21,5912157.02,11475076.985714287,8911088.258571427,6619890.648777777,4599863.100547936,3623890.605210741,17388183.19,4323869.8,35348.0,33401.142857142855,212.0,438.85714285714283,983.0,2130.285714285714,0.0,15.611675799176615
2016-05-06,5884185.84,218,1017,0.0,27614,0,0,2016,5,2,4,0,6,0,25,0,6026491.95,16966030.5,6442191.99,4323869.8,6417545.13,9851978.237142857,8929727.035,6645952.343666667,4147962.357946433,3607023.974932857,17388183.19,4323869.8,29771.0,32746.428571428572,221.0,373.7142857142857,1053.0,1819.142857142857,0.0,15.587779114108226
2016-05-07,5016235.82,197,905,0.0,39792,0,0,2016,5,2,5,1,7,0,24,0,5884185.84,12874790.56,8225755.2,4537873.44,4654167.53,8268857.571428572,8985452.607857144,6658712.610888889,2910420.644005589,3544746.9930142933,17388183.19,4537873.44,27614.0,32329.85714285714,218.0,311.2857142857143,1017.0,1492.5714285714287,0.0,15.428190573099059
2016-05-08,4730903.12,192,931,0.0,28966,0,0,2016,5,2,6,1,8,0,23,0,5016235.82,11553720.73,8005992.5,4898415.28,4178643.57,7146206.894285714,9002536.978571428,6669644.854666666,2286402.112226176,3523607.1192662315,17388183.19,4898415.28,39792.0,32984.142857142855,197.0,268.2857142857143,905.0,1275.0,0.0,15.369626888079448
2016-05-09,7307039.01,242,1201,0.0,28369,0,0,2016,5,2,0,0,9,0,22,0,4730903.12,8891959.72,11068078.01,6193751.24,5135747.06,6171518.664285715,8996554.401428571,6679448.295555556,1361567.8342090358,3530967.925665229,17388183.19,4730903.12,28966.0,32141.714285714286,192.0,230.71428571428572,931.0,1091.142857142857,0.0,15.804348826329734
2016-05-10,6636687.87,258,1253,0.0,31941,0,0,2016,5,2,1,0,10,0,21,0,7307039.01,6609488.85,11387120.36,5962850.28,6740124.2,5945101.420000001,9036314.67892857,6716419.383333334,880620.5521545369,3504406.3445661385,17388183.19,4730903.12,28369.0,32120.285714285714,242.0,221.0,1201.0,1042.4285714285713,0.0,15.70812373292167
2016-05-11,8452886.26,322,1481,0.0,29147,0,0,2016,5,2,2,0,11,0,20,0,6636687.87,6041365.35,16379722.53,8636899.06,6877097.83,5948986.994285715,9060380.307142857,6751842.568111111,884093.7750158502,3484777.1193795614,17388183.19,4730903.12,31941.0,31685.85714285714,258.0,220.0,1253.0,1049.0,0.0,15.950018628545417
2016-05-12,10736290.28,401,1912,0.0,32448,0,0,2016,5,2,3,0,12,0,19,0,8452886.26,6026491.95,17388183.19,7184576.35,8472230.27,6293489.981428572,9053808.421428572,6804459.650111111,1298712.9804360338,3485778.7045249287,17388183.19,4730903.12,29147.0,30800.0,322.0,235.71428571428572,1481.0,1120.142857142857,0.0,16.189140268973098
2016-05-13,9817523.43,350,1725,0.0,33242,0,0,2016,5,2,4,0,13,0,18,0,10736290.28,5884185.84,16966030.5,5910167.4,8373161.73,6966318.314285713,9180655.3475,6878908.420666667,2106269.7365663103,3479856.4702738626,17388183.19,4730903.12,32448.0,31182.428571428572,401.0,261.42857142857144,1912.0,1242.857142857143,0.0,16.09967955384475
2016-05-14,7446413.22,275,1334,0.0,32697,0,0,2016,5,2,5,1,14,0,17,0,9817523.43,5016235.82,12874790.56,7075518.69,6454103.0,7528223.684285714,9320203.777142856,6935749.585000001,2286424.7791832285,3421706.703190609,17388183.19,4730903.12,33242.0,31986.428571428572,350.0,280.2857142857143,1725.0,1344.0,0.0,15.8232431617359
2016-05-15,6413929.56,251,1226,0.0,30664,0,0,2016,5,2,6,1,15,0,16,0,7446413.22,4730903.12,11553720.73,9065525.85,6409003.84,7875391.884285714,9333450.010357143,6963757.686111111,2009119.1782008903,3413402.9916284187,17388183.19,4730903.12,32697.0,30972.85714285714,275.0,291.42857142857144,1334.0,1405.2857142857142,0.0,15.6739828328592
2016-05-16,7701732.93,298,1411,0.0,30307,0,0,2016,5,2,0,0,16,0,15,0,6413929.56,7307039.01,8891959.72,7930420.94,6593507.34,8115824.232857143,9238750.142857144,6984045.428222222,1636193.130929141,3457607.554552102,17388183.19,4730903.12,30664.0,31215.428571428572,251.0,299.85714285714283,1226.0,1447.4285714285713,0.0,15.856956047187701
2016-05-17,8631034.09,296,1439,0.0,34353,0,0,2016,5,2,1,0,17,0,14,0,7701732.93,6636687.87,6609488.85,9299472.01,7049312.68,8172209.078571429,9230582.713928571,7025830.72611111,1610271.7723417848,3461080.856929414,17388183.19,4730903.12,30307.0,31492.285714285714,298.0,307.85714285714283,1411.0,1477.4285714285713,0.0,15.9708749967711
2016-05-18,8416389.92,328,1503,0.0,30584,0,0,2016,5,2,2,0,18,0,13,0,8631034.09,8452886.26,6041365.35,11470503.55,8167385.27,8457115.68142857,9206709.931071429,7088819.116111112,1463007.3870560324,3462892.8935828134,17388183.19,4730903.12,34353.0,31836.85714285714,296.0,313.2857142857143,1439.0,1504.0,0.0,15.94569166250065
2016-05-19,11212790.37,402,1898,0.0,32056,0,0,2016,5,2,3,0,19,0,12,0,8416389.92,10736290.28,6026491.95,9681621.65,10886447.11,8451901.918571427,9097634.444285715,7137784.576333334,1463090.0008691377,3436948.7406355427,17388183.19,4730903.12,30584.0,32042.14285714286,328.0,314.14285714285717,1503.0,1507.142857142857,0.0,16.232565771187698
2016-05-20,10058131.11,366,1859,0.0,26494,0,0,2016,5,2,4,0,20,0,11,0,11212790.37,9817523.43,5884185.84,6442191.99,9585349.34,8519973.36,9152319.041428572,7211577.590666667,1592452.663414401,3458696.830291528,17388183.19,4730903.12,32056.0,31986.14285714286,402.0,314.2857142857143,1898.0,1505.142857142857,0.0,16.12389203044584
2016-05-21,7447083.47,276,1297,0.0,32181,0,0,2016,5,2,5,1,21,0,10,0,10058131.11,7446413.22,5016235.82,8225755.2,6849849.55,8554345.885714287,9281459.724285714,7265813.672,1627342.1939548096,3421059.5264019636,17388183.19,4730903.12,26494.0,31022.14285714286,366.0,316.57142857142856,1859.0,1524.2857142857142,0.0,15.823333167451066
2016-05-22,7687940.04,282,1346,0.0,27855,0,0,2016,5,2,6,1,22,0,9,0,7447083.47,6413929.56,4730903.12,8005992.5,5769728.11,8554441.635714287,9253650.019642856,7295687.122111111,1627266.158247945,3433102.8682890786,17388183.19,4730903.12,32181.0,30948.428571428572,276.0,316.7142857142857,1297.0,1519.0,0.0,15.855163560508165
2016-05-23,8645211.05,320,1537,0.0,33895,0,0,2016,5,2,0,0,23,0,8,0,7687940.04,7701732.93,7307039.01,11068078.01,7759286.87,8736443.132857142,9242291.003214285,7328642.733555555,1403871.5606632961,3437906.656920159,17388183.19,4730903.12,27855.0,30547.14285714286,282.0,321.14285714285717,1346.0,1536.142857142857,0.0,15.972516205427972
2016-05-24,8183351.87,279,1397,0.0,33317,0,0,2016,5,2,1,0,24,0,7,0,8645211.05,8631034.09,6636687.87,11387120.36,6648911.62,8871225.721428571,9155760.040357143,7374142.676111111,1331394.3705007716,3420698.500096845,17388183.19,4730903.12,33895.0,31059.714285714286,320.0,324.2857142857143,1537.0,1554.142857142857,0.0,15.917612510906553
2016-05-25,9916196.12,376,1860,0.0,30559,0,0,2016,5,2,2,0,25,0,6,0,8183351.87,8416389.92,8452886.26,16379722.53,7250067.07,8807271.118571429,9041339.737142857,7400732.440555557,1355391.265520245,3396795.029647889,17388183.19,4730903.12,33317.0,30911.714285714286,279.0,321.85714285714283,1397.0,1548.142857142857,0.0,16.109680050923096
2016-05-26,12748857.56,461,2197,0.0,29012,0,0,2016,5,2,3,0,26,0,5,0,9916196.12,11212790.37,10736290.28,17388183.19,11264269.11,9021529.147142857,8810499.508214286,7425610.369777779,1401076.6053073225,3084929.4039755547,17388183.19,4730903.12,30559.0,30908.14285714286,376.0,328.7142857142857,1860.0,1599.142857142857,0.0,16.360952300855253
2016-05-27,10645860.16,387,1879,0.0,31654,0,0,2016,5,2,4,0,27,0,4,0,12748857.56,10058131.11,9817523.43,16966030.5,10886440.76,9240967.317142857,8644809.307142857,7488417.26611111,1849881.6854491478,2708823.925109773,16966030.5,4730903.12,29012.0,30473.285714285714,461.0,337.14285714285717,2197.0,1641.857142857143,0.0,16.18068175111186
2016-05-28,7818417.53,297,1383,0.0,30406,0,0,2016,5,2,5,1,28,0,3,1,10645860.16,7447083.47,7446413.22,12874790.56,7443400.33,9324928.61,8419088.937857144,7530734.875888888,1905649.243942334,2206501.518978288,12874790.56,4730903.12,31654.0,31210.428571428572,387.0,340.14285714285717,1879.0,1644.7142857142858,0.0,15.871992858054092
2016-05-29,6277386.71,232,1103,0.0,30163,0,0,2016,5,2,6,1,29,0,2,1,7818417.53,7687940.04,6413929.56,11553720.73,14386454.27,9377976.332857143,8238504.186785715,7560742.402666667,1848989.3222905493,2028025.3766725173,12748857.56,4730903.12,30406.0,30956.85714285714,297.0,343.14285714285717,1383.0,1657.0,0.0,15.652464482159745
2016-05-30,15902645.06,614,3222,0.0,30700,0,0,2016,5,2,0,0,30,0,1,1,6277386.71,8645211.05,7701732.93,8891959.72,12847323.1,9176468.714285715,8050063.686071428,7591279.104,2120761.0732732075,1952292.034471431,12748857.56,4730903.12,30163.0,31286.571428571428,232.0,336.0,1103.0,1622.2857142857142,0.0,16.581996072212302
2016-05-31,15273734.62,582,2953,0.0,29707,0,0,2016,5,2,1,0,31,0,0,1,15902645.06,8183351.87,8631034.09,6609488.85,12707400.56,10213245.001428572,8300445.305357142,7760086.462555556,3276701.675470258,2450305.2842809544,15902645.06,4730903.12,30700.0,30830.14285714286,614.0,378.0,3222.0,1863.0,0.0,16.541645285127853
2016-06-01,15027967.48,559,2818,0.0,30361,0,0,2016,6,2,2,0,1,1,29,0,15273734.62,9916196.12,8416389.92,6041365.35,10370270.22,11226156.822857141,8609882.654285714,7913353.025,3622310.4912219057,2756771.3302513957,15902645.06,4730903.12,29707.0,30314.428571428572,582.0,421.2857142857143,2953.0,2085.285714285714,0.0,16.525423588255645
2016-06-02,15450407.81,569,2892,0.0,32911,0,0,2016,6,2,3,0,2,1,28,0,15027967.48,12748857.56,11212790.37,6026491.95,12915899.82,11956409.874285713,8930832.730357144,8055318.663111112,3823865.4170177844,2962134.875560974,15902645.06,4730903.12,30361.0,30286.14285714286,559.0,447.42857142857144,2818.0,2222.1428571428573,0.0,16.553146021152138
2016-06-03,14905219.23,561,2775,0.0,32205,0,0,2016,6,2,4,0,3,1,27,0,15450407.81,10645860.16,10058131.11,5884185.84,4389371.3,12342345.624285715,9267401.153928572,8196116.752222223,4046996.9068243047,3149382.2610813784,15902645.06,4730903.12,32911.0,30843.14285714286,569.0,462.85714285714283,2892.0,2321.4285714285716,0.0,16.517222060563817
2016-06-04,3543917.94,121,584,0.0,33568,0,0,2016,6,2,5,1,4,0,26,0,14905219.23,7818417.53,7447083.47,5016235.82,4689415.18,12950825.49142857,9589580.917857142,8323149.252333334,4069554.1879174733,3250269.9905157415,15902645.06,4730903.12,32205.0,30921.85714285714,561.0,487.7142857142857,2775.0,2449.4285714285716,0.0,15.080743717985033
2016-06-05,5281645.29,179,859,0.0,36075,0,0,2016,6,2,6,1,5,0,25,0,3543917.94,6277386.71,7687940.04,4730903.12,4504545.31,12340182.692857143,9536998.13642857,8323621.590444445,5146288.849530931,3337730.5562875187,15902645.06,3543917.94,33568.0,31373.571428571428,121.0,462.57142857142856,584.0,2335.285714285714,0.0,15.479748404432238
2016-06-06,5164395.26,197,902,0.0,35520,0,0,2016,6,2,0,0,6,0,24,0,5281645.29,15902645.06,8645211.05,7307039.01,4737477.49,12197933.91857143,9556667.499642856,8334800.240777778,5351472.471481133,3309865.5449083243,15902645.06,3543917.94,36075.0,32218.14285714286,179.0,455.0,859.0,2300.4285714285716,0.0,15.457298763093762
2016-06-07,6484605.21,223,1174,0.0,31431,0,0,2016,6,2,1,0,7,0,23,0,5164395.26,15273734.62,8183351.87,6636687.87,5997977.12,10663898.232857142,9480144.50857143,8340028.106555556,5643616.876658115,3387656.972239502,15902645.06,3543917.94,35520.0,32906.71428571428,197.0,395.42857142857144,902.0,1969.0,0.0,15.684941650681552
2016-06-08,8622987.0,288,1422,0.0,36825,0,0,2016,6,2,2,0,8,0,22,0,6484605.21,15027967.48,9916196.12,8452886.26,7149148.38,9408308.317142857,9474712.985,8355958.945777778,5420375.526698219,3392503.268676587,15902645.06,3543917.94,31431.0,33153.0,223.0,344.14285714285717,1174.0,1714.857142857143,0.0,15.96994221830645
2016-06-09,6719422.7,237,1090,0.0,31212,0,0,2016,6,2,3,0,9,0,21,0,8622987.0,15450407.81,12748857.56,10736290.28,7033422.25,8493311.105714286,9480788.01142857,8369830.840444446,4821107.173817273,3390757.543931165,15902645.06,3543917.94,36825.0,34076.42857142857,288.0,305.42857142857144,1422.0,1515.4285714285713,0.0,15.720512949893253
2016-06-10,5856690.47,201,1026,0.0,30303,0,0,2016,6,2,4,0,10,0,20,0,6719422.7,14905219.23,10645860.16,9817523.43,5174085.58,7246027.518571429,9337328.455,8374693.767,3726345.783392601,3420515.370969912,15902645.06,3543917.94,31212.0,33833.71428571428,237.0,258.0,1090.0,1258.0,0.0,15.583095406545963
2016-06-11,5949391.29,208,1030,0.0,36969,0,0,2016,6,2,5,1,11,0,19,0,5856690.47,3543917.94,7818417.53,7446413.22,6351066.12,5953380.552857143,9195870.135,8387836.286111111,1575034.5975444177,3481283.0046279402,15902645.06,3543917.94,30303.0,33562.0,201.0,206.57142857142858,1026.0,1008.1428571428571,0.0,15.598799636171108
2016-06-12,6087764.33,232,1060,0.0,28697,0,0,2016,6,2,6,1,12,0,18,0,5949391.29,5281645.29,6277386.71,6413929.56,5087923.97,6297019.602857143,9142405.066071428,8402214.830333333,1172767.0382077107,3520421.5534997047,15902645.06,3543917.94,36969.0,34047.857142857145,208.0,219.0,1030.0,1071.857142857143,0.0,15.6217916314601
2016-06-13,6889883.95,245,1125,0.0,34063,0,0,2016,6,2,0,0,13,0,17,0,6087764.33,5164395.26,15902645.06,7701732.93,7257781.25,6412179.465714286,9130756.307857143,8411917.427666666,1093333.2346052595,3530309.952327948,15902645.06,3543917.94,28697.0,32993.857142857145,232.0,226.57142857142858,1060.0,1100.5714285714287,0.0,15.745564944737218
2016-06-14,9141001.7,316,1582,0.0,34397,0,0,2016,6,2,1,0,14,0,16,0,6889883.95,6484605.21,15273734.62,8631034.09,7185781.7,6658677.85,9101761.701428572,8429370.73911111,950278.1476531652,3545781.2573522674,15902645.06,3543917.94,34063.0,32785.71428571428,245.0,233.42857142857142,1125.0,1132.4285714285713,0.0,16.028280642008408
2016-06-15,9864183.86,350,1743,0.0,33083,0,0,2016,6,2,2,0,15,0,15,0,9141001.7,8622987.0,15027967.48,8416389.92,7904688.49,7038163.062857144,9119974.830357144,8459684.554111112,1325502.330708654,3544583.320662687,15902645.06,3543917.94,34397.0,33209.42857142857,316.0,246.71428571428572,1582.0,1190.7142857142858,0.0,16.104421064526623
2016-06-16,10058421.18,342,1677,0.0,28041,0,0,2016,6,2,3,0,16,0,14,0,9864183.86,6719422.7,15450407.81,11212790.37,8476249.0,7215476.899999999,9171681.756785715,8474071.743555555,1622569.1473982006,3544499.4900352485,15902645.06,3543917.94,33083.0,32674.85714285714,350.0,255.57142857142858,1743.0,1236.5714285714287,0.0,16.123920869380765
2016-06-17,5423957.08,199,968,0.0,35068,0,0,2016,6,2,4,0,17,0,13,0,10058421.18,5856690.47,14905219.23,10058131.11,6561476.72,7692476.682857143,9130454.285714285,8508968.934222221,1916591.7965865831,3526547.2561835367,15902645.06,3543917.94,28041.0,32221.85714285714,342.0,270.57142857142856,1677.0,1320.4285714285713,0.0,15.506336379958933
2016-06-18,7882351.1,287,1363,0.0,34886,0,0,2016,6,2,5,1,18,0,12,0,5423957.08,5949391.29,3543917.94,7447083.47,5300940.37,7630657.627142857,8964948.070357142,8504202.79588889,1991199.9601640059,3589578.6015611887,15902645.06,3543917.94,35068.0,32902.57142857143,199.0,270.2857142857143,968.0,1312.142857142857,0.0,15.880136907142546
2016-06-19,7908073.31,262,1340,0.0,38767,0,0,2016,6,2,6,1,19,0,11,0,7882351.1,6087764.33,5281645.29,7687940.04,5709630.01,7906794.742857143,8980493.342857143,8538901.484000001,1848070.8341983245,3583699.4613703815,15902645.06,3543917.94,34886.0,32605.0,287.0,281.57142857142856,1363.0,1359.7142857142858,0.0,15.883394860041848
2016-06-20,7266335.58,263,1173,0.0,32245,0,0,2016,6,2,0,0,20,0,10,0,7908073.31,6889883.95,5164395.26,8645211.05,5755437.59,8166838.882857142,8988355.245357143,8565271.934777778,1668830.137046273,3580999.2884996887,15902645.06,3543917.94,38767.0,34043.57142857143,262.0,285.85714285714283,1340.0,1399.7142857142858,0.0,15.79876281328883
2016-06-21,8500049.69,336,1556,0.0,30312,0,0,2016,6,2,1,0,21,0,9,0,7266335.58,9141001.7,6484605.21,8183351.87,8091120.75,8220617.687142857,8939109.692857143,8585461.056444446,1626346.1776458153,3595345.2918145536,15902645.06,3543917.94,32245.0,33783.857142857145,263.0,288.42857142857144,1173.0,1406.5714285714287,0.0,15.955582684972175
2016-06-22,10283795.21,356,1789,0.0,27007,0,0,2016,6,2,2,0,22,0,8,0,8500049.69,9864183.86,8622987.0,9916196.12,8014615.36,8129053.114285714,8950420.329285715,8612721.68088889,1583366.5796512547,3593377.300619863,15902645.06,3543917.94,30312.0,33200.28571428572,336.0,291.2857142857143,1556.0,1402.857142857143,0.0,16.146080030952202
2016-06-23,9872888.2,351,1718,0.019285273583873868,33787,1,1,2016,6,2,3,0,23,0,7,0,10283795.21,10058421.18,6719422.7,12748857.56,8106694.48,8188997.592857143,8963548.868214285,8638836.641888889,1665802.0972933162,3597705.395882108,15902645.06,3543917.94,27007.0,32332.285714285714,356.0,292.14285714285717,1789.0,1409.4285714285713,0.0,16.105303094004533
2016-06-24,7881916.83,274,1371,0.024419284566340696,38202,1,1,2016,6,2,4,0,24,0,6,0,9872888.2,5423957.08,5856690.47,10645860.16,6395417.81,8162492.881428571,8860835.676785713,8670661.585222224,1632237.998099713,3525972.4545514835,15902645.06,3543917.94,33787.0,33153.142857142855,351.0,293.42857142857144,1718.0,1415.2857142857142,0.0,15.880081811663715
2016-06-25,6886227.09,257,1262,0.06238864539101339,36799,1,1,2016,6,2,5,1,25,0,5,0,7881916.83,7882351.1,5949391.29,7818417.53,5791488.27,8513629.98857143,8762123.415000001,8700485.309444444,1132936.3768164574,3512813.275141466,15902645.06,3543917.94,38202.0,33600.857142857145,274.0,304.14285714285717,1371.0,1472.857142857143,0.0,15.745034046061333
2016-06-26,6698524.32,282,1344,0.13148150666115666,31541,1,1,2016,6,2,6,1,26,0,4,0,6886227.09,7908073.31,6087764.33,6277386.71,5907901.77,8371326.558571428,8728830.899285715,8708764.337111112,1278634.9687119694,3526479.2699747556,15902645.06,3543917.94,36799.0,33874.142857142855,257.0,299.85714285714283,1262.0,1458.4285714285713,0.0,15.717397958642769
2016-06-27,6871506.56,319,1553,0.18000000133886215,33556,1,1,2016,6,2,0,0,27,0,3,1,6698524.32,7266335.58,6889883.95,15902645.06,7048110.81,8198533.845714286,8743871.528214287,8724401.60011111,1425020.8656378933,3516520.508496967,15902645.06,3543917.94,31541.0,32841.857142857145,282.0,302.7142857142857,1344.0,1459.0,0.0,15.742894081172903
2016-06-28,8247984.99,397,1901,0.18000000870515648,34476,1,1,2016,6,2,1,0,28,0,2,1,6871506.56,8500049.69,9141001.7,15273734.62,10266326.47,8142129.7,8421330.867500002,8717176.351444444,1475005.345858867,3238795.774474542,15450407.81,3543917.94,33556.0,33029.142857142855,319.0,310.7142857142857,1553.0,1513.2857142857142,0.0,15.925479606083892
2016-06-29,13343751.12,632,3130,0.18000000362716598,32831,1,1,2016,6,2,2,0,29,0,1,1,8247984.99,10283795.21,9864183.86,15027967.48,10954727.42,8106120.457142858,8170411.237857142,8647205.155333333,1467870.7133154238,2947291.6693077246,15450407.81,3543917.94,34476.0,33624.0,397.0,319.42857142857144,1901.0,1562.5714285714287,0.0,16.406558827269038
2016-06-30,11824115.33,552,2726,0.17999999920501453,33061,1,1,2016,6,2,3,0,30,0,0,1,13343751.12,9872888.2,10058421.18,15450407.81,9503954.04,8543257.015714286,8110260.653571428,8637343.504111111,2390284.349244075,2816435.377033182,15450407.81,3543917.94,32831.0,34456.0,632.0,358.85714285714283,3130.0,1754.142857142857,0.019285273583873868,16.285651760585864
2016-07-01,10173764.85,466,2334,0.1799999977392833,27643,1,1,2016,7,3,4,0,1,1,30,0,11824115.33,7881916.83,5423957.08,14905219.23,8552727.69,8822003.748571428,7980750.207857142,8632077.191222223,2668737.8298267387,2535800.230297229,14905219.23,3543917.94,33061.0,34352.28571428572,552.0,387.57142857142856,2726.0,1898.142857142857,0.024419284566340696,16.135322989553124
2016-07-02,8800553.93,405,1981,0.17999999915914383,22725,1,1,2016,7,3,5,1,2,1,29,0,10173764.85,6886227.09,7882351.1,3543917.94,6047919.06,9149410.608571429,7811769.694285714,8599302.48511111,2674761.5944581814,2191559.1795045077,13343751.12,3543917.94,27643.0,32843.857142857145,466.0,415.0,2334.0,2035.7142857142858,0.06238864539101339,15.990325337687494
2016-07-03,6426683.62,291,1444,0.17999998419091306,26996,1,1,2016,7,3,6,1,3,1,28,0,8800553.93,6698524.32,7908073.31,5281645.29,1184319.43,9422885.871428572,7999506.693928571,8579569.957777778,2496740.469452719,2031742.773212772,13343751.12,5164395.26,22725.0,30833.285714285714,405.0,436.14285714285717,1981.0,2138.4285714285716,0.13148150666115666,15.675969352043127
