ID,proba_MANU,rank,selected
2622,0.6759775205290899,1,1
2844,0.6758541301089639,2,1
707,0.6758541301089639,3,1
166,0.6758541301089639,4,1
2417,0.6758541301089639,5,1
2113,0.6758541301089639,6,1
2119,0.6758541301089639,7,1
2165,0.6758541301089639,8,1
1243,0.6758541301089639,9,1
1384,0.6758541301089639,10,1
948,0.6758541301089639,11,1
3810,0.6758541301089639,12,1
932,0.6758541301089639,13,1
1468,0.6758541301089639,14,1
2588,0.6758541301089639,15,1
775,0.6758541301089639,16,1
57,0.6758541301089639,17,1
1207,0.6724427106506887,18,1
2253,0.6724427106506887,19,1
3093,0.672318626662992,20,1
596,0.672318626662992,21,1
1691,0.672318626662992,22,1
3008,0.672318626662992,23,1
3084,0.672318626662992,24,1
3919,0.672318626662992,25,1
2930,0.672318626662992,26,1
3895,0.672318626662992,27,1
2240,0.672318626662992,28,1
3727,0.672318626662992,29,1
1029,0.672318626662992,30,1
3483,0.672318626662992,31,1
1897,0.672318626662992,32,1
945,0.672318626662992,33,1
3773,0.672318626662992,34,1
1635,0.672318626662992,35,1
1334,0.672318626662992,36,1
1931,0.672318626662992,37,1
2241,0.672318626662992,38,1
210,0.672318626662992,39,1
2129,0.672318626662992,40,1
3717,0.672318626662992,41,1
1642,0.672318626662992,42,1
2,0.672318626662992,43,1
3987,0.672318626662992,44,1
3199,0.672318626662992,45,1
3705,0.672318626662992,46,1
1269,0.672318626662992,47,1
230,0.672318626662992,48,1
2133,0.672318626662992,49,1
2389,0.672318626662992,50,1
314,0.672318626662992,51,1
1857,0.672318626662992,52,1
2749,0.672318626662992,53,1
353,0.672318626662992,54,1
2635,0.672318626662992,55,1
2017,0.672318626662992,56,1
2668,0.672318626662992,57,1
365,0.672318626662992,58,1
141,0.672318626662992,59,1
3863,0.672318626662992,60,1
2679,0.672318626662992,61,1
1690,0.6714279351418079,62,1
1671,0.6714279351418079,63,1
2275,0.6714279351418079,64,1
3282,0.6714279351418079,65,1
971,0.6713075993603714,66,1
2136,0.6713075993603714,67,1
331,0.6713075993603714,68,1
660,0.6691806891563392,69,1
1101,0.6691806891563392,70,1
3911,0.6689373542882051,71,1
3604,0.6689373542882051,72,1
1499,0.6689373542882051,73,1
1385,0.6689373542882051,74,1
1160,0.6682877823269553,75,1
904,0.6638447341913521,76,1
2217,0.6638447341913521,77,1
3658,0.6637190219663214,78,1
3852,0.6637190219663214,79,1
3801,0.6637190219663214,80,1
1880,0.6637190219663214,81,1
2092,0.6637190219663214,82,1
1253,0.6637190219663214,83,1
2316,0.6614774903774265,84,1
3267,0.660117721785172,85,1
2828,0.660117721785172,86,1
787,0.660117721785172,87,1
3843,0.660117721785172,88,1
991,0.660117721785172,89,1
2463,0.660117721785172,90,1
3837,0.660117721785172,91,1
3519,0.660117721785172,92,1
1047,0.660117721785172,93,1
3194,0.660117721785172,94,1
2866,0.660117721785172,95,1
1713,0.6593261503621369,96,1
1305,0.6593261503621369,97,1
834,0.6593261503621369,98,1
2561,0.6593261503621369,99,1
1007,0.6593261503621369,100,1
2516,0.6593261503621369,101,1
1811,0.6593261503621369,102,1
3348,0.6593261503621369,103,1
2141,0.6593261503621369,104,1
915,0.6593261503621369,105,1
1706,0.6567701880986004,106,1
3069,0.6567701880986004,107,1
2123,0.6566472292747274,108,1
3329,0.6564052177672679,109,1
2303,0.6554093057696078,110,1
1297,0.6554093057696078,111,1
2236,0.6551369449317274,112,1
3841,0.6533571036719429,113,1
103,0.6532977710763379,114,1
2371,0.6532977710763379,115,1
3030,0.6531091043914187,116,1
1935,0.6528230490172013,117,1
736,0.6523243622229414,118,1
3811,0.6523069540665476,119,1
444,0.6522631197746914,120,1
3294,0.6518621222683506,121,1
1772,0.6518621222683506,122,1
2311,0.6518621222683506,123,1
3355,0.6518241910451708,124,1
1506,0.6518241910451708,125,1
576,0.6518241910451708,126,1
1215,0.6514740930368569,127,1
2298,0.6505519353687833,128,1
3784,0.6497232121825381,129,1
2982,0.6472791002927052,130,1
729,0.6440449803601526,131,1
815,0.6420859167975527,132,1
3731,0.6420859167975527,133,1
341,0.6414968623073763,134,1
114,0.6414968623073763,135,1
1586,0.6404859800330772,136,1
687,0.640291883284725,137,1
750,0.6368258857336205,138,1
2711,0.6365013372289527,139,1
3481,0.6338027864595142,140,1
2830,0.6333596512397023,141,1
1518,0.6327455027802888,142,1
446,0.6327455027802888,143,1
306,0.6323810503786962,144,1
960,0.6322449352091094,145,1
755,0.6296975642509182,146,1
1117,0.6291810891888748,147,1
2799,0.6287819915537078,148,1
829,0.6287819915537078,149,1
2511,0.6287819915537078,150,1
1471,0.6270663595806142,151,1
2443,0.6258293104536231,152,1
3942,0.6226258372287798,153,1
1641,0.6204575515933645,154,1
3325,0.6198374054861376,155,1
573,0.6198374054861376,156,1
2768,0.6191994482908172,157,1
123,0.6191994482908172,158,1
2836,0.6191994482908172,159,1
2762,0.6190790110188246,160,1
2390,0.6190790110188246,161,1
913,0.6188532013342767,162,1
2174,0.61843415207594,163,1
2215,0.6175812452938302,164,1
2479,0.6175812452938302,165,1
2718,0.6161501022798797,166,1
52,0.6156249796907839,167,1
382,0.6152655735360644,168,1
2099,0.6147582125763521,169,1
754,0.6147582125763521,170,1
2380,0.6139791624298487,171,1
3616,0.6133984226153327,172,1
3872,0.6128396002032612,173,1
1418,0.6117570527564753,174,1
3013,0.6084016206313008,175,1
44,0.6084016206313008,176,1
1930,0.6084016206313008,177,1
2042,0.6076880014128814,178,1
2274,0.6074474349969059,179,1
92,0.6072641994294663,180,1
2296,0.6066409785333431,181,1
2493,0.605574716537371,182,1
1272,0.6055092488771907,183,1
1324,0.6054537333436314,184,1
39,0.6043189139046553,185,1
2357,0.6037592931750292,186,1
280,0.6036416349122664,187,1
1563,0.6018468489251931,188,1
3678,0.6014542018316682,189,1
818,0.6014542018316682,190,1
244,0.6010766446313758,191,1
2155,0.6009543636079508,192,1
89,0.6009543636079508,193,1
3304,0.6009543636079508,194,1
1970,0.6009543636079508,195,1
1820,0.6009543636079508,196,1
1703,0.6009543636079508,197,1
2872,0.6009440520707876,198,1
2404,0.6001727499547128,199,1
1805,0.6001727499547128,200,1
297,0.5999722507617357,201,1
1847,0.5988217894486639,202,1
1792,0.598662330810741,203,1
3789,0.5985304739699705,204,1
3077,0.5972922140450485,205,1
3922,0.5972922140450485,206,1
3883,0.5972734820297195,207,1
3655,0.5972447140183924,208,1
2663,0.5972244439213852,209,1
519,0.5970980159328305,210,1
572,0.5970889388773419,211,1
578,0.5970889388773419,212,1
3961,0.5970889388773419,213,1
3019,0.5970889388773419,214,1
199,0.5970889388773419,215,1
112,0.5970889388773419,216,1
3388,0.5970889388773419,217,1
3337,0.5970889388773419,218,1
639,0.5970889388773419,219,1
1665,0.5970889388773419,220,1
1509,0.5970889388773419,221,1
1952,0.5970889388773419,222,1
502,0.5970889388773419,223,1
151,0.5970889388773419,224,1
145,0.5970889388773419,225,1
848,0.5970889388773419,226,1
918,0.5970889388773419,227,1
1835,0.5970889388773419,228,1
1107,0.5970889388773419,229,1
2425,0.5970889388773419,230,1
858,0.5966260570902125,231,1
2335,0.5965705379932739,232,1
2310,0.5965336623802361,233,1
1501,0.5961166024319274,234,1
1014,0.5956425782669534,235,1
2910,0.5956425782669534,236,1
3469,0.5956117222975045,237,1
3695,0.5948983437286705,238,1
3729,0.5944610777280097,239,1
2962,0.5939811472308694,240,1
1368,0.5936931599487913,241,1
2597,0.5934112213829014,242,1
322,0.593400859039043,243,1
357,0.5930565935348617,244,1
1791,0.5930000056601122,245,1
2771,0.5930000056601122,246,1
2956,0.5925110600173398,247,1
762,0.5910537895891157,248,1
1051,0.5910251786899233,249,1
3832,0.5910251786899233,250,1
3456,0.5910251786899233,251,1
2386,0.59089882136366,252,1
2497,0.5906795650999102,253,1
2919,0.5896196738091206,254,1
2469,0.589196405958037,255,1
1865,0.5886916208045926,256,1
2691,0.5882588237013017,257,1
2707,0.5880683069131134,258,1
602,0.5878621754249236,259,1
2541,0.5877256949633989,260,1
1352,0.5877256949633989,261,1
219,0.5872035757183406,262,1
2194,0.5872035757183406,263,1
1364,0.5870751656101146,264,1
3588,0.5867172355144928,265,1
3984,0.5862114384784459,266,1
3347,0.5853595912653338,267,1
374,0.5842832283314355,268,1
3132,0.5842337178679936,269,1
2373,0.5840072568476389,270,1
3493,0.5840072568476389,271,1
2789,0.5840072568476389,272,1
2395,0.5839693594216072,273,1
3603,0.5839577285875014,274,1
2657,0.5839577285875014,275,1
567,0.5839577285875014,276,1
2900,0.5839577285875014,277,1
232,0.5839577285875014,278,1
1413,0.5838208705195178,279,1
910,0.5838208705195178,280,1
2897,0.5838208705195178,281,1
3636,0.5838208705195178,282,1
2803,0.5838208705195178,283,1
828,0.5838208705195178,284,1
885,0.5838208705195178,285,1
1114,0.5838208705195178,286,1
2501,0.5838208705195178,287,1
2898,0.5838208705195178,288,1
3125,0.5838208705195178,289,1
946,0.5838208705195178,290,1
1564,0.5838208705195178,291,1
3412,0.5838208705195178,292,1
2719,0.5835732211417256,293,1
3997,0.5835732211417256,294,1
3492,0.583462591493618,295,1
2043,0.5829638657889574,296,1
1254,0.5829638657889574,297,1
3914,0.5829638657889574,298,1
85,0.5829638657889574,299,1
1767,0.5829534119853016,300,1
1289,0.5828060868190164,301,1
3512,0.5824400005023281,302,1
3998,0.5822517618386104,303,1
1610,0.5822517618386104,304,1
2660,0.5819813062465776,305,1
2738,0.5819044535448207,306,1
993,0.5818486131621492,307,1
1996,0.5814216499354343,308,1
1195,0.5809264727943589,309,1
2629,0.5809264727943589,310,1
2652,0.5809017922082992,311,1
856,0.5806854190054799,312,1
3916,0.5804403332727547,313,1
3605,0.5802699146590115,314,1
285,0.5802433191763982,315,1
1411,0.5802433191763982,316,1
2839,0.5802433191763982,317,1
3903,0.5802433191763982,318,1
465,0.5801207573996494,319,1
3029,0.5800431003322833,320,1
1913,0.5798888061886158,321,1
326,0.5798375860364884,322,1
2490,0.5798375860364884,323,1
3643,0.5798375860364884,324,1
3451,0.5794332146823634,325,1
1430,0.5794332146823634,326,1
3915,0.5793429574484111,327,1
3260,0.5791635827311207,328,1
3353,0.5789243656404428,329,1
3827,0.5787819628011259,330,1
2980,0.5787819628011259,331,1
3220,0.5786473748008966,332,1
2870,0.578405652294446,333,1
1312,0.5783748813158882,334,1
2626,0.5782185687902194,335,1
1876,0.5778608875585721,336,1
1779,0.5777534873949686,337,1
3534,0.5777534873949686,338,1
2018,0.5777329438166889,339,1
1054,0.5776643306431379,340,1
286,0.5775000398646631,341,1
3284,0.5775000398646631,342,1
1911,0.5773643443125107,343,1
27,0.5773142394444003,344,1
2149,0.5769484459943615,345,1
3419,0.5768476519230787,346,1
2369,0.5765162257800948,347,1
227,0.5765162257800948,348,1
2147,0.5765162257800948,349,1
1247,0.5764522670263234,350,1
1822,0.5763777698962111,351,1
3254,0.5759406236297313,352,1
3794,0.5759358085818097,353,1
1661,0.5757601528402067,354,1
1354,0.5757601528402067,355,1
2462,0.5755859972879603,356,1
2786,0.5755164509968147,357,1
442,0.5753413703919504,358,1
649,0.5752674550614728,359,1
2875,0.5750431211885217,360,1
2023,0.5748963705351151,361,1
737,0.5747313696162712,362,1
3011,0.5741073979447014,363,1
3594,0.57398874444727,364,1
1684,0.57398874444727,365,1
3866,0.57361737077956,366,1
3111,0.5735722319144113,367,1
1367,0.5735102585723317,368,1
2562,0.5733272915971934,369,1
2855,0.5731863500905512,370,1
339,0.5731687845578189,371,1
454,0.5730961118737455,372,1
1392,0.5730961118737455,373,1
2654,0.5729979010944423,374,1
2798,0.5729979010944423,375,1
1175,0.5728335356363583,376,1
1528,0.5728335356363583,377,1
1859,0.5727954531805451,378,1
276,0.5726664096955126,379,1
443,0.5722743340537412,380,1
515,0.5719538014112993,381,1
530,0.5719512214021144,382,1
3515,0.5717037834836476,383,1
2449,0.5715819752700415,384,1
1649,0.5715819752700415,385,1
2019,0.5712956581898673,386,1
3427,0.57120075944417,387,1
3088,0.5711077591225191,388,1
2364,0.5711077591225191,389,1
1448,0.570972868664518,390,1
2269,0.5705339872871922,391,1
1401,0.5705339872871922,392,1
1283,0.5701690569312601,393,1
3662,0.5697830766803782,394,1
2391,0.5696140749667588,395,1
1381,0.5695457550676767,396,1
1519,0.5695074096409286,397,1
1653,0.5692864805312755,398,1
1034,0.5691864775951493,399,1
3400,0.5691121248296733,400,1
957,0.5691121248296733,401,1
758,0.5690378725171196,402,1
362,0.5690378725171196,403,1
670,0.5686497238962622,404,1
3221,0.5685356096879878,405,1
1896,0.5680794875837555,406,1
1436,0.5680794875837555,407,1
3246,0.5680721083457614,408,1
1492,0.5680457639374201,409,1
1939,0.56778212520538,410,1
3231,0.5676913108931071,411,1
1562,0.5673971184618509,412,1
3609,0.5673971184618509,413,1
3148,0.5673971184618509,414,1
183,0.5673971184618509,415,1
3747,0.5668998156424855,416,1
753,0.5668998156424855,417,1
772,0.5668689784216184,418,1
2108,0.5668191905048983,419,1
1695,0.5665158252600959,420,1
3490,0.5664699240781906,421,1
1837,0.5654716463036205,422,1
747,0.5653528728587486,423,1
2074,0.565274501799718,424,1
3428,0.5646899993651268,425,1
1437,0.5638476192439272,426,1
3240,0.5637966399884167,427,1
3907,0.5637966399884167,428,1
466,0.5637966399884167,429,1
3234,0.5634697508143219,430,1
65,0.5624724537093124,431,1
3746,0.5619455439001033,432,1
2534,0.5603726181902895,433,1
2896,0.5602489792744593,434,1
2195,0.5602198883402592,435,1
2804,0.560015494339233,436,1
203,0.560015494339233,437,1
3321,0.560015494339233,438,1
12,0.5598536511683998,439,1
2305,0.5597979129803033,440,1
470,0.5597487348187973,441,1
3676,0.5597487348187973,442,1
3363,0.5593494528225078,443,1
3839,0.5587936361013285,444,1
3081,0.5586644060999174,445,1
2003,0.5582182793754619,446,1
1153,0.5577082985131501,447,1
3190,0.5569619522957093,448,1
373,0.5569619522957093,449,1
2945,0.5568850986893922,450,1
3808,0.5558288249055621,451,1
1891,0.5556963511765405,452,1
171,0.5556963511765405,453,1
133,0.5544592212060087,454,1
811,0.5544592212060087,455,1
571,0.5544592212060087,456,1
3390,0.5544592212060087,457,1
2903,0.5544311125186496,458,1
411,0.5542902098809191,459,1
1566,0.5541127677890767,460,1
3645,0.5539159106355449,461,1
2693,0.5533887257349706,462,1
3576,0.5530559708062872,463,1
1156,0.5529862657593432,464,1
3500,0.5529862657593432,465,1
3151,0.5528177032211408,466,1
943,0.5528132208597641,467,1
1090,0.5528132208597641,468,1
2556,0.5528132208597641,469,1
2485,0.5528112642825823,470,1
3905,0.5524088570349055,471,1
3405,0.5519662314910084,472,1
370,0.5519662314910084,473,1
2071,0.5513429011039426,474,1
163,0.5511263501200757,475,1
982,0.5507891516653256,476,1
1673,0.5507723427791352,477,1
866,0.550469897727777,478,1
2935,0.5503888515223032,479,1
3163,0.5502777922128,480,1
1607,0.5500123748634372,481,1
2022,0.54942317718473,482,1
1416,0.5488854306180846,483,1
2142,0.5488854306180846,484,1
3036,0.548636056054745,485,1
1764,0.5483615312620788,486,1
641,0.5481310092541603,487,1
3204,0.5480168454404053,488,1
1242,0.5479477373061546,489,1
2218,0.5478872797994561,490,1
69,0.5478764987237763,491,1
3476,0.5474456387323196,492,1
3975,0.5467740848925845,493,1
2775,0.5466308176877379,494,1
381,0.5464539287283022,495,1
1043,0.5461093040928666,496,1
412,0.5457464726930581,497,1
2703,0.5455115574757923,498,1
998,0.5454068025731215,499,1
1916,0.5453454793751802,500,1
1775,0.5451552237361421,501,1
1712,0.5448338836560032,502,1
1784,0.5447747667828298,503,1
3169,0.5447157653842541,504,1
1183,0.5446596892848804,505,1
279,0.5446596892848804,506,1
2865,0.5446596892848804,507,1
162,0.5446596892848804,508,1
101,0.5446596892848804,509,1
542,0.5446596892848804,510,1
1170,0.5446596892848804,511,1
3207,0.5446596892848804,512,1
2089,0.5446596892848804,513,1
313,0.5444069217303857,514,1
53,0.5444069217303857,515,1
2697,0.5444069217303857,516,1
321,0.5443898089327472,517,1
1971,0.5443646844602833,518,1
3510,0.5443646844602833,519,1
3302,0.5432796946730911,520,1
1723,0.5432796946730911,521,1
2558,0.5430957298511752,522,1
579,0.5426977081460739,523,1
2326,0.5426977081460739,524,1
3584,0.5426977081460739,525,1
3485,0.5426977081460739,526,1
3650,0.5426977081460739,527,1
369,0.5426977081460739,528,1
177,0.5426977081460739,529,1
2033,0.5426977081460739,530,1
3713,0.5420265328474123,531,1
2392,0.5416492803016758,532,1
1088,0.5391780423335921,533,1
2673,0.5390375923671114,534,1
3815,0.5387825079198579,535,1
2942,0.5386402528867709,536,1
1200,0.5384446821275098,537,1
2078,0.5384060043163711,538,1
1502,0.5382120897784459,539,1
2208,0.5378001325771703,540,1
629,0.537576334067234,541,1
3736,0.5373871728691402,542,1
3468,0.5372205370555482,543,1
18,0.5368516870512344,544,1
1507,0.5362880935626749,545,1
2814,0.5357179215264889,546,1
1686,0.5355856588802503,547,1
842,0.5355207200698148,548,1
1525,0.5354123676179722,549,1
2746,0.5350111377630884,550,1
167,0.534889265999642,551,1
447,0.5348258059360131,552,1
320,0.5347656607098096,553,1
2739,0.5346027066717516,554,1
1535,0.534582942581122,555,1
2345,0.5338411871992853,556,1
3446,0.5325442446434461,557,1
3062,0.5325442446434461,558,1
3,0.5317098522952415,559,1
1538,0.5317098522952415,560,1
969,0.5317098522952415,561,1
3957,0.5315733790593928,562,1
2172,0.5315733790593928,563,1
1917,0.5315733790593928,564,1
1736,0.5315083807813037,565,1
21,0.5310011385284082,566,1
2969,0.5309006984883874,567,1
1948,0.5305078824180313,568,1
1304,0.5302889969501944,569,1
3186,0.5302889969501944,570,1
3726,0.5300892796946914,571,1
2247,0.530008671526382,572,1
2624,0.5299955071027577,573,1
2073,0.5298925549684796,574,1
717,0.5298873080821921,575,1
2854,0.5296738891601134,576,1
1145,0.5292859209892637,577,1
1599,0.5290140615821529,578,1
2715,0.5288592641398762,579,1
836,0.5287719582605696,580,1
2545,0.5287719582605696,581,1
45,0.5287719582605696,582,1
2082,0.5285170036729651,583,1
1453,0.5285145203710959,584,1
1727,0.5281621027608231,585,1
1625,0.5279636557540637,586,1
3323,0.5278988151988098,587,1
82,0.5270430644799582,588,1
2199,0.5268336547127149,589,1
1833,0.5265967371967104,590,1
2674,0.5264622054000405,591,1
1130,0.5263957002107302,592,1
3099,0.5259914891657262,593,1
2858,0.5259914891657262,594,1
1152,0.5258722696568904,595,1
2598,0.5245773051456608,596,1
692,0.5245773051456608,597,1
514,0.5245665813795547,598,1
2352,0.5245665813795547,599,1
2076,0.5244922017618837,600,1
1104,0.5243592363623916,601,1
1740,0.5241411784968986,602,1
1406,0.5241411784968986,603,1
2907,0.5241135259779183,604,1
1271,0.5240952535870611,605,1
2091,0.5240952535870611,606,1
1874,0.5240952535870611,607,1
2633,0.5240952535870611,608,1
3016,0.5240952535870611,609,1
3649,0.5240952535870611,610,1
696,0.5240952535870611,611,1
3418,0.5240952535870611,612,1
1022,0.5240952535870611,613,1
1118,0.5240952535870611,614,1
2466,0.5240952535870611,615,1
1070,0.5240952535870611,616,1
3981,0.5240952535870611,617,1
1086,0.5240952535870611,618,1
761,0.5240952535870611,619,1
2372,0.5240952535870611,620,1
2714,0.5240952535870611,621,1
3229,0.5240952535870611,622,1
3154,0.5240952535870611,623,1
1967,0.5238410503049628,624,1
3610,0.5238410503049628,625,1
3415,0.5238410503049628,626,1
2846,0.5237985741648806,627,1
1694,0.5237985741648806,628,1
634,0.5235443564780061,629,1
1445,0.523494319171398,630,1
988,0.523494319171398,631,1
1573,0.523494319171398,632,1
239,0.5233881325901972,633,1
3473,0.5233419570860826,634,1
3292,0.5233419570860826,635,1
489,0.5232049343450306,636,1
3357,0.5227829002245042,637,1
2731,0.52272476992716,638,1
3192,0.52271186490844,639,1
2522,0.52271186490844,640,1
78,0.52271186490844,641,1
342,0.52271186490844,642,1
3330,0.52271186490844,643,1
2974,0.5227040643130169,644,1
1351,0.5225946375319326,645,1
3698,0.5225903227987322,646,1
1793,0.5224151089528426,647,1
1796,0.5223342505162152,648,1
3560,0.5219523429683376,649,1
2436,0.5218256207503504,650,1
14,0.5218256207503504,651,1
1163,0.5215852580236833,652,1
3414,0.5207580082873311,653,1
1613,0.5206626780712666,654,1
1955,0.5206151465911529,655,1
2166,0.520568423438905,656,1
1918,0.520568423438905,657,1
3893,0.5204562057297082,658,1
3526,0.5204549940063574,659,1
2060,0.5204325086894397,660,1
213,0.5203416195725622,661,1
1660,0.5202559897620364,662,1
3529,0.5201450061892707,663,1
1046,0.5201450061892707,664,1
2713,0.5201239476469256,665,1
1193,0.520008300805005,666,1
1121,0.5200043279111015,667,1
1554,0.5200005560825788,668,1
3408,0.5200005560825788,669,1
2639,0.5200005560825788,670,1
2333,0.5200005560825788,671,1
1097,0.519813929871817,672,1
372,0.5197987688068895,673,1
1739,0.5197595055450034,674,1
1524,0.519749941821301,675,1
585,0.5197343627700228,676,1
3834,0.5192396288357889,677,1
1579,0.5192237467315686,678,1
396,0.5192237467315686,679,1
3706,0.5191936533120518,680,1
211,0.5187396154621372,681,1
2220,0.5187396154621372,682,1
3868,0.5187396154621372,683,1
922,0.518586349272652,684,1
1986,0.518404223301465,685,1
627,0.5183956806547338,686,1
789,0.5181686483490554,687,1
2387,0.5179756736624034,688,1
1824,0.5179302188190117,689,1
1292,0.5178666378878208,690,1
399,0.5178666378878208,691,1
1979,0.5177274274144881,692,1
1452,0.517573164904856,693,1
2001,0.5175196751274194,694,1
2704,0.5175196751274194,695,1
3795,0.5174527337766288,696,1
683,0.5174253466374071,697,1
1250,0.5171798914100393,698,1
2659,0.5171724946356192,699,1
2069,0.5167688464231067,700,1
2244,0.5165448595175769,701,1
3370,0.5165448595175769,702,1
425,0.5165448595175769,703,1
601,0.5164339199721636,704,1
459,0.516095484856556,705,1
3424,0.5154664001601209,706,1
1343,0.5151984677558054,707,1
2032,0.5151443690404047,708,1
1657,0.5148224595328029,709,1
3378,0.5148224595328029,710,1
3544,0.5148224595328029,711,1
1631,0.5148224595328029,712,1
1637,0.5148224595328029,713,1
3026,0.5148224595328029,714,1
400,0.5147553193545069,715,1
1919,0.5147553193545069,716,1
1885,0.5146996934719329,717,1
1819,0.5146996934719329,718,1
36,0.5145329532497003,719,1
1039,0.5144002186191247,720,1
877,0.5143994517501067,721,1
3017,0.5143883921535856,722,1
925,0.5143242995105608,723,1
2279,0.5140158014765664,724,1
2261,0.5138783389436676,725,1
347,0.51381507735386,726,1
540,0.5135964826865675,727,1
1288,0.5135083946281427,728,1
3356,0.5132525236269762,729,1
1485,0.5131970554281235,730,1
1523,0.5129501027095135,731,1
3157,0.5128921522165999,732,1
749,0.5128921522165999,733,1
2816,0.5128708376654456,734,1
1715,0.5121738971468918,735,1
3701,0.5121738971468918,736,1
3778,0.5121738971468918,737,1
1735,0.5119565451525132,738,1
2453,0.5119139966501882,739,1
1544,0.5113523349583367,740,1
198,0.5110777305546982,741,1
3920,0.5105273315684944,742,1
3471,0.5104179226862814,743,1
3397,0.5104179226862814,744,1
516,0.5099925298832166,745,1
1303,0.5094787389707162,746,1
3182,0.5093488364424633,747,1
2734,0.5092362605311176,748,1
3262,0.5090832975086079,749,1
2992,0.508942439588916,750,1
2213,0.5079783397730174,751,1
2986,0.5077156326404114,752,1
3690,0.5075687728469974,753,1
1005,0.5073063153485046,754,1
116,0.5070669196234795,755,1
287,0.5068990662847255,756,1
2834,0.5063522766536634,757,1
1898,0.5063522766536634,758,1
28,0.5062367407650842,759,1
3792,0.5059445135986791,760,1
757,0.5059115835905929,761,1
1590,0.5058303808686652,762,1
1861,0.5055260628283632,763,1
3365,0.5053079725953378,764,1
1697,0.5052713037739544,765,1
3531,0.5046170823791017,766,1
3145,0.5046087416958669,767,1
3719,0.5045358033893308,768,1
1083,0.5045178056276255,769,1
3189,0.5044187809655525,770,1
1777,0.5042284770058361,771,1
3504,0.5041822408544001,772,1
2153,0.503823416623476,773,1
3094,0.50370457312221,774,1
3273,0.5036872461963262,775,1
1122,0.5035053036677626,776,1
3579,0.5032801088283737,777,1
1576,0.503137695262112,778,1
1786,0.503137695262112,779,1
1281,0.5031045356568705,780,1
3161,0.5029743051631045,781,1
3057,0.5028522630576465,782,1
3373,0.5027956168048385,783,1
3354,0.502265315428018,784,1
843,0.5018560833698635,785,1
2850,0.5018441355363821,786,1
2591,0.5018177352965075,787,1
2894,0.5017879732579293,788,1
1394,0.5015313307007356,789,1
797,0.501442916909542,790,1
2592,0.501275233130026,791,1
1099,0.5012141383551523,792,1
570,0.5007317463396073,793,1
3937,0.5006855876078685,794,1
1826,0.5005835039219885,795,1
3122,0.5003678408366269,796,1
2267,0.5000590865363866,797,1
1188,0.5000097655903916,798,1
2750,0.5000015170229366,799,1
3624,0.4999714291172812,800,1
3264,0.4992018940019179,801,0
2150,0.49903428612113254,802,0
3704,0.49891681811260585,803,0
1096,0.49891681811260585,804,0
1350,0.49885408279249466,805,0
54,0.49871633201552124,806,0
2682,0.49828151411335114,807,0
1966,0.49828151411335114,808,0
2156,0.49828151411335114,809,0
1980,0.4982634434632563,810,0
426,0.4982634434632563,811,0
3840,0.4981695679181476,812,0
810,0.49813066085020935,813,0
2813,0.49805681175670985,814,0
2317,0.49805681175670985,815,0
480,0.4978405162781844,816,0
964,0.4976467952698355,817,0
575,0.4976400586239044,818,0
2456,0.49748225036526766,819,0
182,0.4970881702013387,820,0
3379,0.4968096536289812,821,0
1234,0.49645413519340065,822,0
2451,0.49618539332071604,823,0
2454,0.49618539332071604,824,0
989,0.49572981061486043,825,0
292,0.4956202571883505,826,0
1583,0.4956202571883505,827,0
3000,0.4953557029198412,828,0
1338,0.4950671227662559,829,0
1959,0.4950442177297606,830,0
391,0.4949467405770387,831,0
2035,0.49494092704988885,832,0
3859,0.4947187978814733,833,0
1446,0.4947185011431128,834,0
1186,0.49468639228304156,835,0
635,0.49458501200965893,836,0
3885,0.49456767567970356,837,0
499,0.49395969164812253,838,0
1790,0.49337854115735186,839,0
2200,0.4933567663750231,840,0
2110,0.49333440537507306,841,0
3250,0.49311341126858654,842,0
3305,0.4928873877978896,843,0
3976,0.4928873877978896,844,0
2009,0.4928873877978896,845,0
1106,0.49277311114296035,846,0
740,0.49261522016814535,847,0
2613,0.4925688580702023,848,0
507,0.4923467424394865,849,0
1277,0.4921093597089102,850,0
1328,0.4919553033858255,851,0
760,0.4919246402068673,852,0
2344,0.4919179336976351,853,0
2486,0.49177886241694774,854,0
460,0.4917741016061944,855,0
282,0.49143541703128824,856,0
2623,0.4913708056104376,857,0
2617,0.49128649470845576,858,0
1603,0.4912852419480227,859,0
144,0.49053782947930563,860,0
349,0.49036297312426863,861,0
2285,0.4901075296842819,862,0
3298,0.4900487304019922,863,0
3923,0.489919291514476,864,0
64,0.4892831982882507,865,0
3986,0.48923427674720993,866,0
2455,0.48853108532992073,867,0
935,0.48850705705568687,868,0
3771,0.48818440947225655,869,0
2477,0.48818440947225655,870,0
2604,0.4879221687335572,871,0
920,0.4878968699031738,872,0
966,0.4878968699031738,873,0
1711,0.4878968699031738,874,0
312,0.4876486255209695,875,0
3056,0.48667597734705054,876,0
1799,0.4861584403143535,877,0
2284,0.4861415765846066,878,0
1717,0.48611126036630337,879,0
3737,0.4858835921161896,880,0
2793,0.4858579194732064,881,0
521,0.4854996068017222,882,0
352,0.4854807717691315,883,0
3641,0.4851228934035379,884,0
3590,0.4850040627996385,885,0
1387,0.48499545823680756,886,0
129,0.48462898902170065,887,0
1331,0.48462898902170065,888,0
318,0.48435870021174693,889,0
2180,0.48435870021174693,890,0
3114,0.48435870021174693,891,0
2733,0.48435870021174693,892,0
1480,0.48435870021174693,893,0
2205,0.48434313754055003,894,0
2385,0.48402863803572743,895,0
1141,0.4839657191048888,896,0
262,0.48382759831391453,897,0
1975,0.48356226442834155,898,0
2677,0.48356226442834155,899,0
2884,0.4833916864663004,900,0
417,0.48317782884953764,901,0
3627,0.48305768480340033,902,0
1699,0.4827328116725564,903,0
719,0.4825203663065432,904,0
3228,0.48224053046513415,905,0
455,0.48219334358678867,906,0
216,0.4818961044860861,907,0
1902,0.4818961044860861,908,0
742,0.4813242406790992,909,0
3034,0.48127475996245,910,0
2106,0.48113879405073806,911,0
1462,0.4811350853061725,912,0
3673,0.48040720103337653,913,0
732,0.48024933002797265,914,0
1928,0.4799423817220244,915,0
2638,0.4799313796384779,916,0
3139,0.479852517217593,917,0
255,0.479852517217593,918,0
3404,0.4798109102027126,919,0
1925,0.47963792515838666,920,0
2634,0.47955300386536037,921,0
2759,0.47928189614575606,922,0
1016,0.478885108344003,923,0
3890,0.478885108344003,924,0
43,0.478885108344003,925,0
1906,0.478885108344003,926,0
3632,0.4787439455775228,927,0
3785,0.47845757372326264,928,0
358,0.47763318853605896,929,0
799,0.4774838377537016,930,0
3927,0.47707657470625775,931,0
1626,0.47651146131859823,932,0
1594,0.47600241750895766,933,0
2435,0.4749572310219123,934,0
60,0.47492715171363087,935,0
3892,0.4748753846851933,936,0
506,0.4747650877960254,937,0
3172,0.4747650877960254,938,0
2465,0.4741965202511273,939,0
1616,0.4739259711996517,940,0
3368,0.47388972265095564,941,0
1991,0.4735827651972853,942,0
1708,0.4734603137713016,943,0
3041,0.4733684984402201,944,0
2471,0.4733684984402201,945,0
2728,0.47325493933772034,946,0
1831,0.4731714664653957,947,0
1900,0.4731714664653957,948,0
2769,0.4731714664653957,949,0
2077,0.47285890419439996,950,0
2162,0.47260383676372997,951,0
180,0.47251134521397425,952,0
1467,0.47251134521397425,953,0
942,0.47251134521397425,954,0
32,0.4723844740768456,955,0
1550,0.4716876862740409,956,0
700,0.4715713737308426,957,0
1127,0.4710584569614112,958,0
1612,0.47079168565742285,959,0
3210,0.4701449551943143,960,0
2012,0.46944726994098046,961,0
2025,0.4692424765330274,962,0
1223,0.4689960939119747,963,0
2181,0.4689960939119747,964,0
1938,0.4689960939119747,965,0
3001,0.4688239169335973,966,0
1890,0.4687616893571311,967,0
879,0.46866731162690217,968,0
419,0.4686146584468677,969,0
3124,0.46857969426450596,970,0
497,0.4684645461099928,971,0
1032,0.4683932134743274,972,0
2868,0.4683932134743274,973,0
847,0.468297307065816,974,0
1227,0.4670923514420781,975,0
3776,0.4670923514420781,976,0
354,0.46683505681968185,977,0
812,0.4667525717128078,978,0
2047,0.46639114248637087,979,0
2574,0.46621415901352004,980,0
1110,0.46618149638764134,981,0
242,0.4661494789737024,982,0
208,0.46612263930281755,983,0
1159,0.46588136381033557,984,0
2864,0.4650249871639649,985,0
2201,0.46499301955311484,986,0
1048,0.46480217653179334,987,0
224,0.46478128268209984,988,0
1224,0.46456010504013856,989,0
2225,0.464099533059515,990,0
2087,0.46405876922188416,991,0
2409,0.4640369205098664,992,0
2939,0.46392694954541175,993,0
1866,0.4638825319873964,994,0
977,0.4638825319873964,995,0
2727,0.4638825319873964,996,0
165,0.4633649546034867,997,0
1809,0.46320853329758493,998,0
3487,0.46320853329758493,999,0
1190,0.46283000013230463,1000,0
2328,0.4628053720317863,1001,0
3416,0.4627521262343006,1002,0
840,0.4622348483496231,1003,0
3860,0.4620706896918205,1004,0
294,0.4620706896918205,1005,0
3756,0.46120688249080616,1006,0
3833,0.45958163639166993,1007,0
562,0.45935769900509876,1008,0
102,0.45923005263747774,1009,0
1120,0.4591488373859036,1010,0
1841,0.4590351396818948,1011,0
3558,0.4589171581095461,1012,0
2122,0.4589171581095461,1013,0
2801,0.4589132109404175,1014,0
271,0.4589082958579685,1015,0
261,0.4587657061278852,1016,0
1668,0.45848768872874485,1017,0
735,0.45848768872874485,1018,0
2661,0.45845375406309397,1019,0
1377,0.45844414902867364,1020,0
324,0.4583135460567913,1021,0
1011,0.45828935084323397,1022,0
2576,0.45827279741289,1023,0
2432,0.45808930359708366,1024,0
667,0.45789205363626867,1025,0
1473,0.457021854803712,1026,0
504,0.4564970759835636,1027,0
801,0.4564970759835636,1028,0
3663,0.45629456127973445,1029,0
94,0.4561198241912573,1030,0
1447,0.45559600470370104,1031,0
2640,0.45534617469249455,1032,0
7,0.45534617469249455,1033,0
963,0.45525392132473164,1034,0
1622,0.4552412990756239,1035,0
3912,0.45470896654263626,1036,0
1397,0.4546791214831613,1037,0
2605,0.4546338327807566,1038,0
1747,0.4543707092553227,1039,0
24,0.45358306807508897,1040,0
471,0.45294566445547446,1041,0
3208,0.4528383598819485,1042,0
3760,0.45276214703346523,1043,0
252,0.4521570097305016,1044,0
3296,0.4517958330692391,1045,0
615,0.4516048025203769,1046,0
1174,0.4514518755052601,1047,0
1958,0.45128701840084817,1048,0
1589,0.4506819297600614,1049,0
3232,0.45043984963473377,1050,0
1910,0.45043686733061883,1051,0
3136,0.4496778633430223,1052,0
311,0.4490357579746723,1053,0
895,0.44814932496729837,1054,0
3085,0.4480455739071515,1055,0
420,0.4479313797995135,1056,0
3910,0.4473707732481857,1057,0
2140,0.44712247399598576,1058,0
658,0.44692220360980744,1059,0
1546,0.44692220360980744,1060,0
3931,0.44684453631558013,1061,0
3996,0.44599114813657603,1062,0
2059,0.44599114813657603,1063,0
2353,0.44599114813657603,1064,0
2699,0.44596883873891835,1065,0
675,0.4459525502373623,1066,0
179,0.4458392993690156,1067,0
3429,0.4454759115499637,1068,0
3137,0.44540882716981567,1069,0
839,0.44520404826983057,1070,0
1333,0.44443080539917335,1071,0
3898,0.4440599396119087,1072,0
1679,0.4423160952587741,1073,0
479,0.442175632482828,1074,0
2238,0.4420978497251494,1075,0
3710,0.44209398579536685,1076,0
1559,0.441975383846069,1077,0
3101,0.441975383846069,1078,0
1044,0.44196847245248116,1079,0
2277,0.44166815784810204,1080,0
41,0.44166815784810204,1081,0
3382,0.44093221713763353,1082,0
1558,0.4408328711541691,1083,0
2929,0.44040530705693004,1084,0
3944,0.4403984483283748,1085,0
310,0.44039099260046366,1086,0
1146,0.4403905961004294,1087,0
214,0.44019284263909547,1088,0
1787,0.43991161314627186,1089,0
1929,0.4393015590426123,1090,0
3108,0.439243283340832,1091,0
3733,0.4390303997485596,1092,0
2293,0.4384923092960191,1093,0
869,0.4384923092960191,1094,0
2840,0.43811107328630716,1095,0
2037,0.43802175440979046,1096,0
1829,0.43802175440979046,1097,0
2684,0.43802175440979046,1098,0
3486,0.43802175440979046,1099,0
1609,0.4378776724668927,1100,0
3384,0.43745620086621556,1101,0
3383,0.43741552146311,1102,0
2571,0.4371730330229211,1103,0
1875,0.43712584501438867,1104,0
3146,0.4370225546461624,1105,0
1191,0.4368895975719273,1106,0
1402,0.43657898049903576,1107,0
2055,0.43656170685737816,1108,0
2341,0.4364759397332185,1109,0
3900,0.43642253523584956,1110,0
3772,0.43597806345581064,1111,0
3153,0.4359253835233026,1112,0
1226,0.43463584495394797,1113,0
93,0.43463584495394797,1114,0
2642,0.43443128769214695,1115,0
972,0.4343843037803429,1116,0
2531,0.4343843037803429,1117,0
1165,0.4342453108352373,1118,0
1256,0.434235393725469,1119,0
1490,0.4338159149703987,1120,0
1533,0.43264734532129956,1121,0
3233,0.4324721849017243,1122,0
3948,0.4323446207210939,1123,0
2263,0.4322687568959427,1124,0
2447,0.4322545760896284,1125,0
703,0.43218863891206966,1126,0
2229,0.4319890423056789,1127,0
1241,0.4316616834004022,1128,0
346,0.4316616834004022,1129,0
1627,0.431476416423113,1130,0
919,0.43126100831349634,1131,0
3420,0.43079128168965897,1132,0
2270,0.4302036404089048,1133,0
2015,0.42986028741975074,1134,0
2912,0.42972539241125673,1135,0
1216,0.42972025793770197,1136,0
3877,0.42972025793770197,1137,0
130,0.42964102032015306,1138,0
3723,0.4295939136720284,1139,0
3533,0.4295338757553709,1140,0
2695,0.42944361937929026,1141,0
2827,0.42944361937929026,1142,0
2148,0.4292904997295378,1143,0
780,0.4289346220861999,1144,0
138,0.4285020290093372,1145,0
1505,0.4278910286222032,1146,0
3602,0.42782584161868664,1147,0
1486,0.4268345209765123,1148,0
2991,0.42677988036915127,1149,0
505,0.426476960020529,1150,0
178,0.4264584764981672,1151,0
3664,0.42645680556536936,1152,0
947,0.4263821984575683,1153,0
501,0.4257664285728487,1154,0
652,0.425626495194929,1155,0
2412,0.4253281440500934,1156,0
685,0.4246260887380457,1157,0
2083,0.4243683499047774,1158,0
1119,0.4240293566347123,1159,0
2506,0.42395811375168146,1160,0
888,0.4238360116677123,1161,0
2105,0.4238360116677123,1162,0
1726,0.4238360116677123,1163,0
1308,0.42356267278964727,1164,0
2203,0.42342515079757176,1165,0
1315,0.42334921815784093,1166,0
474,0.4231920417111616,1167,0
3974,0.4231393319240214,1168,0
308,0.42305939000245574,1169,0
3865,0.4229828861508,1170,0
3265,0.4223416193300358,1171,0
2230,0.4216775117425444,1172,0
618,0.4215402213885478,1173,0
2038,0.4208903391062417,1174,0
995,0.4208903391062417,1175,0
3297,0.42069139443795384,1176,0
3597,0.4205518121025163,1177,0
2700,0.42039912283846825,1178,0
2863,0.42001815175046514,1179,0
564,0.4199757514525212,1180,0
2878,0.41928574486021,1181,0
484,0.41926865751069015,1182,0
2737,0.4191747964544005,1183,0
1098,0.41907080267205415,1184,0
3317,0.4184329422738317,1185,0
22,0.4180599955053719,1186,0
1279,0.41803687040415266,1187,0
3450,0.4178961409986264,1188,0
2968,0.4177810862416601,1189,0
1053,0.4177810862416601,1190,0
3933,0.41764333408567467,1191,0
1968,0.4173583031707412,1192,0
961,0.41727286593330715,1193,0
1666,0.4172208826033094,1194,0
2354,0.4171581673827197,1195,0
3147,0.4168614963269228,1196,0
2368,0.4165822966998146,1197,0
3595,0.4162836364214057,1198,0
1702,0.41610682335529003,1199,0
2264,0.4158551578651148,1200,0
2938,0.4158540805259815,1201,0
3652,0.4158291489302797,1202,0
422,0.4158291489302797,1203,0
2988,0.4157673124229603,1204,0
1851,0.4157673124229603,1205,0
3570,0.4157673124229603,1206,0
3018,0.4156752152424182,1207,0
3939,0.41562655520018993,1208,0
1895,0.4152753830052892,1209,0
1465,0.41512879860739293,1210,0
3909,0.4150227189785116,1211,0
410,0.41466332706092285,1212,0
1076,0.414552644571318,1213,0
723,0.4142402228382172,1214,0
3281,0.4142215668546848,1215,0
733,0.41409590435761523,1216,0
1725,0.4137385356020452,1217,0
1280,0.41281347015623393,1218,0
2780,0.4124663870191306,1219,0
2692,0.4122880959530761,1220,0
1004,0.4121592181683776,1221,0
1676,0.411866870983802,1222,0
978,0.4118083385912781,1223,0
3686,0.41139149973107364,1224,0
2523,0.4109084006295475,1225,0
632,0.41053963105280433,1226,0
2171,0.41042953420446837,1227,0
51,0.41042953420446837,1228,0
1638,0.40992880231708057,1229,0
813,0.40972710090099845,1230,0
3460,0.409319175197743,1231,0
835,0.4089800528192468,1232,0
2847,0.4089800528192468,1233,0
3995,0.4089800528192468,1234,0
3521,0.4089800528192468,1235,0
3436,0.40883598200801985,1236,0
190,0.40869540727755627,1237,0
435,0.408662753738795,1238,0
10,0.40843746314121376,1239,0
3119,0.4083349792664799,1240,0
565,0.4079277332197686,1241,0
863,0.4079261887319901,1242,0
2330,0.40787498363039704,1243,0
771,0.4076693619153033,1244,0
3359,0.407433562353352,1245,0
2716,0.40736620686978137,1246,0
2426,0.4071271626689185,1247,0
2206,0.40686984301774043,1248,0
1604,0.40683872567337603,1249,0
2441,0.40683872567337603,1250,0
984,0.40683461491051315,1251,0
1591,0.40676852784628176,1252,0
329,0.40650601627739885,1253,0
1514,0.40624402788163116,1254,0
1672,0.4060077296941153,1255,0
105,0.4054822771192087,1256,0
903,0.4054141784615311,1257,0
2560,0.4053316478767436,1258,0
956,0.4050547607281671,1259,0
1834,0.40402535370427506,1260,0
1131,0.4036456577615398,1261,0
1647,0.4028676069158598,1262,0
1850,0.4023698129368406,1263,0
3377,0.4020685061840876,1264,0
3722,0.40151257480923885,1265,0
1169,0.40151257480923885,1266,0
3422,0.40151257480923885,1267,0
1475,0.4009558809318432,1268,0
867,0.4007433548954622,1269,0
2347,0.40047041222638324,1270,0
582,0.40029801707898155,1271,0
283,0.4001143220985774,1272,0
1023,0.3996959006679239,1273,0
1845,0.3995780449958559,1274,0
659,0.39956748866972375,1275,0
3425,0.3993503009443686,1276,0
3803,0.3989343812992339,1277,0
1222,0.3989343812992339,1278,0
3255,0.3988277767729029,1279,0
2098,0.3988277767729029,1280,0
2281,0.39872251694186994,1281,0
1858,0.3986901642705372,1282,0
1198,0.39868908071786013,1283,0
1457,0.39842407732951995,1284,0
2917,0.3974590305822286,1285,0
1730,0.3968160141930869,1286,0
1852,0.3963978402849659,1287,0
2040,0.3962825984629076,1288,0
2312,0.39606150515944744,1289,0
2953,0.3959494595398795,1290,0
892,0.39584517707781003,1291,0
874,0.39575598022340325,1292,0
3223,0.3956780893624649,1293,0
1395,0.3956108523528142,1294,0
3545,0.3955866218375646,1295,0
2954,0.3955866218375646,1296,0
2137,0.3955866218375646,1297,0
3522,0.3955866218375646,1298,0
825,0.3955001097754411,1299,0
3193,0.39533475992880424,1300,0
2995,0.395011728343754,1301,0
3316,0.395001269036524,1302,0
3577,0.39476799287523046,1303,0
2503,0.3943930847617894,1304,0
3442,0.3943381446811373,1305,0
3466,0.3940814238175504,1306,0
1320,0.3940275534476739,1307,0
1701,0.39385624305195305,1308,0
76,0.393445155457764,1309,0
387,0.3931841625246909,1310,0
3689,0.3926300794443836,1311,0
2424,0.3923851945264791,1312,0
3668,0.39192160984227775,1313,0
1479,0.39187341685679483,1314,0
975,0.3917095107893644,1315,0
2805,0.3917095107893644,1316,0
149,0.3915700073691359,1317,0
3109,0.3914634337408079,1318,0
3287,0.39114942492236154,1319,0
3628,0.3910593283078728,1320,0
3566,0.3910195539640076,1321,0
1482,0.3910195539640076,1322,0
2452,0.39085060384979564,1323,0
3334,0.39075648602452906,1324,0
1376,0.39071345550739023,1325,0
2741,0.39070552607407333,1326,0
3459,0.39030416176692795,1327,0
2543,0.39023311396769267,1328,0
2112,0.39022376314951407,1329,0
401,0.39022376314951407,1330,0
2276,0.39000988834996614,1331,0
3195,0.3896822859106237,1332,0
1137,0.38914712805385687,1333,0
2057,0.3889095945704789,1334,0
1619,0.38887081719885885,1335,0
2337,0.3884403104620318,1336,0
2580,0.3881997867997122,1337,0
1375,0.387170991335175,1338,0
1878,0.38708738628638445,1339,0
2212,0.3865035846390834,1340,0
2852,0.3865035846390834,1341,0
1856,0.386307592313655,1342,0
50,0.3861529183478643,1343,0
929,0.3858955585355786,1344,0
2611,0.3857453815515021,1345,0
1933,0.3856468231962888,1346,0
1028,0.3853430911341795,1347,0
2664,0.38531914604081435,1348,0
2231,0.38529146614998067,1349,0
1258,0.38454687388823994,1350,0
273,0.38446437372395786,1351,0
107,0.3840635223616874,1352,0
2379,0.38386195225766045,1353,0
2831,0.3837321954518831,1354,0
3897,0.3834844070347503,1355,0
770,0.3829591257449446,1356,0
3216,0.38290480182206404,1357,0
1527,0.38250247155312495,1358,0
2601,0.38250247155312495,1359,0
1760,0.381821031096338,1360,0
3362,0.38168725477134174,1361,0
3112,0.381642450691464,1362,0
3999,0.3802654127108147,1363,0
2557,0.3801230362199197,1364,0
1238,0.38002149074336494,1365,0
2097,0.37969344565570645,1366,0
3326,0.3789193221435333,1367,0
3183,0.37890225476265565,1368,0
3765,0.37890225476265565,1369,0
837,0.37890225476265565,1370,0
3993,0.3783088806631917,1371,0
1181,0.3783088806631917,1372,0
3295,0.3783088806631917,1373,0
153,0.37791922469370903,1374,0
1685,0.3778027417993692,1375,0
2207,0.37774451083549926,1376,0
3966,0.3776791332518685,1377,0
1257,0.37742792651997176,1378,0
2842,0.3769499407108603,1379,0
3959,0.3764420528082661,1380,0
1719,0.3764420528082661,1381,0
2521,0.3764420528082661,1382,0
3525,0.3764420528082661,1383,0
3587,0.37641590819332027,1384,0
1335,0.37614819466703076,1385,0
2407,0.3754713810127753,1386,0
3126,0.37454643884847855,1387,0
2401,0.37454643884847855,1388,0
1555,0.3745056121826836,1389,0
2224,0.3744555034285999,1390,0
2824,0.3743460074289004,1391,0
2366,0.37407692707027534,1392,0
2134,0.3740734812723364,1393,0
1993,0.37385336562905386,1394,0
3779,0.3737062694054704,1395,0
2104,0.3736826934195958,1396,0
607,0.3734034771663698,1397,0
2039,0.3731920935936363,1398,0
3475,0.3731920935936363,1399,0
1270,0.37265459540275037,1400,0
808,0.372532601561976,1401,0
2785,0.3725150695579726,1402,0
1329,0.3723788254046221,1403,0
1196,0.372364967544189,1404,0
827,0.3721291948987194,1405,0
590,0.37200204315584967,1406,0
894,0.37124713327856557,1407,0
3002,0.37098735127398597,1408,0
2532,0.3706843198165707,1409,0
3402,0.37055382303210743,1410,0
851,0.37046793238317116,1411,0
421,0.37046793238317116,1412,0
3050,0.3701659235703934,1413,0
2754,0.3696960357923651,1414,0
3913,0.36961397693629966,1415,0
482,0.36949317460656567,1416,0
1513,0.369382080998671,1417,0
694,0.36933425363423716,1418,0
1494,0.3691261442679937,1419,0
3569,0.368965553346952,1420,0
3857,0.368965553346952,1421,0
3201,0.36860450592572297,1422,0
1623,0.36775215596205457,1423,0
1774,0.36775215596205457,1424,0
3217,0.3674168600860227,1425,0
655,0.36727209152797324,1426,0
1899,0.3671293370593061,1427,0
1681,0.36680992971648385,1428,0
1236,0.36678491382573625,1429,0
1103,0.3667629171018594,1430,0
790,0.366417631221341,1431,0
3881,0.3663881737024555,1432,0
2158,0.36603612454519424,1433,0
2268,0.36602264116221217,1434,0
883,0.3658113022449743,1435,0
2306,0.3649897526357585,1436,0
1827,0.3649534243007247,1437,0
1541,0.36424191619989316,1438,0
2569,0.3640773284853827,1439,0
1469,0.3638102530300954,1440,0
841,0.363577328914869,1441,0
1648,0.36356361053957775,1442,0
1052,0.36356361053957775,1443,0
3670,0.3634456838491126,1444,0
560,0.36331981262522334,1445,0
1412,0.36309724250510267,1446,0
2555,0.3629795421819357,1447,0
1182,0.36270778108937013,1448,0
1737,0.36270778108937013,1449,0
2242,0.36238475326004166,1450,0
3266,0.36222796634386467,1451,0
3100,0.3620699147713703,1452,0
999,0.3620699147713703,1453,0
2902,0.3618525689406075,1454,0
1128,0.36141417546447724,1455,0
202,0.36133648497264464,1456,0
2916,0.3607718970780024,1457,0
2819,0.3606961009872724,1458,0
1194,0.3597961532609457,1459,0
2289,0.35973024023252703,1460,0
2539,0.3595921944517073,1461,0
2006,0.3595141392934757,1462,0
3813,0.35888863652154523,1463,0
1422,0.35843554719697185,1464,0
3130,0.3579283915185115,1465,0
1062,0.35773626538347597,1466,0
1944,0.35773626538347597,1467,0
1751,0.3571236146158122,1468,0
2976,0.3570414153469012,1469,0
549,0.3561386826626513,1470,0
3835,0.35604695682638976,1471,0
1265,0.3558752356909112,1472,0
215,0.3553912765859003,1473,0
3806,0.35495727770596325,1474,0
2094,0.35464028983103535,1475,0
2892,0.35455483039873,1476,0
2167,0.35397407562131766,1477,0
390,0.35377505524168934,1478,0
1860,0.35377505524168934,1479,0
2809,0.35377505524168934,1480,0
3568,0.35366483881290434,1481,0
345,0.3534575884763644,1482,0
3361,0.3534251448303417,1483,0
13,0.3528519857438083,1484,0
3452,0.3525670027872757,1485,0
265,0.3521351098808855,1486,0
1229,0.35194865175431433,1487,0
1592,0.3518778387996129,1488,0
908,0.3516729111718814,1489,0
236,0.35147675093269654,1490,0
3715,0.35147675093269654,1491,0
2178,0.3508489662298834,1492,0
3620,0.35065142020533896,1493,0
2792,0.35065142020533896,1494,0
3005,0.35052044915504277,1495,0
2747,0.34980969434848225,1496,0
3589,0.3491723722001565,1497,0
2434,0.34889467277634506,1498,0
2197,0.34889467277634506,1499,0
928,0.34882981096730964,1500,0
1255,0.3488203995722288,1501,0
371,0.34876402330453476,1502,0
3248,0.3487077834112177,1503,0
3901,0.34864987849496315,1504,0
3904,0.34864987849496315,1505,0
139,0.34841256854325153,1506,0
3867,0.3484061513622695,1507,0
616,0.3468235686636982,1508,0
862,0.34677426406520395,1509,0
1759,0.3466096790631376,1510,0
2752,0.34658371910048197,1511,0
3399,0.3459917707229263,1512,0
388,0.3459715468944651,1513,0
726,0.3458986009774355,1514,0
3463,0.3458986009774355,1515,0
679,0.345686548634692,1516,0
3990,0.3456738930022325,1517,0
3121,0.3448855804505727,1518,0
2579,0.3443865235814267,1519,0
1989,0.3443762036981422,1520,0
316,0.3441866978014563,1521,0
2114,0.3441315948335028,1522,0
1628,0.343995451891149,1523,0
173,0.34347234873165716,1524,0
1932,0.34253101000242747,1525,0
3366,0.3422183912633896,1526,0
2146,0.34200675720356855,1527,0
1068,0.341926842727988,1528,0
2102,0.3415649719935114,1529,0
46,0.34093308681301915,1530,0
2586,0.3402756705007673,1531,0
469,0.3402701432545566,1532,0
3061,0.34016982230408044,1533,0
191,0.34001669110683924,1534,0
2857,0.3396045839287981,1535,0
3646,0.3393742929102841,1536,0
1884,0.3393742929102841,1537,0
3571,0.3390383171985656,1538,0
2496,0.3390383171985656,1539,0
3963,0.33884486846584816,1540,0
728,0.3381889164087485,1541,0
1431,0.33817093126713804,1542,0
2706,0.33817093126713804,1543,0
1529,0.33817093126713804,1544,0
3438,0.33817093126713804,1545,0
1133,0.33817093126713804,1546,0
3743,0.33817093126713804,1547,0
2989,0.33817093126713804,1548,0
1177,0.33804859924759467,1549,0
1810,0.33797655729853693,1550,0
882,0.3378508418432493,1551,0
3496,0.3378508418432493,1552,0
2573,0.3378508418432493,1553,0
1240,0.33749043267235374,1554,0
351,0.33731678816026206,1555,0
1645,0.33731678816026206,1556,0
188,0.33731565321690227,1557,0
1356,0.3370266316606511,1558,0
721,0.3370059852820936,1559,0
1403,0.33688500869578303,1560,0
3443,0.3367449103096391,1561,0
3874,0.3365326050622969,1562,0
1166,0.3359231600737894,1563,0
2599,0.33516651055414215,1564,0
2138,0.3349611029361617,1565,0
1516,0.33491305224996104,1566,0
1208,0.3347952494389161,1567,0
3528,0.33461708366802384,1568,0
3202,0.3340876063292691,1569,0
1018,0.3339337860962155,1570,0
1138,0.33378605669271627,1571,0
1992,0.33362982671708596,1572,0
3074,0.33320564402668196,1573,0
1024,0.3324259867379294,1574,0
3940,0.3319815900610481,1575,0
608,0.33160061583634864,1576,0
3514,0.33156739619381204,1577,0
1443,0.3314735071735387,1578,0
970,0.33122390760834786,1579,0
2027,0.33109393586377106,1580,0
1158,0.33107234229050153,1581,0
1940,0.33103484713991044,1582,0
3479,0.3306521226057086,1583,0
528,0.33030452117867337,1584,0
2030,0.33029946674630495,1585,0
1761,0.3296828350126076,1586,0
1456,0.3279867031961121,1587,0
3096,0.3278860132602444,1588,0
2524,0.32773174724155757,1589,0
3340,0.3271652612838913,1590,0
2482,0.3268897441334026,1591,0
2243,0.3266755497923492,1592,0
612,0.3265392756485663,1593,0
1203,0.3262696503858546,1594,0
2329,0.32572441810513625,1595,0
1140,0.32563014503178095,1596,0
2585,0.32530897911614665,1597,0
1205,0.3250128552254762,1598,0
1520,0.32493526663324995,1599,0
2061,0.32473339258958756,1600,0
529,0.3245197880160978,1601,0
2686,0.3243608837271308,1602,0
3086,0.3240887450895778,1603,0
583,0.32370835289917443,1604,0
3338,0.3235679271071457,1605,0
3873,0.3234250498719711,1606,0
3272,0.32334984622195734,1607,0
30,0.3232902539413316,1608,0
3196,0.3226627881781515,1609,0
2603,0.3224426873877294,1610,0
681,0.3222482476286222,1611,0
1013,0.3221342913163913,1612,0
2651,0.3221342913163913,1613,0
1180,0.32211384740453325,1614,0
1009,0.32167109818937895,1615,0
2740,0.32166069023046784,1616,0
3175,0.3216193145249048,1617,0
2445,0.3215501941122938,1618,0
2779,0.3215328275480349,1619,0
2981,0.3215328275480349,1620,0
2709,0.32089119749018885,1621,0
2365,0.3206566467313053,1622,0
2760,0.3201326644040492,1623,0
3097,0.32006196388484576,1624,0
1887,0.3197416151329097,1625,0
3346,0.3196380463555361,1626,0
3472,0.31960598294305925,1627,0
2000,0.31960598294305925,1628,0
1630,0.3192188612186165,1629,0
4,0.31907837570298203,1630,0
899,0.3188328463122491,1631,0
192,0.3187429047064972,1632,0
823,0.31769795591437844,1633,0
81,0.3172402715576571,1634,0
1451,0.31715269016435316,1635,0
2294,0.3169334928491269,1636,0
924,0.3168579065907237,1637,0
337,0.31657721305670916,1638,0
2440,0.3161385953571373,1639,0
715,0.3159900123049722,1640,0
1132,0.3158793041466609,1641,0
2053,0.31574424418927494,1642,0
3508,0.3153025081004662,1643,0
3352,0.31502909922777916,1644,0
2514,0.3147222577849135,1645,0
1069,0.31430746700346807,1646,0
1124,0.31411227944843767,1647,0
1417,0.31403741597626217,1648,0
406,0.3138432081091813,1649,0
1408,0.3134941655549068,1650,0
3187,0.3134941655549068,1651,0
3135,0.3134672968154121,1652,0
2193,0.3133924606689456,1653,0
3318,0.3132983279772139,1654,0
1143,0.3128732185138537,1655,0
1438,0.3127823536252994,1656,0
1020,0.31221450021940217,1657,0
1404,0.3120560626547251,1658,0
456,0.3120257485869313,1659,0
338,0.31181261456980813,1660,0
2609,0.311794891031189,1661,0
413,0.3115981597718591,1662,0
1071,0.3115222409617584,1663,0
1286,0.31141723252235554,1664,0
243,0.31116487226614126,1665,0
3230,0.3111322093594066,1666,0
492,0.3109862004815177,1667,0
3800,0.310722423600522,1668,0
2575,0.3106906344807957,1669,0
2790,0.3103492993885998,1670,0
1478,0.31034485471811535,1671,0
1454,0.31024010025999366,1672,0
690,0.309894752391589,1673,0
87,0.309894752391589,1674,0
2698,0.3097398740631193,1675,0
3079,0.30899015732340845,1676,0
1472,0.30867764815829746,1677,0
1477,0.3085077646864949,1678,0
2290,0.30841048495108825,1679,0
2683,0.3084098921780324,1680,0
2080,0.30836013587593847,1681,0
83,0.30813257805760425,1682,0
1624,0.3079436609591493,1683,0
1322,0.30793729633036454,1684,0
2370,0.30793729633036454,1685,0
3532,0.3077199902924302,1686,0
3787,0.30769004677826084,1687,0
2346,0.30749662610472417,1688,0
2375,0.3064750679268898,1689,0
3749,0.30623391998716104,1690,0
1580,0.3060872142336701,1691,0
1617,0.3054533313451655,1692,0
3639,0.30523170927364135,1693,0
2374,0.3049190100132122,1694,0
415,0.30482242527907466,1695,0
3106,0.30414059529227183,1696,0
3507,0.3041304809242665,1697,0
1780,0.3038188058953425,1698,0
708,0.3037330387155602,1699,0
846,0.30343206322462274,1700,0
1517,0.3033871301627979,1701,0
552,0.3033405332146754,1702,0
2483,0.3031543022849676,1703,0
2535,0.3022858940505507,1704,0
2381,0.30227114799174165,1705,0
2419,0.30220201980557393,1706,0
2504,0.3020318127332155,1707,0
2266,0.30178215087216753,1708,0
668,0.3016950727096414,1709,0
3941,0.30142598340301463,1710,0
2530,0.301369506631149,1711,0
3949,0.3007714387107863,1712,0
1197,0.3007714387107863,1713,0
850,0.3005578217878242,1714,0
3685,0.3004406544224957,1715,0
3985,0.3003459088048698,1716,0
1105,0.30034523086298204,1717,0
2765,0.3001975710350372,1718,0
3849,0.3001554151103086,1719,0
1427,0.30013805937691884,1720,0
348,0.30007721661967207,1721,0
296,0.29961338754730465,1722,0
1491,0.2994506293082262,1723,0
611,0.2992926424814246,1724,0
695,0.2992682774171555,1725,0
3748,0.2992682774171555,1726,0
2963,0.29919061421055065,1727,0
724,0.29919061421055065,1728,0
2421,0.2991780299300261,1729,0
2239,0.29874074602716144,1730,0
2185,0.29865159833146804,1731,0
148,0.29864926302272965,1732,0
3403,0.29817625627330346,1733,0
773,0.2975394784494426,1734,0
3277,0.29746294922144007,1735,0
260,0.2973689111260334,1736,0
3381,0.2972066511076503,1737,0
678,0.2972066511076503,1738,0
359,0.2972066511076503,1739,0
1800,0.2971766188951167,1740,0
2222,0.2967760357371625,1741,0
2491,0.29674930167746033,1742,0
2553,0.2966642765988306,1743,0
1783,0.29614888688205876,1744,0
880,0.2959746561400161,1745,0
2084,0.29589380115643016,1746,0
974,0.29522622035623614,1747,0
559,0.2950401216352458,1748,0
916,0.2949380315260961,1749,0
1363,0.2946307785211316,1750,0
2812,0.29408828012740656,1751,0
1365,0.29397247239494884,1752,0
1868,0.2938786727279204,1753,0
2204,0.2936691879004009,1754,0
3179,0.2931453565687616,1755,0
334,0.2931453565687616,1756,0
1812,0.2929510801566846,1757,0
897,0.29291371395647775,1758,0
2984,0.29290614089362743,1759,0
1285,0.29290614089362743,1760,0
3089,0.29280297300608843,1761,0
3241,0.29227847615288466,1762,0
1882,0.29219755687373483,1763,0
1965,0.29216401279502374,1764,0
430,0.2921533665411768,1765,0
1771,0.29138140578427724,1766,0
513,0.290805478599111,1767,0
118,0.29075842687843084,1768,0
3935,0.29075842687843084,1769,0
335,0.29043263032042355,1770,0
3197,0.29009998850897645,1771,0
2811,0.28989471498143576,1772,0
1116,0.2897572015228636,1773,0
3675,0.2896856138012096,1774,0
3788,0.2896856138012096,1775,0
154,0.28941033134524335,1776,0
2476,0.28941033134524335,1777,0
361,0.28927787079222395,1778,0
275,0.2889960192032377,1779,0
3623,0.2889960192032377,1780,0
2115,0.2881994386135145,1781,0
2508,0.28777846995711104,1782,0
833,0.2873636082797536,1783,0
158,0.2873636082797536,1784,0
1883,0.28734559495541284,1785,0
2308,0.28700237971984077,1786,0
1361,0.2869765638842816,1787,0
1201,0.2864264401769684,1788,0
3563,0.28609957499425237,1789,0
517,0.286022239032205,1790,0
907,0.285417051755844,1791,0
3104,0.2852445010930547,1792,0
3059,0.28507399684903073,1793,0
3324,0.2850489092922847,1794,0
3181,0.2850435261551025,1795,0
80,0.28484909673613196,1796,0
488,0.28349521680580814,1797,0
2323,0.2824161157165161,1798,0
1027,0.2823004073305993,1799,0
3075,0.2821104182545984,1800,0
1870,0.28207517021503475,1801,0
503,0.28199338077415076,1802,0
1838,0.2819711836542127,1803,0
2965,0.28158356294990533,1804,0
3709,0.2813379560379729,1805,0
3989,0.28115649525294434,1806,0
2302,0.28057886797818976,1807,0
788,0.28056305250603963,1808,0
3155,0.2799306749029767,1809,0
3331,0.2799027831845171,1810,0
1398,0.27975054006506966,1811,0
2742,0.2793458555036439,1812,0
1380,0.2792923819739559,1813,0
1746,0.27922875226082766,1814,0
1142,0.2791716485101236,1815,0
23,0.27885590501716945,1816,0
448,0.2788198926863597,1817,0
748,0.2787163359260972,1818,0
1806,0.27832594693274726,1819,0
3280,0.27741470470490526,1820,0
1079,0.2773654678639577,1821,0
4000,0.2772139855962264,1822,0
3651,0.27694139331728473,1823,0
3607,0.2765612355192718,1824,0
1618,0.27630544728334233,1825,0
3732,0.2762989404627245,1826,0
1091,0.27610872602300607,1827,0
3437,0.2759328204670257,1828,0
3047,0.27590584014842584,1829,0
3411,0.2759008009382987,1830,0
671,0.27558714729547673,1831,0
3319,0.27543327572575194,1832,0
591,0.2752338505444358,1833,0
1755,0.2750135372558881,1834,0
1383,0.2744993068174113,1835,0
699,0.27449567496050586,1836,0
3257,0.27449567496050586,1837,0
938,0.27436005931632496,1838,0
75,0.27392898331060117,1839,0
1782,0.27392237600668834,1840,0
563,0.27361301407322575,1841,0
2273,0.2736027370745803,1842,0
383,0.27337700510086527,1843,0
1017,0.27337570573053743,1844,0
805,0.2732515124935089,1845,0
2546,0.273106388772999,1846,0
3035,0.27300325655967417,1847,0
3224,0.27297820281053387,1848,0
3080,0.27291968600953637,1849,0
2448,0.27287788903737076,1850,0
408,0.2728483274246552,1851,0
302,0.2728441659176355,1852,0
1150,0.272146630553102,1853,0
2632,0.272146630553102,1854,0
1946,0.2708602796214376,1855,0
1788,0.27064334557501435,1856,0
3117,0.27019068262770324,1857,0
2170,0.2698519958295301,1858,0
2144,0.26974634429160865,1859,0
1765,0.2697000255750949,1860,0
2221,0.2691289616423192,1861,0
2908,0.2689343372428785,1862,0
3842,0.2689084850942265,1863,0
1466,0.26876931585858704,1864,0
3007,0.26874825753576304,1865,0
3582,0.2682889403860148,1866,0
3774,0.26824967692903384,1867,0
3764,0.26806868905830217,1868,0
959,0.2680381542512882,1869,0
1072,0.26799936763304444,1870,0
3421,0.2678880002283055,1871,0
3206,0.26781300400744373,1872,0
2994,0.26760437215557453,1873,0
1030,0.2675153661377644,1874,0
2427,0.2675067459961377,1875,0
3542,0.26743116019223045,1876,0
2883,0.2671970214598804,1877,0
1693,0.2668829595161346,1878,0
589,0.2668829595161346,1879,0
1154,0.26675054270827064,1880,0
207,0.26662350754562264,1881,0
1123,0.2656075835254907,1882,0
765,0.26506118229242315,1883,0
2377,0.26471458572552886,1884,0
901,0.26471458572552886,1885,0
2361,0.26471458572552886,1886,0
944,0.2640639502465212,1887,0
3048,0.26316610019511993,1888,0
332,0.26297323597933875,1889,0
1337,0.2628966051380199,1890,0
2943,0.26243419769028625,1891,0
3244,0.26243419769028625,1892,0
954,0.26243419769028625,1893,0
2125,0.26236759677252375,1894,0
2304,0.26235587486285283,1895,0
967,0.2620992590016473,1896,0
702,0.2620899015468618,1897,0
751,0.26203689278083936,1898,0
491,0.2619056479778113,1899,0
1839,0.2617506135017392,1900,0
1762,0.2614636068286545,1901,0
2820,0.2613921462206206,1902,0
3908,0.2613724713952471,1903,0
3070,0.26131205290833287,1904,0
1813,0.2607028621356053,1905,0
3934,0.26002602245497175,1906,0
1050,0.25992356084842116,1907,0
3633,0.25992356084842116,1908,0
890,0.25969908512358864,1909,0
905,0.2596794362903199,1910,0
1769,0.2595278714167309,1911,0
2251,0.25897782615724146,1912,0
3360,0.25895358764350723,1913,0
395,0.2588419578079697,1914,0
3537,0.25860537282541746,1915,0
3448,0.25845707037355387,1916,0
3010,0.2583577328657909,1917,0
3455,0.2583577328657909,1918,0
2782,0.2583577328657909,1919,0
3567,0.2583158287757035,1920,0
705,0.2583158287757035,1921,0
2049,0.2582692227800427,1922,0
2602,0.258264507890756,1923,0
3350,0.25817615973993663,1924,0
298,0.2581432293757208,1925,0
3511,0.25813896562958477,1926,0
951,0.25810256726330044,1927,0
509,0.25793431343372336,1928,0
2787,0.2578087431919745,1929,0
3619,0.2578074738177464,1930,0
766,0.25772915793995504,1931,0
3629,0.2570628874144555,1932,0
3634,0.2570263895286655,1933,0
3021,0.257016064435015,1934,0
2257,0.2570092333125091,1935,0
2891,0.2568595328362589,1936,0
1956,0.25683841865786494,1937,0
117,0.25683841865786494,1938,0
246,0.25683841865786494,1939,0
3716,0.25683841865786494,1940,0
233,0.25683841865786494,1941,0
2315,0.25683841865786494,1942,0
1557,0.25669851380761755,1943,0
3861,0.2566826685385796,1944,0
1134,0.25655705741240803,1945,0
2665,0.2561769286166914,1946,0
3775,0.25587001661676456,1947,0
973,0.2556483400146956,1948,0
1301,0.25554488658558033,1949,0
3741,0.25547484265652387,1950,0
450,0.2553508435458811,1951,0
1588,0.25528942987908937,1952,0
588,0.25511969426538417,1953,0
3103,0.2546637513812971,1954,0
979,0.2545026821377076,1955,0
66,0.254037014240183,1956,0
3799,0.2539700842393057,1957,0
3495,0.2538809148187462,1958,0
146,0.2538809148187462,1959,0
651,0.2533508855160797,1960,0
2763,0.2528307101175229,1961,0
2538,0.25223414330777827,1962,0
3313,0.251878679621558,1963,0
508,0.25162318928244304,1964,0
1682,0.25162194392346926,1965,0
1798,0.2515393138436019,1966,0
3950,0.25138568313530374,1967,0
2973,0.2513443658935918,1968,0
2778,0.2511016317066918,1969,0
1038,0.2510666870601801,1970,0
2405,0.2509873526880709,1971,0
156,0.2508810421179269,1972,0
2088,0.2508810421179269,1973,0
1287,0.2507764013617631,1974,0
3583,0.25073044587157267,1975,0
2262,0.250269191313976,1976,0
2272,0.25011950179890474,1977,0
1298,0.24975247200024622,1978,0
1763,0.24935016456453818,1979,0
3679,0.24934834772960693,1980,0
3994,0.24930394426725858,1981,0
2202,0.24891991652606404,1982,0
445,0.24833383929902164,1983,0
763,0.2481183550549295,1984,0
1080,0.24808340637053994,1985,0
1768,0.2479989761297816,1986,0
3142,0.2479493399792211,1987,0
3968,0.24786948042603318,1988,0
688,0.24763423028863982,1989,0
1936,0.24750019513886137,1990,0
366,0.2474771378827271,1991,0
407,0.2473980953898157,1992,0
3556,0.2473102358361383,1993,0
1602,0.24683437253930085,1994,0
3185,0.24683437253930085,1995,0
889,0.24674040210717554,1996,0
1318,0.24667000452949456,1997,0
2420,0.24639476087612613,1998,0
1251,0.24623374959603095,1999,0
1886,0.24608116831016683,2000,0
269,0.24585550456371194,2001,0
2970,0.2457405314134238,2002,0
1498,0.24542425090128459,2003,0
3509,0.24539371888923847,2004,0
3470,0.2452307908101835,2005,0
468,0.2450455495562322,2006,0
2176,0.24457850599579636,2007,0
577,0.24425985965949737,2008,0
1572,0.24407632603715937,2009,0
1677,0.24406839497189703,2010,0
804,0.2440356024687167,2011,0
1750,0.2440296681093615,2012,0
1568,0.243907941724473,2013,0
3672,0.24370236487366168,2014,0
3031,0.24363683955236334,2015,0
1808,0.24350628904978677,2016,0
1864,0.24341210750957826,2017,0
1206,0.24315398395802365,2018,0
1745,0.24262051436003623,2019,0
2065,0.2423280260441288,2020,0
1063,0.24224037093687426,2021,0
2461,0.2420900557650639,2022,0
1960,0.2420469750179124,2023,0
2644,0.2420469750179124,2024,0
873,0.2418794037645281,2025,0
1319,0.24160467058386761,2026,0
3372,0.24141724817501023,2027,0
462,0.24125880414506432,2028,0
3657,0.24067272663029912,2029,0
181,0.24067272663029912,2030,0
3718,0.2406268130423917,2031,0
3888,0.23995772602599838,2032,0
1481,0.23984648205377457,2033,0
738,0.2398380300503049,2034,0
1994,0.23968571242968306,2035,0
2744,0.23910422791841063,2036,0
3480,0.23882939202203174,2037,0
2810,0.23881571295855336,2038,0
2906,0.2385284239508155,2039,0
1260,0.2379280751005194,2040,0
3410,0.2378973008017277,2041,0
2947,0.2378973008017277,2042,0
3626,0.2375684804306161,2043,0
1179,0.2375684804306161,2044,0
218,0.23738658078734312,2045,0
1894,0.23738658078734312,2046,0
2625,0.23727189846121677,2047,0
1512,0.23708310814111552,2048,0
1267,0.2367507742757721,2049,0
3435,0.23668288728421574,2050,0
31,0.23668288728421574,2051,0
3681,0.23668288728421574,2052,0
1560,0.23668288728421574,2053,0
3110,0.23668232216923588,2054,0
212,0.23667104470660325,2055,0
204,0.23661902736704704,2056,0
1276,0.2366029791974475,2057,0
561,0.23624463406595864,2058,0
2034,0.23600677341880508,2059,0
3777,0.23533433540762785,2060,0
2124,0.23461489695005874,2061,0
2766,0.23457847367569282,2062,0
2301,0.2341501692246637,2063,0
3745,0.23394233340715942,2064,0
472,0.2338223907571825,2065,0
3790,0.2335424725044307,2066,0
1667,0.23338883403197133,2067,0
896,0.23227051078136113,2068,0
1503,0.2314695926046077,2069,0
196,0.23116501241740942,2070,0
617,0.23113036746712462,2071,0
2223,0.2309140536077211,2072,0
187,0.23079521886300575,2073,0
3753,0.23070504885982554,2074,0
558,0.23044987571000147,2075,0
3547,0.23042650628490155,2076,0
2702,0.23032959661340835,2077,0
3290,0.23014211374956597,2078,0
3274,0.23011996292381964,2079,0
127,0.22990780896856228,2080,0
3166,0.22933109369276433,2081,0
893,0.2291561095074604,2082,0
727,0.22889166560185917,2083,0
2515,0.2281153050314896,2084,0
3517,0.22738973678256072,2085,0
172,0.22684964562227833,2086,0
1112,0.2266808361170651,2087,0
1724,0.2266808361170651,2088,0
1144,0.22666875444561904,2089,0
3958,0.22663700592176741,2090,0
1652,0.22661011800253508,2091,0
3807,0.22661011800253508,2092,0
1391,0.22661011800253508,2093,0
63,0.22661011800253508,2094,0
3955,0.22634049599567335,2095,0
622,0.22600826703012783,2096,0
1426,0.22595109698838,2097,0
1082,0.22558314841955152,2098,0
3924,0.2254494756361646,2099,0
783,0.22536761876552847,2100,0
3878,0.22536761876552847,2101,0
693,0.22534218670506748,2102,0
3198,0.22534218670506748,2103,0
2139,0.22529576675079946,2104,0
1536,0.22529534058835898,2105,0
3703,0.22510199977181855,2106,0
1789,0.22487294641943092,2107,0
3042,0.22482180633754734,2108,0
2489,0.2248117818629355,2109,0
1854,0.2247380764079619,2110,0
1372,0.22467474102668536,2111,0
2418,0.2242187771075474,2112,0
1185,0.22415346353055188,2113,0
2536,0.22412886010563648,2114,0
1629,0.22412886010563648,2115,0
1299,0.22408822039143067,2116,0
3040,0.22398703675007076,2117,0
2342,0.22398703675007076,2118,0
3889,0.22382229215197863,2119,0
1033,0.223810107873493,2120,0
500,0.22378098732845825,2121,0
1656,0.22309664618082006,2122,0
994,0.2229201835900683,2123,0
3559,0.22290982495696193,2124,0
891,0.22268360968545597,2125,0
1781,0.22268360968545597,2126,0
2189,0.2220727747603621,2127,0
1300,0.22177404540420398,2128,0
379,0.22149934236260532,2129,0
223,0.2213873899531984,2130,0
277,0.22093596441541696,2131,0
2890,0.220781023075111,2132,0
1496,0.22063705209827178,2133,0
3505,0.22059418589154542,2134,0
1161,0.220529263601416,2135,0
3553,0.22039384359915834,2136,0
3856,0.22012718098723427,2137,0
2423,0.2200338325436358,2138,0
3936,0.21961680966111194,2139,0
2565,0.21955612579981665,2140,0
2014,0.21938820347972537,2141,0
3209,0.21938820347972537,2142,0
2163,0.2193453011716783,2143,0
159,0.21918467439570938,2144,0
1570,0.21906276266963876,2145,0
1042,0.2188045199424129,2146,0
3561,0.2184113611694024,2147,0
3979,0.21806609471877517,2148,0
2494,0.21806609471877517,2149,0
427,0.2180010475510551,2150,0
1317,0.2177160010808539,2151,0
77,0.21767964002316476,2152,0
2924,0.21728606363620018,2153,0
67,0.21709709500194427,2154,0
1508,0.2170343950089549,2155,0
3285,0.21684808477253878,2156,0
2107,0.21674441865851388,2157,0
2143,0.2164689711905752,2158,0
691,0.21631098374552177,2159,0
1998,0.21624974736370534,2160,0
3988,0.2158842435586266,2161,0
2808,0.21529289209378186,2162,0
113,0.21525911914791748,2163,0
184,0.21517955067589367,2164,0
653,0.21479927365614437,2165,0
1055,0.21448510393795014,2166,0
1545,0.2144625579724337,2167,0
718,0.21445534992419324,2168,0
1776,0.21428467616958735,2169,0
1147,0.21428467616958735,2170,0
1934,0.21419357025513697,2171,0
2751,0.21403720099215057,2172,0
2196,0.21263577770218592,2173,0
1341,0.21237025150420125,2174,0
3375,0.2122908246271407,2175,0
1444,0.21211791403826225,2176,0
169,0.21200807175936984,2177,0
3464,0.21189149634374732,2178,0
2052,0.21182495762429246,2179,0
253,0.2116808015122585,2180,0
1836,0.21162888074967479,2181,0
2568,0.2114525751466559,2182,0
2336,0.2113493026328229,2183,0
1877,0.2112450067765838,2184,0
3071,0.210978871185464,2185,0
1347,0.2109084702654202,2186,0
3219,0.21088581946892024,2187,0
1310,0.21078463484775406,2188,0
595,0.21076172511636893,2189,0
716,0.21076172511636893,2190,0
2118,0.21071559885287333,2191,0
3491,0.21069684603876038,2192,0
363,0.21069684603876038,2193,0
2567,0.21013991922695133,2194,0
323,0.21011254988953432,2195,0
437,0.20998116052164598,2196,0
3548,0.20954784173681015,2197,0
3660,0.20943114843604013,2198,0
291,0.2091293958434231,2199,0
630,0.2091293958434231,2200,0
200,0.20911485666520935,2201,0
1732,0.2089066221357846,2202,0
3014,0.20879096981687292,2203,0
3076,0.2085386123129408,2204,0
1582,0.20849450986498586,2205,0
997,0.20849450986498586,2206,0
2967,0.20841775755380904,2207,0
3612,0.20825645445960086,2208,0
2322,0.20824766282304993,2209,0
624,0.20802995798186338,2210,0
270,0.20763606228177484,2211,0
580,0.20738079781203675,2212,0
452,0.207356822375943,2213,0
2913,0.20708820516213935,2214,0
1688,0.20692605392560925,2215,0
3702,0.20648417087091822,2216,0
3380,0.20641872084670773,2217,0
3757,0.20641872084670773,2218,0
1828,0.2063723399476194,2219,0
1399,0.206348726587128,2220,0
1221,0.2061386943529094,2221,0
2952,0.20598314004148185,2222,0
1871,0.20593955461772326,2223,0
3315,0.20585648257084613,2224,0
684,0.20557246129408438,2225,0
1245,0.20531779451264942,2226,0
689,0.20530789753792575,2227,0
2468,0.2048651140515603,2228,0
2933,0.2045034213222187,2229,0
2990,0.20436594130575236,2230,0
512,0.20412631884505178,2231,0
1848,0.204096857052533,2232,0
1094,0.20401100829879257,2233,0
3707,0.2040057205851313,2234,0
3065,0.2039738850751865,2235,0
794,0.2036155738202814,2236,0
3067,0.2032046714137625,2237,0
2653,0.20307306558063495,2238,0
1000,0.2029665095217713,2239,0
1969,0.2029665095217713,2240,0
288,0.20293468968698994,2241,0
1470,0.20292026753450412,2242,0
2457,0.20276481631871202,2243,0
1611,0.20272982911266288,2244,0
2998,0.202695352508151,2245,0
3301,0.20260568292854786,2246,0
1614,0.20259112451305414,2247,0
3642,0.20242822084587753,2248,0
402,0.20242822084587753,2249,0
1382,0.20216702555414592,2250,0
2464,0.20216702555414592,2251,0
1620,0.20176533543898614,2252,0
902,0.2014252092447998,2253,0
1748,0.2013453872441005,2254,0
3430,0.20131807030743243,2255,0
1710,0.2012681702094947,2256,0
3816,0.20117012293825634,2257,0
3565,0.20091903749015996,2258,0
2343,0.20048883944982843,2259,0
231,0.2000215753827271,2260,0
1136,0.2000215753827271,2261,0
2920,0.19973556792328045,2262,0
3917,0.19961028148777454,2263,0
986,0.19952617611143708,2264,0
3844,0.19906578384114723,2265,0
2717,0.19901653918742349,2266,0
2615,0.19894571317147594,2267,0
209,0.19894491340435314,2268,0
1714,0.19890615527111463,2269,0
2046,0.19862456050221539,2270,0
147,0.1985675538806414,2271,0
2058,0.19821651674892724,2272,0
3423,0.19818835479802094,2273,0
2608,0.19816596923811083,2274,0
25,0.1980437035025832,2275,0
3819,0.19772735707769618,2276,0
2168,0.19753640862861033,2277,0
527,0.19753640862861033,2278,0
2791,0.19749766505994196,2279,0
2254,0.19704380301121535,2280,0
295,0.19698495696825458,2281,0
2237,0.19698495696825458,2282,0
40,0.19681214057008262,2283,0
1705,0.19680625641171065,2284,0
1012,0.19680625641171065,2285,0
1540,0.19679344873822058,2286,0
2388,0.19673716006844225,2287,0
2396,0.19673716006844225,2288,0
97,0.1966371277157771,2289,0
2439,0.19553271721540144,2290,0
1164,0.19535211893213558,2291,0
909,0.19534280212142424,2292,0
661,0.19507789304715314,2293,0
2978,0.1947058301190235,2294,0
1539,0.19446457461706804,2295,0
2292,0.19418229142243715,2296,0
1678,0.19418229142243715,2297,0
247,0.19418229142243715,2298,0
3823,0.19414645324195665,2299,0
2761,0.19414645324195665,2300,0
3882,0.19414321310488414,2301,0
2414,0.1937511701507515,2302,0
1511,0.19296237934323357,2303,0
3591,0.192790357069315,2304,0
623,0.19278319535726646,2305,0
2764,0.1927786061534456,2306,0
1720,0.19273973492745972,2307,0
3336,0.1927352175980321,2308,0
1814,0.19268004834462432,2309,0
3970,0.19257013683240512,2310,0
2823,0.192435991651377,2311,0
1424,0.19240446939678338,2312,0
2915,0.19238052241407208,2313,0
3575,0.1923127275177588,2314,0
553,0.19203634045764748,2315,0
2649,0.19198071265096203,2316,0
35,0.19185966469813256,2317,0
194,0.19168112240277888,2318,0
2862,0.19159537684150893,2319,0
356,0.191465880095385,2320,0
2505,0.19125697308737707,2321,0
328,0.19107737837406386,2322,0
3369,0.19099940656644038,2323,0
2887,0.19088854613884562,2324,0
860,0.19075190557367738,2325,0
927,0.1905505377564229,2326,0
2630,0.19041829299388482,2327,0
1752,0.1900267256977482,2328,0
278,0.18974581568867355,2329,0
550,0.18974581568867355,2330,0
2889,0.18974581568867355,2331,0
237,0.18971355065971762,2332,0
3671,0.18961380121512295,2333,0
838,0.18929267476362008,2334,0
1087,0.18911401069804454,2335,0
2360,0.18889606174492005,2336,0
1872,0.18847162941858583,2337,0
2216,0.18847162941858583,2338,0
746,0.1882565277505855,2339,0
3392,0.18796365046495347,2340,0
2880,0.18765214469684607,2341,0
3024,0.18743756976922277,2342,0
3598,0.18743756976922277,2343,0
249,0.18719940765625254,2344,0
1340,0.18719940765625254,2345,0
441,0.18719707366945698,2346,0
2578,0.1866824630009824,2347,0
2621,0.186655368896841,2348,0
669,0.18650585667028682,2349,0
1474,0.18642173441483748,2350,0
2606,0.18618994732226887,2351,0
494,0.18573475489873342,2352,0
2151,0.18572683654335456,2353,0
1718,0.18572218738503685,2354,0
1325,0.18566272485460802,2355,0
2881,0.1854519523071741,2356,0
1415,0.18536535392458062,2357,0
2334,0.1851748201460626,2358,0
1057,0.18506016670444927,2359,0
1126,0.18499374327862178,2360,0
3236,0.1848534438437925,2361,0
2724,0.18480560629902684,2362,0
2349,0.18453306005725556,2363,0
2517,0.18442029273418112,2364,0
2428,0.18403527902356062,2365,0
100,0.18389759592380667,2366,0
2126,0.18385645911270151,2367,0
3458,0.18363860617097838,2368,0
1778,0.18363860617097838,2369,0
2922,0.18348232515935106,2370,0
911,0.18333864232355312,2371,0
2182,0.18314584473661683,2372,0
2832,0.18303656839965796,2373,0
3972,0.18303048346104353,2374,0
786,0.18297487475202712,2375,0
119,0.18264057607755094,2376,0
937,0.18259495316848323,2377,0
1542,0.18243215214455072,2378,0
1031,0.1821711027996543,2379,0
981,0.18163013186261937,2380,0
1909,0.18159465331842048,2381,0
1644,0.18144280279975486,2382,0
541,0.181408891800873,2383,0
2670,0.18081462295963477,2384,0
2996,0.1806755924563247,2385,0
193,0.18011979723701776,2386,0
2245,0.17988825957578305,2387,0
263,0.17979015892475297,2388,0
3259,0.17977846554426088,2389,0
574,0.17939174172928168,2390,0
2227,0.1793502542510151,2391,0
1766,0.17894354742423252,2392,0
1019,0.178567227552588,2393,0
1217,0.17856703628152254,2394,0
2770,0.17847182543701023,2395,0
1795,0.17826906202637297,2396,0
392,0.1782349359872688,2397,0
2408,0.17817721915783644,2398,0
1212,0.17817670480383982,2399,0
638,0.17816714005313583,2400,0
1923,0.178148737401364,2401,0
3222,0.17809332474302159,2402,0
1500,0.17788435152841187,2403,0
854,0.17755384845267883,2404,0
1210,0.17731614052180283,2405,0
1574,0.17724677020199828,2406,0
603,0.17724677020199828,2407,0
3060,0.17724677020199828,2408,0
2650,0.1770020689432143,2409,0
1585,0.17694327629503537,2410,0
389,0.17682409793927428,2411,0
3724,0.17655469578967709,2412,0
1199,0.17625326379440165,2413,0
1008,0.1758571222759087,2414,0
3152,0.17583995310838466,2415,0
531,0.17570850314139327,2416,0
131,0.17568397244805484,2417,0
3184,0.17564545057755704,2418,0
968,0.1756159232448164,2419,0
8,0.17560613080119641,2420,0
2376,0.17543242501239792,2421,0
483,0.17541071613422396,2422,0
3740,0.17541071613422396,2423,0
2899,0.17535195085987482,2424,0
644,0.1753462896247178,2425,0
3824,0.17523721336606712,2426,0
1400,0.1749454225528171,2427,0
2403,0.1746183030119877,2428,0
2658,0.17457850111283585,2429,0
2817,0.17444006483854999,2430,0
3066,0.17426723967715846,2431,0
2068,0.1742314487807323,2432,0
2512,0.17422214978910042,2433,0
222,0.17421709283289605,2434,0
197,0.17398145135230367,2435,0
3965,0.17381372628336744,2436,0
2519,0.1733255535534317,2437,0
86,0.17309099491732055,2438,0
824,0.17284598765018042,2439,0
2116,0.172390751420482,2440,0
3918,0.17238393036267594,2441,0
1139,0.17216460119686902,2442,0
1263,0.1720225289118414,2443,0
1521,0.17199948559222622,2444,0
3310,0.17199948559222622,2445,0
533,0.17196067484227728,2446,0
1945,0.17191385559567768,2447,0
3113,0.17191385559567768,2448,0
898,0.17183747725280624,2449,0
108,0.17183747725280624,2450,0
650,0.17175751740176495,2451,0
628,0.17136669938122828,2452,0
256,0.17105384897508782,2453,0
532,0.1709497334284741,2454,0
3009,0.17094159108737536,2455,0
2958,0.170815116723545,2456,0
1275,0.17038853756777061,2457,0
2618,0.17038853756777061,2458,0
9,0.170269546384507,2459,0
2446,0.170269546384507,2460,0
2563,0.17019317218712499,2461,0
767,0.17013845961609703,2462,0
1893,0.16957006790851636,2463,0
62,0.16950112549209617,2464,0
1922,0.1692945768299591,2465,0
2161,0.16896573692736983,2466,0
1973,0.1688609899707908,2467,0
2280,0.1686197217734656,2468,0
3853,0.16850077225611204,2469,0
1450,0.16834866108783927,2470,0
2319,0.16820808518980998,2471,0
1294,0.16817893745878487,2472,0
478,0.16746549699959218,2473,0
2067,0.1674580262615143,2474,0
3954,0.1674580262615143,2475,0
3586,0.16745159529818032,2476,0
2966,0.16742969972954086,2477,0
2856,0.16733558399416357,2478,0
3739,0.1672630353268236,2479,0
2050,0.16715042118813542,2480,0
164,0.166814243259237,2481,0
3141,0.1667161741586243,2482,0
3621,0.16669407236522188,2483,0
2845,0.1658282752501351,2484,0
844,0.1657889160580469,2485,0
955,0.16578335166893982,2486,0
1171,0.16578335166893982,2487,0
1962,0.1656704791472753,2488,0
926,0.165542152338784,2489,0
174,0.16543730457197864,2490,0
3506,0.16531863599690558,2491,0
1151,0.16510603907231688,2492,0
965,0.16491397410440503,2493,0
2431,0.16463114879159474,2494,0
2487,0.164618760319064,2495,0
2066,0.1645659213925468,2496,0
648,0.16448531914605963,2497,0
125,0.16440083500270353,2498,0
2596,0.16437869968319188,2499,0
58,0.1642664184245981,2500,0
1731,0.1642542258700953,2501,0
2925,0.16417369602896686,2502,0
1369,0.16396741004783824,2503,0
1378,0.16393492042364075,2504,0
2383,0.16393492042364075,2505,0
20,0.163765789598531,2506,0
289,0.1630656181128795,2507,0
2841,0.16277075162011054,2508,0
495,0.16270753648107086,2509,0
3826,0.1627003130715962,2510,0
3962,0.16256051385639164,2511,0
1977,0.16250038790335739,2512,0
3218,0.16232376745478883,2513,0
3938,0.16232376745478883,2514,0
3090,0.16232376745478883,2515,0
1972,0.16213384204799974,2516,0
2849,0.16195465890558752,2517,0
1531,0.1619053599229113,2518,0
1167,0.16189387101801564,2519,0
1807,0.16166594877525203,2520,0
3431,0.16144625966514242,2521,0
3884,0.16115318899314368,2522,0
3156,0.16090149582685437,2523,0
3395,0.16067620179291267,2524,0
3802,0.16056794867162405,2525,0
3613,0.1604594376473966,2526,0
2829,0.16012275298708833,2527,0
2572,0.15963125808003278,2528,0
3798,0.15963125808003278,2529,0
674,0.15956366668477398,2530,0
3536,0.1595279623026211,2531,0
2081,0.1594838485547709,2532,0
876,0.1593616456098089,2533,0
2877,0.159177047592749,2534,0
613,0.15909970124260792,2535,0
526,0.15909970124260792,2536,0
3212,0.1589058148317093,2537,0
3237,0.15886118279858716,2538,0
3992,0.1587617796910874,2539,0
1045,0.1587617796910874,2540,0
3829,0.15847931584699257,2541,0
2620,0.15840130881150613,2542,0
73,0.15834680037495746,2543,0
1888,0.15809557965999657,2544,0
2169,0.15797128917958125,2545,0
3227,0.15755038276703184,2546,0
3177,0.15744087548761782,2547,0
2260,0.1571177844761632,2548,0
2662,0.15704609765917285,2549,0
1651,0.15681158801932038,2550,0
3682,0.15657975876506208,2551,0
610,0.15642730497790905,2552,0
2879,0.1563175240204435,2553,0
268,0.15612108071077746,2554,0
3012,0.1558942355642866,2555,0
330,0.1558656069383181,2556,0
1026,0.15535584526295587,2557,0
2735,0.15503352292947142,2558,0
281,0.15454809839410175,2559,0
2869,0.15454330780657854,2560,0
3630,0.15443896560175943,2561,0
807,0.15429038520069782,2562,0
3870,0.15420137458504976,2563,0
340,0.15420137458504976,2564,0
1537,0.15420137458504976,2565,0
620,0.15393315801332605,2566,0
2720,0.15381776600072183,2567,0
61,0.15359069555225893,2568,0
2941,0.15357031305799623,2569,0
2492,0.15346918920289673,2570,0
600,0.15340531656519535,2571,0
1073,0.1530283594704385,2572,0
3174,0.1526100678458651,2573,0
3176,0.15218314665227886,2574,0
2402,0.1520693168447208,2575,0
1794,0.15165969789718126,2576,0
2048,0.1515597574806153,2577,0
2859,0.1515474034838242,2578,0
2002,0.15135533535365472,2579,0
3647,0.15097385019174175,2580,0
3087,0.15063735467552908,2581,0
111,0.15052824908739262,2582,0
3144,0.15022904229280973,2583,0
439,0.15019002575065404,2584,0
2234,0.14993729678348944,2585,0
2587,0.1498992634425992,2586,0
220,0.14965523757420404,2587,0
3488,0.14963682611001414,2588,0
3638,0.14963682611001414,2589,0
2867,0.14963682611001414,2590,0
730,0.14885881293544032,2591,0
3614,0.1487393527137935,2592,0
1460,0.14851546950054115,2593,0
3299,0.14850596649076314,2594,0
522,0.14849841867964902,2595,0
2540,0.14810458022782588,2596,0
778,0.147829086536906,2597,0
2235,0.14774770128852624,2598,0
1646,0.14767729447492134,2599,0
3499,0.14766835527759592,2600,0
518,0.14761032110516742,2601,0
136,0.1470846918893697,2602,0
3720,0.14703292743841614,2603,0
3158,0.14703292743841614,2604,0
3045,0.1468803952716838,2605,0
864,0.1468803952716838,2606,0
2041,0.1468803952716838,2607,0
2085,0.14682467847368139,2608,0
1313,0.1468078497206985,2609,0
2554,0.1466873029161762,2610,0
680,0.14668503538199237,2611,0
1230,0.14668271173434097,2612,0
857,0.1465693231989969,2613,0
2248,0.1465693231989969,2614,0
333,0.14649795470754953,2615,0
1228,0.14643073837154177,2616,0
3781,0.14640969533027767,2617,0
3115,0.14640969533027767,2618,0
2252,0.14637456990175604,2619,0
461,0.146132563217024,2620,0
3692,0.1460397459435417,2621,0
1593,0.14593024453050657,2622,0
865,0.14585705395752488,2623,0
3439,0.1458219373885956,2624,0
386,0.14560491581124055,2625,0
1388,0.14555662527998123,2626,0
1549,0.14548933296940295,2627,0
2051,0.14528213069117535,2628,0
2214,0.14509471682412203,2629,0
2951,0.144694022187978,2630,0
1407,0.14442698176173174,2631,0
2876,0.14442698176173174,2632,0
2821,0.14431391980982583,2633,0
2145,0.1434098753693349,2634,0
380,0.14339303953501417,2635,0
2932,0.1433185310970648,2636,0
55,0.1433185310970648,2637,0
1840,0.1432945983878745,2638,0
2678,0.14288711293517234,2639,0
819,0.14287113558905376,2640,0
418,0.1426784948640421,2641,0
3332,0.1425922248290121,2642,0
1927,0.1424670615252373,2643,0
3501,0.1424241365588037,2644,0
2690,0.14226253296162078,2645,0
2959,0.14223238557350917,2646,0
3596,0.14199793736944066,2647,0
225,0.14194356816521048,2648,0
2655,0.14184664821808576,2649,0
1108,0.14184664821808576,2650,0
2732,0.14184664821808576,2651,0
1818,0.1414801947017881,2652,0
3413,0.141426228684575,2653,0
3140,0.1406439247273421,2654,0
3498,0.1405827973221259,2655,0
2583,0.1402924815176766,2656,0
3513,0.14024782651464093,2657,0
2584,0.14016240319084056,2658,0
3054,0.14007427621210294,2659,0
1961,0.1399339980777315,2660,0
3098,0.13916899894213647,2661,0
1261,0.13907731905758336,2662,0
3095,0.13897577982867232,2663,0
1907,0.13887246359356623,2664,0
464,0.1388321869895329,2665,0
800,0.13873617965646953,2666,0
99,0.13873617965646953,2667,0
2860,0.138706712568241,2668,0
1225,0.13866604968997664,2669,0
155,0.13861601026050835,2670,0
3478,0.13842292908651632,2671,0
3102,0.13784384498290767,2672,0
3946,0.13757993132890411,2673,0
1266,0.13724511796163358,2674,0
1650,0.13707538650735038,2675,0
2946,0.13707538650735038,2676,0
2566,0.1370056132447061,2677,0
1339,0.13671573015964789,2678,0
584,0.136703812361295,2679,0
1728,0.13666152343756624,2680,0
2648,0.13622048841550807,2681,0
861,0.13617082432970132,2682,0
152,0.13606043991119574,2683,0
1095,0.1359806444015832,2684,0
403,0.1358448419545104,2685,0
3821,0.1355514744731633,2686,0
3180,0.1355514744731633,2687,0
1785,0.1355474070320526,2688,0
132,0.1355474070320526,2689,0
676,0.1352191805094369,2690,0
150,0.1352191805094369,2691,0
3293,0.1352191805094369,2692,0
3581,0.13517999265162498,2693,0
1176,0.13505694785377567,2694,0
1135,0.13486491002001957,2695,0
3342,0.13469285661070637,2696,0
2612,0.13442607432676143,2697,0
1455,0.134414801124222,2698,0
1420,0.13426324700506323,2699,0
1015,0.13423830342181595,2700,0
2192,0.13419391205342332,2701,0
886,0.13417013024483768,2702,0
1439,0.13408376852038578,2703,0
776,0.13392108240446568,2704,0
917,0.13367588623975932,2705,0
1743,0.1335638955901257,2706,0
1756,0.13337097307542506,2707,0
2502,0.13325995006137034,2708,0
1664,0.13321955630699645,2709,0
774,0.1331657644696449,2710,0
1074,0.13306103439521696,2711,0
3674,0.13301236952054785,2712,0
414,0.1328952729254885,2713,0
2131,0.13287515350080167,2714,0
6,0.1326528191222797,2715,0
1633,0.1324975863432786,2716,0
3484,0.13239013676144493,2717,0
2152,0.13233416439106246,2718,0
3335,0.13221371870187643,2719,0
597,0.13199395849970028,2720,0
2921,0.13169168700088388,2721,0
845,0.13155042389723956,2722,0
3055,0.1313039362322727,2723,0
1409,0.1312401754334984,2724,0
3027,0.13100981342571943,2725,0
1235,0.1306757256382499,2726,0
274,0.13057259605738686,2727,0
1284,0.1305713102430058,2728,0
2680,0.13046995842098674,2729,0
2774,0.13037317001997029,2730,0
3465,0.13020498720873439,2731,0
1643,0.1301023190157473,2732,0
3983,0.13006125240281194,2733,0
1036,0.12996488466558184,2734,0
2971,0.12996488466558184,2735,0
3592,0.12978026124493175,2736,0
3091,0.12975873742162147,2737,0
325,0.12966673944504145,2738,0
33,0.12965322944470614,2739,0
364,0.1296459783885371,2740,0
2288,0.1295513665330258,2741,0
3947,0.12916493324002543,2742,0
1734,0.12916493324002543,2743,0
2187,0.12909308406825176,2744,0
229,0.12896720935024364,2745,0
704,0.12866857009683336,2746,0
1587,0.12861424114533485,2747,0
940,0.1286052280232143,2748,0
115,0.12858812234579906,2749,0
2671,0.12857512465271537,2750,0
701,0.12844403558185327,2751,0
1321,0.1283084818081138,2752,0
852,0.12822291439988862,2753,0
1867,0.12814993744095696,2754,0
175,0.12810401135561894,2755,0
2070,0.12803131794028974,2756,0
2481,0.12797899214698114,2757,0
3308,0.12797899214698114,2758,0
3239,0.12751770581988003,2759,0
3503,0.1274629030699609,2760,0
996,0.12740718058685446,2761,0
3497,0.12710420230079453,2762,0
3058,0.12693426854854556,2763,0
1634,0.12690137342249438,2764,0
2075,0.12685822154983592,2765,0
3578,0.1267666362773545,2766,0
2324,0.1267366237648149,2767,0
449,0.12666895830327046,2768,0
3791,0.12648914713818438,2769,0
3044,0.12636835097036503,2770,0
3618,0.12631535805885852,2771,0
1662,0.12614986222335106,2772,0
1758,0.1261416042303395,2773,0
68,0.12593410303203154,2774,0
3447,0.12592872101805647,2775,0
545,0.1258709513865553,2776,0
409,0.1258709513865553,2777,0
3644,0.12580986292135724,2778,0
1526,0.12576456261887287,2779,0
936,0.12573266937468455,2780,0
475,0.12538626127279823,2781,0
1311,0.12535339486039437,2782,0
2186,0.12534225130087184,2783,0
3751,0.12518186593335384,2784,0
47,0.12518186593335384,2785,0
2415,0.12515875326256398,2786,0
1942,0.12509523676546874,2787,0
2259,0.12507616644161157,2788,0
764,0.12484436563014202,2789,0
1178,0.12453796261941344,2790,0
3574,0.12451723548833478,2791,0
731,0.12436634909831955,2792,0
605,0.12426067960301655,2793,0
3932,0.12422774043118391,2794,0
1982,0.12411762093155446,2795,0
3358,0.12410406357012296,2796,0
3845,0.1236067133085943,2797,0
2399,0.12328284763340927,2798,0
796,0.1230593891318258,2799,0
878,0.12262274162291549,2800,0
3836,0.12260647601044096,2801,0
2669,0.12248041412996323,2802,0
457,0.12242631412764042,2803,0
424,0.12222892820680352,2804,0
2595,0.12201930473537703,2805,0
3783,0.12188761763567459,2806,0
3782,0.12125799299653102,2807,0
3758,0.12115182594149448,2808,0
744,0.12110977442357951,2809,0
1584,0.12109909569772043,2810,0
3398,0.12107587696900408,2811,0
2473,0.12101941463418922,2812,0
2100,0.12101941463418922,2813,0
2103,0.12101941463418922,2814,0
487,0.12083456346771422,2815,0
3600,0.12047927737857024,2816,0
544,0.1203480735217173,2817,0
416,0.12029271084079421,2818,0
2645,0.1202459080362248,2819,0
393,0.1202459080362248,2820,0
1655,0.12022446711891814,2821,0
3549,0.12017040296631697,2822,0
3434,0.12012648316594222,2823,0
2914,0.12012648316594222,2824,0
3467,0.11987751259242083,2825,0
3694,0.11975760263396679,2826,0
2547,0.11975760263396679,2827,0
385,0.11959893509682859,2828,0
1345,0.11958140547294989,2829,0
3891,0.11953568247537721,2830,0
124,0.1194957888583813,2831,0
2350,0.11946558183295398,2832,0
2927,0.11941368723295294,2833,0
2987,0.11941368723295294,2834,0
2356,0.11938921794242872,2835,0
3401,0.11934699988059744,2836,0
493,0.11901028480608578,2837,0
2888,0.11888079797553729,2838,0
2893,0.11881556512763097,2839,0
2348,0.11866877662805872,2840,0
2975,0.11849112805078095,2841,0
360,0.11812556121363851,2842,0
923,0.11793624763366108,2843,0
3735,0.11788182548039372,2844,0
3928,0.11761263023184056,2845,0
2209,0.11740735181329501,2846,0
3389,0.1173619964973946,2847,0
3168,0.11727130599903508,2848,0
1987,0.11708969378458123,2849,0
3127,0.11699378155975024,2850,0
713,0.1169674681988993,2851,0
1355,0.1169674681988993,2852,0
1515,0.11688761191219156,2853,0
2537,0.11667500522271652,2854,0
1976,0.11663311300200332,2855,0
3755,0.1164987728170131,2856,0
2784,0.11641845995455073,2857,0
1326,0.11613423597258944,2858,0
2843,0.11601968903474973,2859,0
636,0.11601562591577978,2860,0
2309,0.1157483218920613,2861,0
1393,0.11568432527345807,2862,0
555,0.11562283411490319,2863,0
3303,0.11548938666394623,2864,0
3341,0.11539700485763331,2865,0
1129,0.11532095516893859,2866,0
95,0.11518096698636482,2867,0
2007,0.11518032095023538,2868,0
3625,0.11505632041801442,2869,0
2710,0.11467537518663466,2870,0
3343,0.1146275515656894,2871,0
2748,0.11460771727388902,2872,0
822,0.1145843102875581,2873,0
235,0.11455747926295756,2874,0
2188,0.11453240129243512,2875,0
741,0.11440594012605254,2876,0
1846,0.11438958401927007,2877,0
1873,0.11410057452864981,2878,0
3846,0.11393641045957653,2879,0
104,0.11387890385628918,2880,0
2191,0.11387890385628918,2881,0
2064,0.11387890385628918,2882,0
663,0.11387540145555114,2883,0
2688,0.11385066132886629,2884,0
2265,0.11379431910200441,2885,0
3432,0.11358699357739463,2886,0
2518,0.11357737605068752,2887,0
2101,0.11347759232456568,2888,0
3518,0.11344010246399763,2889,0
2474,0.11334169958446065,2890,0
3864,0.11332048654460095,2891,0
3333,0.11312503252102583,2892,0
3880,0.11311609838842407,2893,0
436,0.11304626228116664,2894,0
3622,0.1129188318517561,2895,0
953,0.11289583879323145,2896,0
3828,0.11289418058421503,2897,0
3025,0.1128927820596986,2898,0
830,0.11287831580498059,2899,0
3831,0.11282718828977706,2900,0
2559,0.11269246302305068,2901,0
498,0.11260625813840412,2902,0
3028,0.11260625813840412,2903,0
2286,0.11212213889924728,2904,0
3482,0.11197986171460395,2905,0
1577,0.11197986171460395,2906,0
3072,0.1118898260382795,2907,0
3270,0.11171282770985566,2908,0
2594,0.1116160337754244,2909,0
2005,0.11159892429643038,2910,0
734,0.11156555876440605,2911,0
2378,0.11139030340100975,2912,0
3780,0.11134815027725954,2913,0
914,0.11131614110258603,2914,0
2256,0.11119030781496567,2915,0
3744,0.11113809127575344,2916,0
2045,0.11055842709606915,2917,0
2320,0.11052258988150768,2918,0
2416,0.11031683045878238,2919,0
556,0.11029423410042172,2920,0
3226,0.1101530666616984,2921,0
3677,0.11006987141720707,2922,0
3489,0.11005899088939589,2923,0
2955,0.10976798168159131,2924,0
3555,0.10976798168159131,2925,0
1869,0.10970069745067731,2926,0
17,0.10962465930292346,2927,0
161,0.1094328414834553,2928,0
2095,0.10928436491979528,2929,0
1921,0.10926704961831585,2930,0
2528,0.10919914644877492,2931,0
2725,0.10918490309219454,2932,0
2755,0.10918421812279466,2933,0
2756,0.10909785414059543,2934,0
185,0.10909785414059543,2935,0
806,0.10903750828875797,2936,0
1262,0.10896276721719618,2937,0
3809,0.10889655949642305,2938,0
1192,0.10885718267448642,2939,0
777,0.1088146474974968,2940,0
3043,0.10878981413952676,2941,0
2772,0.10876527713091226,2942,0
1797,0.10876527713091226,2943,0
2299,0.1087030648452788,2944,0
3615,0.10864486480516657,2945,0
3328,0.10864486480516657,2946,0
1754,0.1085865222569093,2947,0
1237,0.10849294745222708,2948,0
3960,0.10842059197270444,2949,0
791,0.10823356315892396,2950,0
2384,0.10806889747851577,2951,0
2542,0.10797636787992262,2952,0
3687,0.10770273448973951,2953,0
3078,0.10766850227552635,2954,0
619,0.10762478129633905,2955,0
3921,0.1075884446132644,2956,0
930,0.1075884446132644,2957,0
2249,0.1075884446132644,2958,0
3129,0.10751912641726388,2959,0
384,0.10751912641726388,2960,0
1716,0.10751746732143914,2961,0
2026,0.10740087632635506,2962,0
1259,0.10690310370204936,2963,0
2527,0.106705312031318,2964,0
1522,0.10650434851336403,2965,0
2472,0.10621798361570867,2966,0
1306,0.10612945822996238,2967,0
34,0.10599233122788129,2968,0
536,0.10596210013772199,2969,0
1632,0.10591905313276223,2970,0
3669,0.10583156223363588,2971,0
2871,0.10551591458345652,2972,0
1908,0.10540976300583746,2973,0
906,0.10523991954399606,2974,0
2154,0.10521815904507496,2975,0
793,0.10510006002835037,2976,0
1189,0.10503648002393781,2977,0
3032,0.10498991497185153,2978,0
2509,0.10494275945980464,2979,0
1493,0.10455066601517723,2980,0
1059,0.10455066601517723,2981,0
631,0.10447223126334025,2982,0
2382,0.10447223126334025,2983,0
2442,0.10447223126334025,2984,0
336,0.10413799372161192,2985,0
3150,0.10404565705020168,2986,0
2822,0.10404381661155683,2987,0
1674,0.1040344515452009,2988,0
980,0.10396282099103821,2989,0
3020,0.10393489293968425,2990,0
1963,0.10374981494907376,2991,0
467,0.10367279967584474,2992,0
90,0.10367279967584474,2993,0
477,0.10312867795585738,2994,0
2730,0.10312747062150845,2995,0
2359,0.10308332333280996,2996,0
3850,0.10307392365277059,2997,0
1214,0.10293815812602981,2998,0
1954,0.10270617958409017,2999,0
96,0.10269554117631528,3000,0
792,0.10261690737011372,3001,0
432,0.1022778381750638,3002,0
686,0.10225526663790536,3003,0
3894,0.10219337373141779,3004,0
2581,0.10190729042626592,3005,0
3973,0.10189314013087093,3006,0
1084,0.10157776398685674,3007,0
1709,0.10156522469853842,3008,0
1061,0.10146114410837756,3009,0
248,0.10112874376387856,3010,0
3105,0.10111586085814205,3011,0
1581,0.10109214862944907,3012,0
2948,0.10102163236072102,3013,0
3271,0.10097200100718921,3014,0
3444,0.1009298295072803,3015,0
2132,0.10064060847045872,3016,0
3188,0.10050993301218777,3017,0
2314,0.10038980633596992,3018,0
1892,0.1003331735867825,3019,0
855,0.1000621762143133,3020,0
2429,0.09995629749685186,3021,0
3015,0.09994295314015415,3022,0
3648,0.09989813678787426,3023,0
2228,0.09980416452343968,3024,0
814,0.0994863318227858,3025,0
3092,0.09932388117781069,3026,0
1510,0.09932107189143626,3027,0
137,0.0992373958242921,3028,0
1100,0.09922368547211421,3029,0
2010,0.0990203916223507,3030,0
2851,0.0988738743439734,3031,0
3258,0.09878892361107652,3032,0
3714,0.0987872188565657,3033,0
303,0.09876092543914361,3034,0
121,0.09861994203943096,3035,0
258,0.09857181220446437,3036,0
3376,0.09855304015478071,3037,0
3562,0.09853071599207404,3038,0
2641,0.09829411551307844,3039,0
3165,0.09809361592781578,3040,0
1988,0.09803565147227702,3041,0
537,0.09803565147227702,3042,0
84,0.09803074011751141,3043,0
2636,0.09798405345043294,3044,0
3138,0.09779051050150253,3045,0
241,0.09770670332663005,3046,0
2909,0.09761575082969817,3047,0
599,0.09719068608896228,3048,0
3608,0.09710128608183544,3049,0
3149,0.09688098053629231,3050,0
1309,0.09685973950101638,3051,0
1078,0.09683572692722492,3052,0
3752,0.09683572692722492,3053,0
3759,0.09679179212126222,3054,0
3540,0.09644708859233163,3055,0
1889,0.09640804399793607,3056,0
2291,0.0961553398465169,3057,0
251,0.09612965442966283,3058,0
1366,0.09612965442966283,3059,0
784,0.09598993757368773,3060,0
367,0.09592131721812318,3061,0
1187,0.09566386841309789,3062,0
2413,0.0955072314649994,3063,0
1003,0.0955072314649994,3064,0
1202,0.09532900471999027,3065,0
1296,0.09521691531403023,3066,0
1085,0.09513085531333258,3067,0
2283,0.09510369507702061,3068,0
3943,0.0950230984243862,3069,0
2940,0.0950230984243862,3070,0
1374,0.0950230984243862,3071,0
486,0.09488841326164518,3072,0
958,0.09488502243999654,3073,0
1268,0.09460684955842648,3074,0
1002,0.09459186950998923,3075,0
817,0.09443919886713037,3076,0
1483,0.0943795913118385,3077,0
3953,0.09424418982196407,3078,0
633,0.09418396108638907,3079,0
1950,0.09417354602613408,3080,0
725,0.09415031395628937,3081,0
1249,0.09415031395628937,3082,0
272,0.09392362999870801,3083,0
673,0.09368237510652427,3084,0
1981,0.09368237510652427,3085,0
170,0.09365947104292315,3086,0
3699,0.09344893394149771,3087,0
976,0.09344794784780927,3088,0
1853,0.09330589485235759,3089,0
128,0.093183457358236,3090,0
1089,0.09312525290752123,3091,0
2950,0.09297547172924424,3092,0
1575,0.09288277823883191,3093,0
3814,0.0927819613276013,3094,0
510,0.09245228143069208,3095,0
2861,0.09236223619163227,3096,0
870,0.09236223619163227,3097,0
525,0.09236223619163227,3098,0
2757,0.09230719317982171,3099,0
557,0.09212949635634828,3100,0
2628,0.09210683238107213,3101,0
1390,0.09196631856649862,3102,0
378,0.09194828214580382,3103,0
3524,0.09185801538502823,3104,0
2232,0.09180877712112176,3105,0
1441,0.09171405185247032,3106,0
2175,0.09148381864775389,3107,0
3926,0.09143710319396313,3108,0
3242,0.09138172709568274,3109,0
1696,0.09125703295399738,3110,0
2062,0.09113147359758499,3111,0
535,0.09105409463916571,3112,0
2767,0.09099850946680889,3113,0
110,0.0908303029046645,3114,0
3767,0.09071668484768693,3115,0
1567,0.09070171779143348,3116,0
3118,0.0904881070030148,3117,0
900,0.09047850501100406,3118,0
1307,0.09045788427724702,3119,0
756,0.09044046854484583,3120,0
1947,0.09006825201090149,3121,0
3128,0.09004297499846871,3122,0
2533,0.08996492908922095,3123,0
2036,0.08992706058911028,3124,0
2475,0.08983636181045924,3125,0
3899,0.08908296389135727,3126,0
2614,0.08883862694728384,3127,0
2109,0.08873778033739774,3128,0
1109,0.088706294139457,3129,0
376,0.0886769607078303,3130,0
1405,0.08864102764584705,3131,0
2258,0.08852638891104177,3132,0
2219,0.08818556278766976,3133,0
2340,0.08811823010973054,3134,0
186,0.08794019782049664,3135,0
2177,0.08770530012521952,3136,0
1211,0.08760970269107357,3137,0
2159,0.08743702517068097,3138,0
2667,0.0873622555936744,3139,0
3971,0.08728317066286645,3140,0
1675,0.08727422453048632,3141,0
3804,0.08719425313977167,3142,0
1330,0.08717920224426497,3143,0
2696,0.08711370973675657,3144,0
3797,0.08708301661765412,3145,0
250,0.08668832232641167,3146,0
1040,0.08662619276707004,3147,0
832,0.08642032143560736,3148,0
1092,0.08635219541785198,3149,0
3167,0.08630386915479903,3150,0
2923,0.08621659134902479,3151,0
428,0.08607279535148656,3152,0
1157,0.08604247548681908,3153,0
697,0.08587425019017024,3154,0
586,0.08576413215296837,3155,0
2120,0.08574380085861474,3156,0
1855,0.08556956212898158,3157,0
1421,0.08538424853549949,3158,0
3051,0.08536612136797182,3159,0
3243,0.08522073732267565,3160,0
1687,0.08516657076768173,3161,0
2681,0.08509941220614801,3162,0
317,0.08497292388252253,3163,0
2833,0.08484139674487673,3164,0
3393,0.08482625567191633,3165,0
1173,0.08467970124670549,3166,0
2157,0.08462350984787842,3167,0
3371,0.08461089536771466,3168,0
640,0.0845824677984608,3169,0
2287,0.08453892820227824,3170,0
1817,0.08429212798250542,3171,0
2882,0.08420948202060559,3172,0
3599,0.08419891874355621,3173,0
745,0.08400171255550423,3174,0
1937,0.08400171255550423,3175,0
587,0.08400171255550423,3176,0
284,0.08400171255550423,3177,0
2957,0.08397230452916798,3178,0
3023,0.08363558691118018,3179,0
1093,0.08360110446357838,3180,0
3896,0.0833192779641228,3181,0
3750,0.08314097544127762,3182,0
2351,0.08312178383017042,3183,0
2072,0.08297895194370394,3184,0
3300,0.08294700361929923,3185,0
672,0.08285102360465789,3186,0
614,0.08283546936850035,3187,0
1689,0.08273550347746836,3188,0
3875,0.08271920269631955,3189,0
304,0.08267719439171467,3190,0
226,0.08249431927172277,3191,0
3053,0.08240242962968311,3192,0
3982,0.08236458860587005,3193,0
2694,0.08234145560678177,3194,0
238,0.08231892273895404,3195,0
3580,0.0822847592719075,3196,0
3552,0.08225882111320908,3197,0
1830,0.08225325412573523,3198,0
785,0.08225325412573523,3199,0
3268,0.08223349712709492,3200,0
1414,0.08221170852749132,3201,0
3345,0.08218863865805912,3202,0
1125,0.08216741696442548,3203,0
1698,0.08216168098488828,3204,0
2210,0.0821342422800274,3205,0
853,0.0821342422800274,3206,0
1371,0.08205840794321874,3207,0
1172,0.08205369603320554,3208,0
3454,0.08195204367162792,3209,0
405,0.0818230476590874,3210,0
798,0.08176116115276569,3211,0
2848,0.08175480783321878,3212,0
1744,0.08173323156500314,3213,0
647,0.08169658325315897,3214,0
3977,0.08142881407265011,3215,0
821,0.0813401415934969,3216,0
259,0.08106979781897708,3217,0
2551,0.08101909762735254,3218,0
950,0.0809102437553732,3219,0
1359,0.08072735295550836,3220,0
120,0.08069810105832569,3221,0
1056,0.0805667104448749,3222,0
626,0.08055462492545357,3223,0
2400,0.08041405815149791,3224,0
2467,0.08041405815149791,3225,0
1995,0.08040438677757109,3226,0
3120,0.08026149044834255,3227,0
228,0.08021072391784094,3228,0
1722,0.0801090657674933,3229,0
2433,0.07984843298596608,3230,0
2406,0.07976471247579348,3231,0
2499,0.07973128725172202,3232,0
2777,0.07968796889566568,3233,0
109,0.07945042326888953,3234,0
551,0.07936378252433167,3235,0
1348,0.07935674667118868,3236,0
1218,0.07917175439410064,3237,0
1432,0.07910701455101085,3238,0
593,0.07905324462341998,3239,0
423,0.0787268475456146,3240,0
3170,0.07870444891815473,3241,0
709,0.07869840529776762,3242,0
1349,0.07869840529776762,3243,0
3654,0.07869840529776762,3244,0
2394,0.07865186445753378,3245,0
2582,0.07864074772190872,3246,0
3980,0.07843661417936049,3247,0
682,0.07813418463761221,3248,0
2993,0.0781167623959215,3249,0
1231,0.07805212614331397,3250,0
42,0.07792152434877384,3251,0
2949,0.0778497697266339,3252,0
3734,0.07772368457756228,3253,0
476,0.077637213657886,3254,0
592,0.07760282500101745,3255,0
1075,0.07725798701321919,3256,0
375,0.07705093971282638,3257,0
3820,0.07693877332681874,3258,0
37,0.07691412821862785,3259,0
3123,0.07688982573609782,3260,0
710,0.07683403150991709,3261,0
1102,0.07680232543459586,3262,0
3286,0.07677058866383901,3263,0
1386,0.07675972635325405,3264,0
2726,0.07669780829399445,3265,0
752,0.07669780829399445,3266,0
2321,0.07656503733847513,3267,0
534,0.07652586918223077,3268,0
157,0.076308323751184,3269,0
74,0.0762403471943189,3270,0
1843,0.07608306248546307,3271,0
1552,0.07601598017362611,3272,0
871,0.07600223448074703,3273,0
2111,0.07597585025625703,3274,0
1663,0.07597585025625703,3275,0
2610,0.07597585025625703,3276,0
3825,0.07597585025625703,3277,0
1658,0.07588860821468257,3278,0
1802,0.07583640500329314,3279,0
3407,0.0758199001224402,3280,0
3238,0.07578021431714753,3281,0
2250,0.0757542142059185,3282,0
2647,0.07572864398287783,3283,0
645,0.07537745095014446,3284,0
3064,0.07529628697001972,3285,0
3245,0.07524683447995137,3286,0
2090,0.07517075580134085,3287,0
1239,0.07494019748562056,3288,0
2666,0.07483751757495664,3289,0
2121,0.0747598433324227,3290,0
3374,0.0744893294731951,3291,0
3309,0.07448537959288351,3292,0
1738,0.07437843966358283,3293,0
3249,0.07429858057665986,3294,0
1314,0.07420355506964185,3295,0
3541,0.07419736892544024,3296,0
2895,0.07415966177945349,3297,0
1358,0.07408172852807965,3298,0
38,0.0740704375538906,3299,0
79,0.07392430793560911,3300,0
1278,0.07375823620863171,3301,0
290,0.07375387287732545,3302,0
1463,0.07370627912896541,3303,0
2480,0.07370612173336209,3304,0
429,0.07346819554578934,3305,0
3033,0.07340818867361995,3306,0
2886,0.07332913562820018,3307,0
2885,0.07332913562820018,3308,0
1168,0.07332913562820018,3309,0
3564,0.07322956899023085,3310,0
2552,0.07321831967071223,3311,0
2458,0.07319073373813564,3312,0
831,0.07319073373813564,3313,0
2056,0.07305982793071311,3314,0
3314,0.07305982793071311,3315,0
404,0.07302650292689257,3316,0
122,0.07299106592369498,3317,0
666,0.07291735361793511,3318,0
3854,0.07289057680450513,3319,0
1654,0.07287135192057459,3320,0
2712,0.07274339176087752,3321,0
1148,0.07273842751923458,3322,0
126,0.07257856494175459,3323,0
3754,0.07249784991554334,3324,0
3879,0.07230476903629193,3325,0
1184,0.0722886112531868,3326,0
1863,0.07223435136762314,3327,0
3952,0.07221921802356202,3328,0
2164,0.07218987745677853,3329,0
3796,0.07214018820187353,3330,0
3327,0.07209070292971685,3331,0
3288,0.0720333938147615,3332,0
3385,0.0720333938147615,3333,0
1209,0.07197817782025939,3334,0
2327,0.07194534112485308,3335,0
1081,0.07193821043731151,3336,0
2826,0.071894031659833,3337,0
1680,0.07183853879017559,3338,0
2797,0.0716999368066395,3339,0
3453,0.07149026895661746,3340,0
2937,0.07142949279057151,3341,0
2928,0.07142949279057151,3342,0
569,0.07131814966780851,3343,0
3116,0.07117743502286228,3344,0
3322,0.07116469424274993,3345,0
205,0.07109795133343769,3346,0
598,0.07101309724011211,3347,0
2484,0.07093897183338353,3348,0
1803,0.0709314849843611,3349,0
240,0.07060290518654817,3350,0
2815,0.07045010226699233,3351,0
3876,0.07036674074260517,3352,0
1596,0.07033805522686076,3353,0
3818,0.07018128645833795,3354,0
2300,0.0701582208286665,3355,0
3261,0.0700173348750653,3356,0
2781,0.07001008397206271,3357,0
3433,0.06998341187644018,3358,0
368,0.06992215092603402,3359,0
3477,0.0699211646865686,3360,0
3214,0.06987235644057885,3361,0
3656,0.06986879705250199,3362,0
1344,0.06985414355623927,3363,0
3083,0.06976232168678322,3364,0
2570,0.0697026418976042,3365,0
2838,0.06966198537406294,3366,0
3951,0.0695956805268443,3367,0
350,0.06940986794082617,3368,0
245,0.06940454766991293,3369,0
2331,0.06934856423715866,3370,0
1360,0.06898805158692309,3371,0
48,0.06898805158692309,3372,0
1282,0.06893784272673001,3373,0
3367,0.06893728139915585,3374,0
134,0.06891260358507402,3375,0
3445,0.06883090239993955,3376,0
3107,0.068653653538868,3377,0
1440,0.06863408645690858,3378,0
2325,0.0686202267049321,3379,0
201,0.06848661177810841,3380,0
2488,0.0684571457799872,3381,0
1543,0.06819323973726389,3382,0
2806,0.06818680667063165,3383,0
176,0.06795936389054583,3384,0
1244,0.0677155172291231,3385,0
1636,0.06764710513137254,3386,0
820,0.06763585292481028,3387,0
2117,0.0676025322999531,3388,0
3178,0.06747254542901357,3389,0
1951,0.06736449245175304,3390,0
931,0.06735946517310262,3391,0
1342,0.06733657712761441,3392,0
3817,0.06728859883186113,3393,0
2687,0.0672691953840298,3394,0
1904,0.06724736432438974,3395,0
2029,0.06672274891559868,3396,0
1770,0.06671622112374213,3397,0
3215,0.06667974575567806,3398,0
1021,0.06666929180791897,3399,0
1204,0.06665083886704015,3400,0
143,0.0665946336644186,3401,0
2160,0.06652982281834165,3402,0
1,0.06632876214070844,3403,0
3786,0.06630189685866511,3404,0
3205,0.06630189685866511,3405,0
554,0.0662740453838221,3406,0
142,0.06614393029130392,3407,0
2173,0.06607758372944685,3408,0
1010,0.06592505187504503,3409,0
3307,0.06573488708416417,3410,0
547,0.06540419443570974,3411,0
319,0.06531353346017611,3412,0
3320,0.06531299945987715,3413,0
933,0.06531165454479988,3414,0
433,0.06528062374332222,3415,0
1115,0.06520437942177777,3416,0
344,0.06510485936799734,3417,0
2008,0.06507648291740914,3418,0
1530,0.06501650432422888,3419,0
1428,0.06497565411919132,3420,0
2282,0.0648622022250003,3421,0
2183,0.06477288198749169,3422,0
2607,0.06464040382265206,3423,0
1293,0.06460049100179453,3424,0
1821,0.06432363747746603,3425,0
2783,0.06432003067788634,3426,0
1844,0.06426593392779412,3427,0
3838,0.06417487137439383,3428,0
606,0.0640552669233285,3429,0
1410,0.06388705429188643,3430,0
642,0.06388705429188643,3431,0
2430,0.06388227898767816,3432,0
1978,0.0638529789346598,3433,0
490,0.0636435982014774,3434,0
3557,0.06354879100875914,3435,0
2550,0.06338705060752246,3436,0
1302,0.06302431944993021,3437,0
1461,0.0630040497433626,3438,0
868,0.06300359371959359,3439,0
2079,0.06292782310719265,3440,0
3247,0.06280789634825511,3441,0
3855,0.06269658945221386,3442,0
1984,0.06267551171282675,3443,0
3275,0.06253728319223203,3444,0
2961,0.06248692972575347,3445,0
1608,0.062469153342472654,3446,0
1442,0.06246369194039802,3447,0
3770,0.062180308914057354,3448,0
3617,0.06209339219571183,3449,0
2297,0.06194644834311567,3450,0
2093,0.06156360342910901,3451,0
3871,0.061355006656405704,3452,0
1561,0.06130561090638131,3453,0
2723,0.061234142046662283,3454,0
3386,0.061191620692086605,3455,0
1569,0.06109685233244146,3456,0
1066,0.06105001703440866,3457,0
1621,0.061010519720489084,3458,0
3440,0.06091678766439877,3459,0
299,0.060832467537903064,3460,0
3049,0.06083226321599414,3461,0
309,0.06068480850709966,3462,0
1273,0.060473526054930005,3463,0
266,0.06038028271403854,3464,0
3474,0.060375002923261485,3465,0
2795,0.06024146561567477,3466,0
1598,0.060230267347212534,3467,0
3391,0.06017808679757006,3468,0
2729,0.06016236707271251,3469,0
1606,0.06013854770124424,3470,0
2135,0.06003572019340278,3471,0
2708,0.059950007969416075,3472,0
637,0.05987154014237,3473,0
2422,0.0597344469397586,3474,0
2656,0.05960858216556109,3475,0
662,0.05958428515730222,3476,0
3073,0.0594315859416846,3477,0
2020,0.05933377679534454,3478,0
2705,0.059324748173318724,3479,0
1914,0.05921230988359566,3480,0
2450,0.05917133876897102,3481,0
3793,0.05904169141641861,3482,0
2593,0.05904169141641861,3483,0
3312,0.05864972367389846,3484,0
2549,0.05827903819354309,3485,0
3134,0.058184207174539475,3486,0
2983,0.05812274895626534,3487,0
543,0.05800723046364974,3488,0
1601,0.05799315772020749,3489,0
643,0.057952923490283234,3490,0
2529,0.05784183209378322,3491,0
3858,0.05784183209378322,3492,0
1825,0.057757881791739796,3493,0
2318,0.057638352960966054,3494,0
1389,0.057533515648932464,3495,0
2960,0.05753329625837209,3496,0
2736,0.05737540364272922,3497,0
2444,0.05735553193038084,3498,0
962,0.0572929605767096,3499,0
2339,0.05723970269491627,3500,0
538,0.05723970269491627,3501,0
2931,0.05720334998564338,3502,0
1065,0.05720334998564338,3503,0
3516,0.05717286824659106,3504,0
2459,0.05709607107704055,3505,0
2977,0.057085829556979946,3506,0
3276,0.056963591159364696,3507,0
2054,0.05693093071071159,3508,0
1815,0.05691818777675582,3509,0
2999,0.05687577494945367,3510,0
1553,0.05683394967088367,3511,0
1435,0.05683394967088367,3512,0
377,0.056784571595952966,3513,0
987,0.05674190554144184,3514,0
3461,0.05673161639390744,3515,0
1425,0.056688750030901104,3516,0
3426,0.056612793609545374,3517,0
2646,0.05657801881277458,3518,0
315,0.056575469145941644,3519,0
2802,0.056530417735881924,3520,0
769,0.05651468625500638,3521,0
11,0.05651468625500638,3522,0
3822,0.05641024492997481,3523,0
3160,0.05635344731944703,3524,0
59,0.05634837046818807,3525,0
3848,0.05606706228743569,3526,0
3003,0.056028394802022395,3527,0
1323,0.0560099367917688,3528,0
3728,0.055978740611082746,3529,0
3535,0.05586919117374147,3530,0
3530,0.05578662459869892,3531,0
1670,0.055705417295339094,3532,0
1949,0.055670808914105537,3533,0
3730,0.05566111646211684,3534,0
2627,0.05553135299046564,3535,0
327,0.05532477547683429,3536,0
3697,0.05522710657304198,3537,0
1487,0.05522699147263819,3538,0
2997,0.055202416376020746,3539,0
581,0.055024075131330535,3540,0
1113,0.05485191830429312,3541,0
140,0.054821270520002366,3542,0
1484,0.05477507971996558,3543,0
548,0.05474129585138107,3544,0
1534,0.05472828222281509,3545,0
3349,0.054726699185739,3546,0
3573,0.05458756744896174,3547,0
305,0.05455446197901478,3548,0
1548,0.05453010913725438,3549,0
677,0.054141162937458305,3550,0
2745,0.05403457813581811,3551,0
1252,0.05399311614883099,3552,0
3631,0.05398544434376484,3553,0
1476,0.05393790789073154,3554,0
1901,0.05393790789073154,3555,0
1357,0.05393790789073154,3556,0
934,0.05389703982643923,3557,0
1974,0.05387064391308965,3558,0
19,0.05379707134840601,3559,0
2363,0.0537168647289191,3560,0
3339,0.0536420044164564,3561,0
3693,0.05353844557896573,3562,0
3887,0.053482010292388055,3563,0
809,0.05346172505475141,3564,0
2313,0.05345097993564646,3565,0
3082,0.05326826528812595,3566,0
803,0.05320904637306533,3567,0
2905,0.053204353805048336,3568,0
2675,0.05318943865264074,3569,0
56,0.05312391935566555,3570,0
646,0.053068990168630245,3571,0
1943,0.05305219145744996,3572,0
2918,0.05298416279471063,3573,0
939,0.052959238756630646,3574,0
523,0.052914216633767275,3575,0
2398,0.052914216633767275,3576,0
3659,0.05254485255678972,3577,0
1565,0.05254485255678972,3578,0
1704,0.05250342672859302,3579,0
3494,0.052407685202838984,3580,0
135,0.05238108962787124,3581,0
234,0.0521550879771929,3582,0
664,0.052108849115117234,3583,0
2544,0.052104353449755426,3584,0
3585,0.05205843517291167,3585,0
1753,0.052037427393616636,3586,0
1353,0.05199621879665593,3587,0
1862,0.05194162440981106,3588,0
1162,0.0518949478254292,3589,0
2758,0.05185312277965237,3590,0
2619,0.05168373938060004,3591,0
3601,0.05147580772908663,3592,0
3869,0.05146622979597963,3593,0
2198,0.05145306691542604,3594,0
3768,0.05145306691542604,3595,0
872,0.05142820767383526,3596,0
1274,0.051376681023747504,3597,0
1721,0.05133856794643018,3598,0
3538,0.05130561885697967,3599,0
1316,0.0512470131442185,3600,0
3162,0.05120927678266164,3601,0
1556,0.05107036271299294,3602,0
520,0.05099215702458624,3603,0
1058,0.050905307993502374,3604,0
1920,0.050880141184494854,3605,0
2367,0.05080766773055871,3606,0
524,0.05067606640888694,3607,0
1155,0.05064573663808733,3608,0
3131,0.05043074443309063,3609,0
1983,0.050375407631934516,3610,0
2964,0.050318294833776575,3611,0
440,0.050218262803874175,3612,0
2338,0.049909103765892686,3613,0
106,0.049893364570280666,3614,0
3006,0.049872063678847445,3615,0
2520,0.049872063678847445,3616,0
3684,0.049872063678847445,3617,0
1504,0.04983483392129645,3618,0
1060,0.04979028704994497,3619,0
2600,0.04979028704994497,3620,0
2701,0.04969719614846331,3621,0
511,0.0494458311316285,3622,0
3606,0.049412781851134846,3623,0
2685,0.04939809224862558,3624,0
3886,0.049385155640966946,3625,0
990,0.04926289020372318,3626,0
1346,0.04894165189174954,3627,0
2510,0.04882278572750493,3628,0
1957,0.04860758164120217,3629,0
267,0.048565132855919034,3630,0
1571,0.04852226261001555,3631,0
2011,0.04838933384984853,3632,0
3211,0.0483105762252113,3633,0
307,0.04823090182217978,3634,0
1801,0.04807050053943585,3635,0
546,0.04800293376529355,3636,0
2358,0.04790105514495102,3637,0
496,0.04784385694449966,3638,0
2589,0.047590182900948914,3639,0
3666,0.047545143328793296,3640,0
3527,0.04753904482360263,3641,0
1419,0.04744889478545706,3642,0
1396,0.04741542478296124,3643,0
3344,0.047358445694457386,3644,0
3279,0.04735663115641312,3645,0
206,0.04727826492386579,3646,0
3805,0.04726349926644484,3647,0
949,0.04709114300540818,3648,0
2295,0.047036150201944224,3649,0
3252,0.04693950976148498,3650,0
160,0.04678370136083084,3651,0
2753,0.046632168861722216,3652,0
2904,0.04660944542685016,3653,0
2676,0.04652024947175492,3654,0
2271,0.046493523592471886,3655,0
1373,0.04620623804899127,3656,0
621,0.04607833347108511,3657,0
3225,0.04598405092056584,3658,0
1881,0.04588121433973481,3659,0
3712,0.045871931395007955,3660,0
3550,0.04585048065504595,3661,0
1064,0.04583577353091874,3662,0
2901,0.04572673729635543,3663,0
3311,0.04556793034144389,3664,0
3052,0.04556793034144389,3665,0
3173,0.04554222269700537,3666,0
2410,0.04553469067939304,3667,0
3991,0.04548887971780946,3668,0
826,0.045424066549345735,3669,0
98,0.04535315682665461,3670,0
3688,0.04534394862401378,3671,0
2096,0.04534133666840936,3672,0
1773,0.04524734275203132,3673,0
759,0.04517817544466319,3674,0
859,0.04508684831016643,3675,0
1264,0.045044340706560757,3676,0
3387,0.045044340706560757,3677,0
2021,0.04504330494755035,3678,0
3203,0.04502507745797537,3679,0
2246,0.0449627278141883,3680,0
3708,0.044945570248025445,3681,0
2438,0.04491770309225518,3682,0
3862,0.044817517159687056,3683,0
1578,0.04479658956088061,3684,0
1336,0.04479658956088061,3685,0
1659,0.044778234185860175,3686,0
1248,0.044639458467095175,3687,0
2044,0.04460577062820815,3688,0
3289,0.044541716948995315,3689,0
463,0.044487225595683015,3690,0
2794,0.04448105360066415,3691,0
1615,0.04443707082903658,3692,0
2825,0.04443707082903658,3693,0
1488,0.04439723945321263,3694,0
720,0.04434857414588308,3695,0
3213,0.044311842960785615,3696,0
29,0.044132299449337685,3697,0
3696,0.04407834543689685,3698,0
2278,0.04407834543689685,3699,0
2500,0.044010151807304526,3700,0
254,0.04392559506450775,3701,0
3725,0.0438904528096898,3702,0
2478,0.043816131530423345,3703,0
2637,0.04378767074810803,3704,0
3665,0.04371706403860915,3705,0
2721,0.04368108828437815,3706,0
16,0.0436757575844352,3707,0
1037,0.04366571441174696,3708,0
3593,0.04359342978707775,3709,0
195,0.043374105963114,3710,0
1669,0.0433381356273946,3711,0
3572,0.04330520072061891,3712,0
3711,0.04320692624877851,3713,0
3546,0.04320107503081207,3714,0
3956,0.043115232270268006,3715,0
722,0.04311185429415686,3716,0
816,0.04282623685754159,3717,0
1295,0.04275933401466002,3718,0
2837,0.04273887785832114,3719,0
1220,0.04273887785832114,3720,0
3037,0.04271600446741676,3721,0
881,0.04262361356986657,3722,0
1370,0.042608745198180746,3723,0
3022,0.04258448380563901,3724,0
2972,0.04253443018252296,3725,0
3691,0.0424624946374328,3726,0
2495,0.042440871008998356,3727,0
3847,0.04237663696891701,3728,0
1905,0.04232658779174561,3729,0
2672,0.04232658779174561,3730,0
70,0.04232658779174561,3731,0
3441,0.04232321522670696,3732,0
3683,0.04232321522670696,3733,0
3902,0.04232321522670696,3734,0
189,0.04221850640827547,3735,0
2355,0.04213188584047327,3736,0
3851,0.04199144113149362,3737,0
3964,0.04198356629672906,3738,0
779,0.041886401941831075,3739,0
2800,0.04177817575885988,3740,0
1025,0.04164731191479946,3741,0
3812,0.04162844125294442,3742,0
2796,0.041578606872553846,3743,0
2934,0.041547025366791314,3744,0
2004,0.04141132353759726,3745,0
887,0.04121856535987116,3746,0
1823,0.04114517812940143,3747,0
884,0.04113680359848195,3748,0
3611,0.041121999555600246,3749,0
438,0.04094518588557638,3750,0
91,0.04082707988838606,3751,0
1999,0.04071950246724832,3752,0
952,0.04065123063671504,3753,0
3930,0.04057566706166182,3754,0
3661,0.040455751456486354,3755,0
3762,0.040435659158158915,3756,0
451,0.040408189860332434,3757,0
1600,0.0403208758408073,3758,0
217,0.04027252681662059,3759,0
2332,0.04008338048596852,3760,0
3004,0.03999328352655813,3761,0
2548,0.03994243562919066,3762,0
2564,0.039884410041098724,3763,0
3763,0.039780499098037936,3764,0
3409,0.03977432812974909,3765,0
1707,0.039737506103170867,3766,0
1213,0.03967996982344063,3767,0
3457,0.039673909617836095,3768,0
1233,0.03955310466468729,3769,0
2835,0.039425764578552666,3770,0
2985,0.03941991160860315,3771,0
2470,0.03914673138203984,3772,0
2233,0.03913896091671545,3773,0
3462,0.03913468122710579,3774,0
1149,0.0389944999815074,3775,0
921,0.03839767113179479,3776,0
802,0.038362400394642344,3777,0
301,0.03825507035923473,3778,0
3640,0.03820977459241538,3779,0
849,0.03818780933203185,3780,0
2393,0.03816799702066909,3781,0
3830,0.03816089182559839,3782,0
625,0.03815861147488564,3783,0
3761,0.03798803119130011,3784,0
3396,0.03792802741462925,3785,0
1001,0.0378721725107557,3786,0
941,0.0378721725107557,3787,0
2743,0.03781197405419972,3788,0
2818,0.037575602748123944,3789,0
1757,0.03755156191252394,3790,0
912,0.037050338111499014,3791,0
3235,0.0369860507471589,3792,0
1985,0.03693575749860168,3793,0
875,0.03681943042650612,3794,0
3721,0.0367838196603575,3795,0
3256,0.036762457392504604,3796,0
2086,0.036754382945501166,3797,0
3200,0.036653834664383406,3798,0
1816,0.0365409129339371,3799,0
3969,0.036520078514422995,3800,0
3967,0.036490150833455456,3801,0
2590,0.036459499503702315,3802,0
1049,0.03629777805638986,3803,0
1640,0.036165467073033995,3804,0
3283,0.03609406924403866,3805,0
706,0.03607861035447829,3806,0
3394,0.03605132343368426,3807,0
3133,0.036036012645323766,3808,0
431,0.0359551512150646,3809,0
1915,0.03594094885431881,3810,0
3351,0.03585306283186923,3811,0
782,0.03578665993852686,3812,0
3406,0.03576317998643223,3813,0
2722,0.035704708287605566,3814,0
264,0.03561846666688991,3815,0
3143,0.03558258148551679,3816,0
2128,0.03551636061398879,3817,0
1434,0.03546196831548353,3818,0
1429,0.03540773395691344,3819,0
3978,0.035320756050854676,3820,0
1077,0.035304911676854255,3821,0
394,0.03528699080519735,3822,0
1953,0.035197531369522375,3823,0
3738,0.035017875978238015,3824,0
3063,0.03500864358531193,3825,0
1924,0.03499368284994509,3826,0
739,0.03493944066884897,3827,0
2513,0.03490277041851761,3828,0
566,0.03483758138058503,3829,0
2807,0.0348106823988759,3830,0
221,0.03477203165463048,3831,0
1964,0.034761185787182354,3832,0
2773,0.03475495914846062,3833,0
3269,0.03472755189018922,3834,0
2016,0.034725052720254064,3835,0
3278,0.034680648329764176,3836,0
5,0.0346649852595841,3837,0
343,0.0346035282064212,3838,0
1551,0.03456285318396014,3839,0
2525,0.0344654417474743,3840,0
2397,0.03445997493480389,3841,0
88,0.03440789156093117,3842,0
3523,0.03440290848723689,3843,0
1990,0.03438372182171751,3844,0
1547,0.03437727996204795,3845,0
698,0.034332194353455296,3846,0
2211,0.034144161947221294,3847,0
293,0.03398298594954659,3848,0
1327,0.033979448454142865,3849,0
72,0.03397807653640492,3850,0
3364,0.03390955949317654,3851,0
1449,0.03389247401827223,3852,0
1741,0.03387003521403721,3853,0
1605,0.03352191865198426,3854,0
712,0.0334708959992653,3855,0
2926,0.03346583018992479,3856,0
1912,0.03346583018992479,3857,0
594,0.03346583018992479,3858,0
1433,0.033393231736973276,3859,0
3925,0.033266929081923295,3860,0
1532,0.03324624638855482,3861,0
2776,0.03319844723361035,3862,0
2127,0.0331947731841699,3863,0
2788,0.03318248652889349,3864,0
3449,0.03315361482204553,3865,0
3543,0.033144881489946466,3866,0
2031,0.03312162200410696,3867,0
781,0.03301965487441414,3868,0
3038,0.03299232198577312,3869,0
3667,0.03284984157440221,3870,0
568,0.03281927026781141,3871,0
3539,0.032785252765725054,3872,0
1729,0.03269970945669214,3873,0
3164,0.03263973573564675,3874,0
2362,0.03259341712781827,3875,0
1219,0.03256095921103588,3876,0
2460,0.03256095921103588,3877,0
1832,0.03256095921103588,3878,0
714,0.03256095921103588,3879,0
2689,0.03253015195445223,3880,0
1041,0.0325153544751134,3881,0
2013,0.03248217310382814,3882,0
1067,0.03246175541091517,3883,0
3068,0.03235586938902983,3884,0
985,0.03228733893903018,3885,0
473,0.0322719123295317,3886,0
1879,0.03204249024765688,3887,0
3417,0.03203832572384855,3888,0
3742,0.03190742539011924,3889,0
26,0.03185759500664259,3890,0
1246,0.031775570750108485,3891,0
2226,0.031769539492801896,3892,0
2577,0.0317665946882562,3893,0
1903,0.03172842892052988,3894,0
1291,0.031716208428594184,3895,0
3554,0.03169373298423076,3896,0
485,0.03169373298423076,3897,0
743,0.03153117250033061,3898,0
3306,0.03149678435529349,3899,0
1332,0.03147611992944287,3900,0
2179,0.03146040992803022,3901,0
1362,0.031392230891744366,3902,0
1290,0.031357711715118586,3903,0
1742,0.03135524764041795,3904,0
1639,0.03132985551114996,3905,0
397,0.031270170467451376,3906,0
3700,0.031164030815047532,3907,0
3291,0.030974685259947194,3908,0
1497,0.03093775989972686,3909,0
1595,0.030865230608752816,3910,0
3159,0.030625562712566154,3911,0
2936,0.030625158381061664,3912,0
3680,0.030625158381061664,3913,0
71,0.030607996058074235,3914,0
657,0.03058157280168234,3915,0
795,0.030475272694581525,3916,0
1692,0.030427698783585085,3917,0
2411,0.030401536251131716,3918,0
1997,0.030335987128877334,3919,0
2190,0.030198745814042867,3920,0
3766,0.030133576396442697,3921,0
1489,0.030110301142616612,3922,0
2130,0.030064329043649172,3923,0
3191,0.02965899520954201,3924,0
398,0.029593156991734343,3925,0
3251,0.029585322914582535,3926,0
2507,0.029550872232487604,3927,0
1926,0.0293265875571322,3928,0
768,0.029193931834651438,3929,0
711,0.02915526192881833,3930,0
2498,0.029141322081418213,3931,0
1232,0.029092190945314178,3932,0
665,0.028990606536819737,3933,0
2024,0.02890628164800734,3934,0
3551,0.028619397176899153,3935,0
3635,0.02859509510921036,3936,0
1464,0.028575440852856578,3937,0
453,0.028570489716963354,3938,0
434,0.028538248468787143,3939,0
1733,0.028534892699533267,3940,0
2184,0.02835545617012232,3941,0
1804,0.028304046162520826,3942,0
2437,0.02828542268998905,3943,0
2255,0.028041372220819767,3944,0
3945,0.028007325043438367,3945,0
992,0.02798287174439398,3946,0
983,0.027930886121844332,3947,0
539,0.0279121108836393,3948,0
1006,0.02790018886217364,3949,0
2643,0.027867171994167737,3950,0
3520,0.027755188705560558,3951,0
481,0.02771688026077671,3952,0
2911,0.027671445862939122,3953,0
3929,0.02756812718160941,3954,0
3253,0.027512737281215654,3955,0
3906,0.02744295635070168,3956,0
3769,0.02740267958563812,3957,0
1111,0.027383767325022262,3958,0
1423,0.02718565619739221,3959,0
1459,0.027130856348695193,3960,0
3046,0.02702912029285128,3961,0
2944,0.02674733182334615,3962,0
257,0.026701237112012936,3963,0
458,0.026596460661619407,3964,0
1597,0.02641890219590951,3965,0
2063,0.02611766405852295,3966,0
656,0.02611594837830743,3967,0
2526,0.026079183395174878,3968,0
1379,0.025977326335210122,3969,0
3653,0.025781137535314677,3970,0
1495,0.02573076278151894,3971,0
604,0.02573076278151894,3972,0
2853,0.02573076278151894,3973,0
1683,0.02532343686578672,3974,0
2616,0.025133853050501354,3975,0
1035,0.025116826282957548,3976,0
355,0.02501908607750358,3977,0
2979,0.02489408133526464,3978,0
3502,0.02489343360917319,3979,0
3637,0.024876704150293118,3980,0
2631,0.02482149877842142,3981,0
654,0.02476006665259346,3982,0
1849,0.02475286650173979,3983,0
168,0.02455458071834812,3984,0
609,0.02443391572482894,3985,0
15,0.024162498465586324,3986,0
49,0.023960968690884994,3987,0
1700,0.023939108167629394,3988,0
1941,0.023864260048890133,3989,0
2307,0.023795309556765006,3990,0
3263,0.0237879258814233,3991,0
3171,0.023074418352189888,3992,0
2028,0.022756831215540108,3993,0
2874,0.022666467019910357,3994,0
300,0.022458622933955376,3995,0
3039,0.022458622933955376,3996,0
1842,0.022035016547499914,3997,0
1458,0.021407946498019848,3998,0
1749,0.020803975933221665,3999,0
2873,0.02015439154159852,4000,0
